0.25787,0.00726671,-0.201067,-0.53992,0.571118,-0.538338,0.512781,-0.32596,0.261465,-0.636149,-0.12389,0.365064,0.258304,-0.159822,-0.19244,0.159617,-0.453393,0.553139,-0.945875,-0.377711,0.092995,0.232646,-0.23425,-0.00109757
0.293374,-0.0298718,-0.947393,-0.197009,0.360625,-0.345074,-0.672092,-0.439101,-0.620302,-0.281858,0.504172,-0.394565,-0.1524,-0.0269024,0.095855,0.392582,0.177768,0.323364,0.630504,0.505774,-0.55405,-0.729592,-0.639453,-0.00989625
-0.536298,-0.408508,0.187055,-0.566302,0.349607,0.559002,0.254887,-0.103732,0.0907058,0.0155938,-0.257795,-0.764467,0.0150342,-0.237384,-0.303836,0.250611,0.0859428,-0.408114,-0.229291,0.924505,0.482469,0.0449118,0.0787603,-0.390723
-0.0400802,0.831021,-0.0778083,0.259848,-0.272817,-0.263483,0.360651,0.167691,-0.32599,-0.643562,0.734726,0.102047,0.0653008,0.554799,0.163174,-0.761253,0.346888,0.00453288,-0.802657,0.132402,-0.0447821,-0.603934,0.564083,0.73436
0.104696,-0.367373,0.345313,-0.0891657,-0.312305,-0.539464,-0.497941,0.238455,-0.492437,-0.322599,0.251582,-0.644723,-0.488904,-0.329602,0.105595,-0.413585,-0.226094,-0.242227,0.799866,-0.14108,-0.0759999,0.16834,0.498343,-0.553701
-0.249747,-0.363407,0.658237,0.146354,-0.181911,-0.274698,0.5038,0.294293,-0.744519,0.29861,0.617484,-0.242453,-0.0019791,-0.502245,0.213197,0.348887,0.524064,0.275408,-0.381383,0.778912,0.117138,-0.0978003,-0.382049,-0.507063
-0.0717416,-0.311678,0.378953,-0.0526077,0.1474,-0.108382,0.462089,-0.233557,0.19265,-1.04246,-0.185353,0.09905,-0.279816,0.292707,0.187362,-0.158022,0.011055,-0.581912,0.354078,0.775451,0.491972,0.279705,-0.297582,0.42035
-0.105623,0.49336,-0.21855,0.422644,-0.185912,-0.387235,-0.572488,0.405364,0.781901,0.27587,0.056665,-0.185174,0.163042,-0.671019,-0.460297,0.109846,0.212039,-0.681314,-0.062635,-0.421445,0.237414,-0.480063,0.179524,-0.277527
0.429828,0.293942,0.455601,-0.202284,-0.135358,-0.378998,0.652915,-0.353618,0.25975,0.221135,0.664872,-0.639413,0.0535448,-0.317814,0.634627,-0.42242,-0.314809,-0.183932,-0.350399,-0.500329,-0.287923,0.246382,0.204762,0.0825434
-0.867559,0.183405,-0.379494,-0.600307,-1.22536,0.205545,-0.710602,0.453553,-0.283103,-0.0225803,0.709985,0.18739,-0.341216,0.454047,0.23758,-0.185441,0.444804,0.486497,-0.525262,-0.0639527,0.104128,0.390431,-0.05674,-0.581093
-0.580147,-0.601765,-0.164862,0.39282,0.312359,-0.202007,-0.513349,-0.351738,0.107839,0.740448,-0.252106,0.37833,-0.45637,-0.538031,0.0940301,0.229726,0.148765,-0.676436,0.207706,-0.818837,-0.00184202,0.0347521,-1.01541,-0.104908
0.111175,-0.353693,0.174816,0.548646,0.36745,-0.16914,-0.577187,0.0567231,-0.148909,0.22878,0.178863,0.228735,-0.383272,0.0330318,-0.0617442,-0.0613234,-0.399507,-0.1944,0.114319,0.623363,0.105921,-0.42308,-0.37416,0.299785
0.0760286,0.305325,-0.0734525,-0.698355,-0.229728,0.0658767,-0.635585,-0.357544,0.239959,-0.472585,0.213945,-0.166805,0.128154,-0.856154,-0.450743,0.0607179,0.372703,-0.000492245,-0.599473,0.68924,-0.249456,0.170996,0.103999,-0.551928
-0.154357,0.0209442,-0.441461,0.785153,-0.675012,-0.247627,0.443232,-0.0852894,0.637317,0.486933,-0.400639,-0.0877612,0.728342,0.0970999,-0.250067,0.620657,0.339745,0.21763,-0.331819,-0.58492,0.253128,0.54877,0.496264,0.436042
-0.141762,0.016458,-0.153286,-0.0396341,-0.656912,0.0765113,-0.194394,-0.176175,-0.134495,0.118683,-0.627025,-0.149433,0.830941,-0.347244,0.26721,0.549373,0.0431897,-0.112923,0.741733,0.19502,0.249821,-0.131325,-0.0606393,0.482957
-0.125869,0.121002,-0.460713,0.714562,-0.239013,0.364111,0.149852,-0.36498,-0.153982,0.87472,0.0912526,0.297808,0.193389,0.979728,-0.297326,0.259755,0.215067,-0.348858,0.756137,-0.229794,0.232095,0.227197,0.564405,-0.0617601
-0.286238,-0.0415984,-0.2571,-0.679732,0.267816,0.157861,-0.373263,-0.0551482,0.302144,-0.399344,0.279106,0.376805,-0.294696,-0.695307,-0.0817403,0.306485,-0.0987699,0.0718611,-0.242741,-0.325265,0.313384,-0.515,-0.446436,-0.149452
-0.253399,0.447881,-0.350799,0.0612147,0.459068,-0.153207,-0.349523,0.477493,-0.522005,-0.297609,0.198678,0.448125,-0.379658,-0.69872,-0.00127876,-1.01007,0.0561182,-0.458488,-0.856132,-0.499575,-0.000494497,0.167617,-0.0949255,0.240522
-0.431715,-0.823745,-0.262759,0.512277,-0.398603,0.442755,0.26897,0.115468,-0.162414,0.47816,0.238114,0.459594,-0.203789,0.172371,0.389885,-0.0897361,0.272648,-0.0276442,-0.285562,-0.141484,0.695906,0.070682,0.106266,-0.485623
-0.454701,0.316491,-0.489555,-0.845062,-0.0721542,0.393308,-0.0343225,0.406966,0.276967,0.539927,-0.540409,-0.0545651,0.204222,-0.205041,0.0634812,0.170435,-0.412238,-0.264942,0.0847365,0.623996,-0.183073,-0.532319,-0.42678,0.918159
-0.647002,-0.444402,0.300831,0.493459,-0.0207371,-0.0487681,-0.723146,-0.487856,-0.300647,-0.194411,-0.402773,-0.643955,-0.237704,0.329285,0.284763,0.114902,-0.527061,0.102104,-0.58371,0.188583,-0.02912,0.199505,-0.12741,0.419239
1.04325,-0.242889,0.541255,-0.0466676,-0.610926,-0.496381,0.234972,-0.335268,0.154942,-0.249822,0.0183602,0.0763155,0.191326,-0.103752,0.0369286,0.352665,-0.338824,0.691497,0.0488275,0.826529,0.33234,0.012158,0.52647,0.376165
-0.529861,0.149287,-0.214567,0.0274662,0.538901,0.759998,-0.29812,0.484067,0.24454,-0.110322,-0.474064,0.72518,0.245554,-0.109034,0.213623,0.195891,0.00814629,0.423121,0.0711644,0.191937,-0.1532,-0.171569,-0.0562368,-0.235423
-0.816074,-0.0612497,-0.503792,-0.746524,0.367837,0.0401649,-0.217761,-0.241862,-0.672699,0.242969,0.653763,-0.28027,0.186243,0.765709,0.19612,-0.96364,-0.108586,-0.614459,-0.101882,0.216248,-0.517999,0.0377864,0.0246142,-0.0837674
0.0479141,0.345077,0.100978,0.0891382,-0.189225,0.505815,0.469455,-0.515772,-0.143979,-0.224238,0.18784,-0.208539,0.0459015,0.298447,-0.0791563,-0.163128,-0.241091,-0.390356,-0.208654,0.416132,0.425437,0.0129599,-1.14643,0.539307
-0.450936,0.0433327,-0.317018,0.51464,0.00775602,-0.248241,-0.249352,-0.339186,-0.0814261,-0.69778,0.221832,0.331607,-0.181595,0.0102821,-0.140786,-0.0818749,0.00746925,-0.15546,-0.366335,-0.81712,-0.233432,-0.121193,0.495634,0.103281
0.460195,-0.175986,0.464001,-0.761706,-0.359574,-0.113662,0.333384,0.238124,0.408576,0.612782,0.950396,0.365851,-0.176094,-0.44034,0.701854,-0.152297,0.209779,0.307637,0.0916124,-0.268994,0.0767314,-0.489459,0.0652946,-0.115794
-0.384741,0.450268,-0.0401938,0.626833,-0.567298,0.371849,-0.0856066,-0.0623051,-0.469707,0.335439,-0.599208,0.408229,-0.0668612,-0.0887119,-0.0545801,-0.128996,0.364154,-0.479745,0.365294,-0.519567,0.535847,-0.298698,-0.9885,0.095374
-0.0129844,0.380324,0.0921652,0.552372,0.0437577,-0.464189,0.408839,-0.36312,0.63204,-0.52653,-0.190535,0.596668,-0.489508,-0.505546,0.121956,-0.397146,-0.0189716,0.598583,-0.604846,0.306701,0.376409,0.441167,0.104667,-0.330291
0.748086,-0.215902,0.445026,0.13519,0.60853,-0.15667,-0.136317,0.243144,-0.788074,-0.184428,0.287115,0.182972,-0.31901,0.102774,-0.349242,0.338686,0.320998,0.203841,0.19068,-0.583766,0.175407,-0.489911,0.0769081,0.541735
0.105388,0.153254,0.190314,0.0705127,0.0147826,-0.844991,0.223765,-0.366253,0.27426,-0.380039,-0.229869,0.194081,-0.899186,0.0544006,-0.626935,0.00191028,-0.157787,-0.13822,-0.231125,-0.33043,-0.556027,-0.300088,-0.263595,-0.278123
0.642876,0.307132,0.18058,-0.0935503,0.231949,-0.0457604,0.0585112,-0.300151,0.43272,-0.253951,0.62513,0.631808,0.0201265,0.277982,0.187991,0.572561,-0.237077,0.0271886,0.772217,-0.185916,-0.493653,0.262249,0.278318,0.390592
-0.251193,-0.111923,-0.326649,-0.674025,-0.867151,0.232956,-0.20988,0.355692,0.157799,-0.152263,-0.397275,0.44346,0.0352767,-0.311231,0.427151,0.31596,0.109745,-0.565703,-0.362568,-0.65239,-0.166339,0.29323,-0.0583269,0.71967
0.00767272,-0.0866141,0.476166,0.799652,-0.141047,-0.162155,0.140912,0.214685,0.10902,0.204878,-0.416168,0.625949,-0.49443,-0.0500053,0.401755,0.0106831,0.354201,0.518935,0.23652,-0.206607,-0.252577,0.150716,-0.07439,-0.281429
-0.0990304,0.837448,-0.722448,0.0504958,0.43982,0.198969,0.718241,0.0629231,-0.859589,0.267314,-0.0422402,0.231412,0.940202,0.161612,-0.00719778,0.698169,0.263149,-0.200811,-0.213594,0.837768,-0.346136,-0.122194,0.749571,0.333492
0.419997,0.7844,0.194332,0.0847839,-0.107784,0.780409,0.66954,-0.382483,0.427161,-0.189741,0.828058,-0.524299,-0.062484,0.514503,-0.677309,0.248013,0.642895,-0.151686,0.619532,-0.493959,-0.0379273,-0.23569,-0.478447,1.12266
-0.352781,-0.477849,0.149828,-0.903278,0.13544,0.0530034,0.177134,0.637207,-0.153052,0.130249,0.336575,0.278428,-0.563113,0.949007,0.0367645,0.647788,-0.420107,0.556922,-0.461272,0.0174794,-0.598548,0.174926,-0.60765,0.789106
-0.152443,0.107665,-0.625995,-0.279492,-0.114618,0.0128542,0.369395,0.636684,0.307655,-0.39574,0.615174,-0.487594,0.210333,-0.343158,-0.0675291,-0.185832,0.476821,0.0834021,0.0582241,0.574208,0.034471,-0.114691,-0.3903,0.72526
-0.134516,-0.400063,0.0245439,0.208206,0.234839,-0.260242,0.45814,-0.0286512,-0.398138,0.138522,0.369755,0.475282,-0.605626,0.0163006,-0.102175,0.0427588,-0.493465,-0.317154,-0.784919,-0.497029,0.385557,-0.259036,0.183938,-0.52692
0.606102,0.0397798,-0.799528,-0.0869372,-0.391947,0.183247,0.0948001,-0.387254,0.527082,0.112435,-0.542977,0.245383,0.464815,0.168184,-0.329197,0.648936,-0.934791,-0.111125,0.00644024,0.0787442,-0.0115449,-0.278364,-0.232219,0.559773
-0.429047,0.0158714,-0.292679,-0.510827,0.137965,0.167722,-0.337779,0.215852,0.0640608,-0.3324,-0.221323,-0.722318,-0.236003,-0.235196,-0.154375,-0.498639,0.00769663,0.297042,0.37079,-0.558332,0.24614,-0.236513,-0.350295,0.567119
-0.190421,0.0873923,-0.247594,0.213327,0.416286,-0.203693,-0.655235,-0.286421,-0.548128,0.188505,-0.0792507,-0.557178,-0.568312,-0.300834,0.199516,0.279086,0.592769,-0.494433,0.470969,0.244451,0.531964,0.179945,0.606209,-0.100984
-0.588937,0.0766984,-0.0602636,-0.500388,0.348593,0.0964474,0.706783,-0.368279,-0.263295,0.0533622,-0.247713,-0.311233,0.425162,0.151435,-0.316066,0.307958,0.29594,-0.162134,0.632287,0.315272,-0.687494,0.425305,-0.211193,0.176492
0.0693259,0.0054028,0.431201,0.653566,-0.556517,-0.456727,0.192289,0.448624,-0.0735233,-0.0329643,-0.486263,0.280649,-0.14166,0.606279,-0.169423,0.403211,-0.150495,-0.0668874,-0.491439,-0.757698,0.51535,-0.608793,-0.581753,0.237817
-0.211895,0.262616,-0.120173,0.509441,-0.426453,0.27995,0.369041,0.0634256,-0.494836,-0.160884,-0.579113,0.282294,0.254294,-0.795144,0.217961,0.0267243,0.345559,-0.132195,0.556987,-0.460233,0.524159,-0.444727,-0.982019,-0.0869529
0.538396,0.167452,-0.131099,-0.142729,0.415966,0.0781484,0.362323,-0.0518058,0.448598,0.366785,0.265023,0.112184,-0.366593,0.266663,0.370627,0.0313806,0.731862,0.224733,0.468607,0.492625,-0.321843,-0.438797,-0.179526,0.203282
0.804293,0.0746927,-0.524119,0.525269,-0.717176,0.0711235,-0.186458,-0.308116,0.185388,0.235345,0.251287,0.129917,-0.323686,-0.235036,-0.519693,0.291898,0.866095,0.79648,0.127281,0.00985827,-0.116225,0.381683,0.0887012,0.0350955
0.539798,-0.712855,-0.0190165,0.519299,0.327451,-0.0727881,0.182227,-0.353959,-0.56331,-0.507065,-0.352171,-0.11596,1.00816,-0.396474,0.775179,-0.642973,-0.495538,0.438172,0.44286,-0.245415,-0.344726,0.776578,-0.378593,0.0201875
-0.316815,-0.201644,0.520349,0.444913,0.388749,0.318132,0.844947,0.762973,-0.229585,0.0602253,-0.0150481,0.477819,0.276963,0.412526,0.579368,-0.528507,-0.214049,-0.276209,0.0454398,0.610893,-0.118852,-0.317938,-0.121903,0.143474
0.498999,0.244841,-0.244796,0.0414414,0.605243,0.259237,-0.162285,0.159427,0.373734,0.215175,-0.0411704,-0.130562,0.00478714,-0.420516,-0.125459,0.0849389,-0.288491,-0.0106611,0.07677,0.55549,0.450261,-0.328365,0.342973,0.607667
-0.495774,-0.106344,0.489279,-0.248614,-0.304304,0.291493,-0.352852,0.344957,-0.599825,-0.172358,-0.299032,-0.953827,0.0473423,-0.352767,-0.838664,0.210176,0.436545,-0.494879,0.251638,0.246204,-0.107121,0.229623,0.454911,-0.403704
-0.299858,0.0176593,0.0973059,0.0799491,-0.275841,-0.194033,0.702215,0.400295,-0.461593,-0.000793678,0.0854909,-0.0639822,-0.482097,0.411514,0.272989,0.590529,0.533635,0.687929,0.605011,0.158747,0.209651,0.443841,0.591353,0.491281
-0.234645,-0.802097,-0.0479324,-0.245793,0.363226,0.800025,0.0337866,-0.381412,-0.399186,-0.429061,-0.300409,0.40946,-0.058197,-0.0449261,0.398269,-0.307056,-0.188775,-0.436641,-0.0113432,0.119121,0.38303,0.929408,0.486228,0.892501
-0.0114515,-0.506124,-0.274431,0.956801,-0.350162,0.213516,-0.648856,-0.581041,-0.274802,-0.303421,0.241536,-0.504772,-0.0673497,0.183989,-0.461776,0.19865,0.0458604,0.306718,0.599333,-0.0350856,0.0100905,0.135582,-0.420246,0.809715
-0.429717,0.425431,-0.608546,0.567502,-0.340261,0.410718,0.588803,0.418094,-0.192514,0.0739625,0.234295,0.371798,0.510906,0.135501,-0.394282,0.073829,0.358476,0.842319,-0.610067,0.1877,-0.110581,-0.336909,-0.519129,0.0256592
0.191749,-0.265298,0.166262,0.4551,0.187648,-0.373249,0.217471,-0.0509698,-0.0211456,-0.540809,-0.113532,-0.0714296,0.111372,0.467873,-0.478859,-0.489413,0.620811,-0.518441,0.413582,0.254443,0.302437,-0.236014,0.562293,0.328538
0.365937,-0.0614312,0.0189228,-0.139902,-0.157725,-0.455073,-0.110258,-0.0242744,-0.211899,-0.251176,0.538413,0.347696,0.30582,0.0197868,0.77774,-0.414456,0.487455,-0.525579,0.863717,-0.691982,-0.448299,-0.249536,-0.628071,0.224063
-0.125856,-0.614148,-0.507638,-0.152864,-0.918326,-0.552644,0.795969,-0.365503,0.104075,-0.365118,-0.0967032,-0.45815,0.452127,-0.506705,-0.528039,-0.0633535,-0.288489,-0.392238,0.152015,-0.317782,0.0534436,-0.147501,0.0626367,0.266901
-0.223618,0.523333,-0.216262,-0.284413,0.392633,0.0262087,-0.472565,0.27325,-0.152786,-0.241016,0.244539,-0.404081,-0.0775807,0.536611,-0.227373,-0.834983,-0.201935,-0.513962,-0.0204751,-0.819465,0.409397,-0.457419,-0.301234,0.404517
0.134976,-0.0598339,-0.512556,0.889774,0.178654,-0.431324,0.335886,0.854343,0.400297,-0.514665,0.430556,-0.27728,-0.359511,-0.342782,0.0440261,0.448932,-0.344236,-0.505507,0.812193,0.335181,-0.0350665,-0.340491,-0.509797,0.338783
-0.239141,-0.714189,0.532658,-0.0699344,-0.150744,0.102886,-0.206774,0.468847,0.604136,-0.824785,-0.041391,-0.176991,-0.374224,-0.231819,-0.217311,-0.0948495,0.364079,-0.441629,-0.00743065,-0.800068,-0.14523,0.371498,-0.252795,0.037168
-0.877382,0.392669,0.34534,0.308874,0.0888549,-0.124302,-0.456002,-0.216527,-0.197411,-0.260101,-0.103557,-0.308409,-0.0595865,0.533774,-0.270548,0.344031,-0.739895,-0.1132,-0.0621657,0.567125,0.458269,0.104487,-0.776818,0.139666
0.295876,-0.117615,-0.0300113,-0.483976,0.307542,-0.0918254,0.471985,-0.218087,0.608097,0.304429,-0.31727,-0.0511488,-0.287812,-0.249754,-0.0289811,0.469954,0.326569,-0.105371,-0.744033,-0.242017,0.118612,-0.155296,0.0422163,0.0663958
-0.250783,-0.384143,-0.410652,-0.404919,-0.57614,0.133921,-0.573181,-0.276615,0.224507,-0.647476,-0.319458,-0.831149,-0.141155,-0.346193,-0.0933697,-0.636036,-0.0868271,-0.470823,-0.159827,-0.596144,-0.414506,-0.935374,-0.446126,-0.0386872
-0.666196,-0.395122,-0.312575,-0.459089,0.348587,-0.214041,-0.18033,0.474225,-0.553919,0.433769,0.516214,-0.0480973,0.261157,0.528518,0.65875,-0.374022,0.524943,-0.356759,0.138481,0.35332,0.445765,0.379281,-0.332723,0.358522
-0.42817,-0.49755,-0.0540709,-0.184437,0.443266,-0.0197794,-0.0640292,0.015113,-0.762983,-0.149111,-0.703013,0.280299,-0.303167,0.515214,-0.265949,0.412129,-0.320461,-0.881876,-0.00916338,-0.0293409,0.00594172,0.381331,0.0851175,0.0816723
0.324465,-0.183028,0.263274,-0.45542,-0.340272,0.262259,0.640657,0.0917203,0.121739,0.820481,0.364336,0.288418,-0.0391781,0.800759,0.630388,0.713366,-0.56101,-0.47399,-0.274625,0.729544,-0.643054,-0.415809,0.183922,0.00737371
0.470434,0.18738,-0.463846,0.0359726,0.282246,0.446615,0.37,-0.399758,0.155085,0.149385,0.414739,0.559346,0.207474,0.3551,0.952185,0.519989,0.0278408,0.0999766,-0.179522,-0.0382838,-0.368424,0.216526,0.0203222,0.635135
0.0559794,0.0454385,-0.459739,-0.244157,-0.103986,-0.65583,-0.387601,-0.358908,0.114888,-0.23304,-0.787929,0.682336,0.415813,0.0568237,0.192301,-0.123116,0.13745,-0.130904,-0.625668,-0.146463,0.234076,0.41505,-0.0375581,0.087091
0.31391,0.458794,0.178192,0.738539,0.919281,-0.182336,0.513458,0.221265,0.487518,0.216894,0.353002,-0.0389153,-0.318282,0.445303,0.32345,0.703912,-0.114124,0.0958111,0.965522,0.36612,0.124497,0.825047,0.345202,0.742232
0.288545,-0.40879,0.349324,-0.691367,-0.454589,-0.218064,-0.382396,0.253238,-0.378328,0.0873289,-0.738558,-0.568617,-0.159662,-0.132066,-0.634166,-0.155927,-0.874897,-0.0105604,0.156721,-0.422806,-0.163105,-0.402442,-0.46237,-0.507984
0.281724,-0.84997,0.0684154,-0.554806,0.310846,0.752154,-0.265907,-0.0731525,0.0739951,-0.125772,0.197067,-0.477481,0.151955,-0.474564,0.226015,0.7454,0.409905,0.307601,-0.500027,-0.421664,-0.51944,-0.134054,0.516309,-0.0921632
-0.123061,-0.483467,0.395667,0.197584,0.288446,-0.206693,0.229893,-0.0320396,0.391748,-0.251293,-0.652454,-0.712235,0.291531,-0.144898,-0.538547,0.162239,0.108414,-0.461142,0.101986,0.290464,-1.18657,0.155411,-0.0995038,0.0193605
-0.478567,0.0486012,-0.330293,0.347972,0.556937,0.403621,-0.100399,0.102753,-0.293985,-0.482059,-0.0145665,-0.166047,-0.229607,0.43704,-0.44858,0.129455,0.182382,-0.131442,-0.370647,-0.578369,-0.368834,0.0618821,0.507894,0.716876
-0.566465,-0.0307682,-0.617662,-0.287567,0.325278,-0.557784,0.337353,-0.201657,0.316748,0.0346103,-0.0220264,0.170346,-0.0751779,0.219248,0.236599,-0.600257,-0.123463,-0.0153155,-0.0992985,-0.0630816,-0.026535,-0.0900924,0.822691,-0.461825
-0.266005,-0.474094,0.248573,0.18169,-0.0904274,-0.141517,-0.143881,-0.552708,0.00111088,-0.00260467,0.698444,0.196379,-0.210309,-0.131503,-0.210253,-0.184971,-0.318774,0.466705,-0.14141,0.310325,0.00655211,-0.536608,0.724842,0.476721
0.189501,-0.354829,0.26918,0.55003,-0.828337,-0.164413,-0.325745,0.465025,-0.196711,-0.354546,0.0271987,-0.0191343,0.0363338,0.634236,0.32331,0.961257,0.664221,-0.202224,0.111766,-0.10158,-0.0880407,0.574947,0.444962,0.425586
0.601811,-0.0683679,0.111672,-0.311656,-0.554773,0.47964,0.161553,-0.0370846,0.224789,0.416787,0.193279,0.564588,-0.0239814,-0.303084,-0.102802,-0.266022,-0.104775,0.43983,-0.28697,0.476762,-0.216618,0.477084,-0.407941,0.473223
-0.356857,0.191755,0.655117,-0.179214,0.229019,-0.202591,0.0407527,-0.0644213,-0.368335,-0.126942,0.447083,-0.297366,0.180386,-0.641327,-1.01169,0.291139,0.0465408,0.0494054,-0.0307057,0.194622,-0.366121,-0.35774,0.0821946,-0.438961
-0.0856578,0.41301,-0.386061,-0.335121,-0.146114,0.491552,-0.508177,-0.471858,-0.313794,-0.15118,-0.587742,0.528396,0.340649,0.661014,-0.0285035,0.148154,-0.343112,-0.838061,-0.143514,0.128035,-0.554768,0.266928,-0.427647,-0.112875
-0.173582,-0.614779,-0.0408849,-0.191499,-0.056011,-0.4738,0.0121134,-0.510737,-0.0419801,-0.349302,-0.529792,0.229731,-0.48855,-0.441386,0.163959,-0.479877,0.167263,0.323467,0.267868,-0.0876694,0.54347,-0.444715,0.325995,-0.607686
0.816093,0.427268,0.189196,0.191795,0.409321,0.258504,-0.210678,0.121971,0.0467609,-0.175507,-0.156836,0.351736,-0.157041,-0.430214,-0.0566827,-0.108541,-0.378965,-0.164892,0.521565,-0.152371,0.832136,0.170555,0.146992,-0.349851
-0.103412,-0.193094,0.456478,-0.304793,0.250548,-0.413348,-0.648685,-0.520569,0.559953,0.232999,-0.445272,0.544152,-0.680874,0.00421944,0.13237,0.24187,-0.228368,-0.515783,-0.541967,0.0228091,-0.28872,-0.256383,0.290434,-0.188047
-0.0402919,0.944552,-0.272874,-0.469975,-0.294207,-0.157283,0.509289,0.437055,0.156673,0.0962915,0.678955,0.422734,0.844893,0.249878,0.254323,0.353637,0.710269,-0.158926,-0.787876,0.263258,-0.121999,-0.0857487,0.0588865,-0.195111
-0.187135,-0.165415,-0.467679,-0.0412939,0.278083,-0.0728962,0.352187,0.196249,-0.314271,-0.554897,0.678613,-0.225298,-0.647607,0.0231879,0.025568,-0.268554,-0.48923,-0.900323,-0.221151,-0.0328393,-0.142882,-0.537324,-0.254687,-0.480042
0.618197,0.211425,0.91428,0.495145,-0.188741,0.368758,-0.00379036,0.421315,0.298836,0.126392,-0.232326,0.231633,0.409118,0.698302,0.485322,0.587321,0.558636,-0.000603562,0.535621,-0.231053,0.420169,0.666135,-0.0335886,0.558665
-0.384895,-0.604101,0.278094,0.275332,0.0469583,-0.269433,0.0891787,0.299959,-0.47898,-0.652689,-0.251297,0.0603452,0.0546192,0.0126786,0.108918,0.243038,-0.426691,0.247335,-0.725148,0.278862,-0.561189,0.332046,0.0125841,0.475597
0.761097,-0.327711,0.0742572,-0.715604,-0.189509,-0.0637705,-0.607034,-0.498722,0.587106,0.31211,0.441713,-0.601213,0.0675299,0.412144,-0.232229,0.806578,0.159564,-0.613498,-0.310139,0.247866,0.503656,-0.220837,0.433916,-0.159655
0.142466,-0.586863,0.179226,0.5164,-0.237587,-0.382061,-0.133882,-0.0303186,0.331455,0.589617,0.26888,0.416112,-0.863605,-0.0639818,0.548315,-0.352945,-0.219932,-0.417844,0.125317,0.129566,-0.637093,-0.610471,-0.0345794,0.144577
0.200998,-0.0543864,0.533382,-0.163985,-0.222747,-0.127994,0.223662,-0.725231,-0.240419,-0.0175798,0.75824,-0.560841,0.319968,0.423557,-0.289859,0.0338581,-0.040406,0.357305,-0.117227,-0.045625,-0.415176,-0.154421,-0.679221,0.569154
-0.324847,-0.386041,-0.320229,0.0845284,0.181186,-0.225982,-0.644371,-0.253905,0.309216,-0.892978,0.0670335,0.0318509,0.250811,0.610477,0.183201,-0.610862,0.211853,0.46527,-0.33128,0.223815,-0.502964,-0.601974,0.116099,-0.747318
0.0783992,-0.140066,-0.315655,-0.229763,0.0582394,-0.031272,0.438602,-0.666713,-0.853537,0.347879,0.171055,-0.589848,-0.398234,0.447266,-0.493854,0.285233,0.281408,-0.615137,0.234239,-0.51055,-0.498915,-0.133307,0.139398,0.0332318
-0.721904,0.00336085,0.343303,-0.131136,-0.482777,0.643086,-0.298127,0.0928203,-0.113402,-0.423785,-0.586738,0.171686,0.455006,0.114984,0.114816,-0.00524136,-0.290704,0.0617622,-0.218054,-0.125636,0.378463,-0.190289,0.248519,0.356756
0.531244,-0.607448,0.363225,0.670323,-0.210785,-0.437259,-0.514969,0.0809332,0.277856,0.661454,-0.30089,-0.254631,0.393071,-0.216601,0.450193,-0.504629,0.330144,-0.145801,-0.287657,-0.209576,-0.0104617,0.0400744,-0.395018,-0.418792
0.264216,-0.274146,0.157337,0.276436,0.271073,-0.165716,-0.601499,0.322658,0.606196,0.571172,-0.363491,0.488252,0.211956,-0.160018,-0.762493,0.469018,-0.425958,0.197114,-0.419986,-0.118626,-0.145921,0.311404,-0.352659,0.341464
-0.378746,-0.125441,0.660226,-0.653799,-0.582223,0.0148457,-0.0530202,0.509484,-0.609709,0.0482449,0.110591,0.0203569,-0.0465413,0.100512,-0.119634,0.0296729,-0.190609,-0.0385825,0.365549,-0.459679,0.205767,-0.0446115,0.460979,0.610846
0.050635,0.629413,0.00778298,0.0333464,0.193295,0.565606,-0.660496,0.600882,-0.315628,-0.0774606,0.385585,0.193231,0.184088,-0.167844,0.63436,-0.236131,-0.346904,-0.00399956,-0.0133764,0.605836,0.608683,-0.307489,0.6194,-0.0625581
-0.720189,-0.116674,-0.137454,-0.821617,0.0185165,-0.117106,0.490694,0.048725,0.611198,0.346597,0.01075,0.181063,0.506247,0.338384,-0.282364,-0.0692981,-0.461882,0.244443,-0.342456,-0.420154,0.557495,0.282669,-0.137626,0.386422
0.677253,-0.180474,-0.0620221,-0.632889,0.0063708,0.20589,-0.329567,-0.112827,0.206824,0.521788,0.279695,0.261871,0.694416,0.295588,0.430754,0.0918817,-0.0900392,0.304677,0.0708304,-0.299934,-0.360383,0.294004,-0.430348,0.406279
-0.154152,0.118196,0.634272,0.423563,0.299178,0.373829,0.463996,0.709061,0.41652,0.22238,0.114637,0.523972,0.283325,0.7585,0.729013,0.0768468,0.310761,0.766541,0.378542,0.638926,0.455277,0.368681,0.106169,0.00993948
0.403236,-0.0962557,0.470479,-0.444907,0.534728,0.00628464,-0.730634,-0.452193,0.351553,0.177514,-0.26627,-0.785982,-0.595598,0.046146,0.592007,-0.525803,0.174122,0.1622,0.25289,0.0141417,0.577614,0.454144,0.195771,-0.17476
0.456565,0.136735,0.493378,-0.363489,-0.517738,-0.457117,-0.150051,0.469929,-0.438379,0.185601,0.589181,-0.187848,0.165065,-0.0890954,0.18915,-0.400106,0.115831,0.0935242,0.207762,0.145542,0.329369,-0.508666,-0.290331,-0.527955
0.0880225,-0.363819,0.157588,-0.0819782,0.272031,-0.0459512,-0.106711,0.167905,-0.136648,0.201896,0.770733,-0.123228,-0.307597,0.112004,0.0710211,0.267156,0.574793,0.47869,0.0720665,0.311275,0.172131,-0.0272568,0.505342,0.355743
0.721859,0.341474,0.105104,0.746242,0.46011,0.325304,0.54233,0.426471,0.637973,0.250245,0.345975,-0.231165,0.664415,0.750847,0.637685,0.630639,0.489453,0.210739,0.892676,0.799169,-0.251659,0.423274,0.682279,0.345495
-0.247442,-0.0069567,0.574799,0.729626,0.474614,-0.00847806,-0.364716,0.437574,-0.673128,0.230139,-0.448826,-0.471153,0.392959,-0.0448953,-0.761737,-0.484798,0.0703843,-0.0999319,-0.2035,-0.680304,-0.194829,-0.413951,0.524009,-0.0115817
-0.0905469,-0.539981,-0.180982,-0.435325,-0.226222,-0.256968,-0.668086,-0.42278,0.222002,-0.566496,-0.677769,0.494085,0.0670998,-0.870932,-0.33708,0.229415,0.31749,0.139058,0.499099,-0.427913,0.0149619,-0.588902,-0.230035,-0.343807
-0.165903,-0.520877,0.170169,0.205303,0.277515,0.101537,-0.390713,0.302816,0.309227,0.0433324,-0.256517,-0.331017,0.1182,0.643806,-0.430704,-0.129012,-0.0593328,-0.640503,0.385919,0.418945,-0.17567,0.0956132,0.162152,-0.328974
-0.302671,0.132234,0.504453,-0.0758578,0.110206,0.286103,-0.10056,0.703068,0.275454,0.631813,0.575249,0.260744,0.615719,0.653111,0.0901969,0.218939,0.00897074,0.394733,0.718108,0.213693,0.433921,0.0272005,0.619597,0.229333
-0.261438,-0.10975,0.230046,0.15068,0.301351,-0.194294,1.01886,0.383345,-0.516009,0.243964,-0.764085,-0.353169,-0.104024,-0.11407,0.788789,-0.185501,0.0192611,0.131881,-0.783853,-0.165432,-0.121992,-0.267632,0.583375,0.0774664
-0.0655106,-0.536968,-0.80983,-0.684926,-0.905194,-0.36538,0.4348,0.271235,-0.00770906,-0.596534,0.0646872,0.364519,-0.517338,-0.374764,-0.288855,-0.350211,-0.0836116,0.378239,0.256417,0.316376,-0.19869,0.31396,-0.0222942,0.10454
-0.153272,0.216013,-0.386972,-0.374478,-0.0793807,-0.59712,0.282868,-0.0158811,-0.549357,-0.25656,-0.485045,-0.468966,0.235965,-0.362029,0.13515,-0.296563,0.0326132,-0.401483,-0.32563,-0.304157,-0.0296111,0.0175299,-0.185151,-0.176267
0.240353,0.133251,-0.653732,-0.588508,-0.666263,0.404372,0.327879,0.0316989,-0.776613,0.0420345,0.102287,0.447609,-0.446572,0.28106,0.479976,0.108831,-0.640146,0.375953,-0.510495,0.331612,-0.469545,0.348945,-0.298066,0.338077
-0.211136,0.183464,0.473229,0.373478,0.252822,-0.235217,-0.235912,0.543668,0.0610535,-0.226864,1.01881,-0.114314,0.727008,0.0477876,0.317936,0.310977,-0.310017,0.1682,0.0198729,-0.388181,-0.272681,-0.235808,0.740385,-0.777075
0.604903,0.649052,0.34812,0.39692,0.672194,0.796268,0.40167,0.124214,0.118125,-0.176693,0.657205,-0.14167,0.237424,-0.217818,-0.0761519,-0.349815,0.578334,-0.207449,-0.238022,0.423777,0.193039,0.0478664,-0.145349,-0.218821
0.102111,0.259568,0.2569,-0.124417,0.00949833,-0.664777,-0.180107,0.270631,0.00679059,0.393915,0.485084,0.0145834,-0.0704322,-0.144631,-0.45191,-0.0220417,-0.645336,-0.302208,0.0265046,0.435887,0.404181,-0.466484,-0.109183,0.124454
0.521196,0.485793,0.0403209,0.11082,1.34211,-0.338329,0.548384,0.538635,-0.600854,-0.378906,0.493421,0.0501465,0.271423,-0.198951,0.642668,0.430982,0.269907,-0.250226,0.57155,0.31656,0.0998122,0.164778,-0.053316,0.575468
0.61685,-0.616262,0.426508,-0.0254616,0.286855,-0.125863,-0.163321,-0.386434,-0.239725,-0.152589,-0.170663,0.311849,0.455217,0.441042,-0.66557,0.208827,-0.247522,0.215177,-0.107731,0.388423,0.32772,0.403591,-0.350319,0.593206
-0.217764,0.911095,0.384431,1.29034,0.275136,0.00871957,-0.39462,0.467398,0.459793,0.298869,0.0376147,0.555084,-0.550624,-0.375489,-0.16282,-0.788894,0.180192,-0.0485695,0.312488,-0.0227606,-0.4427,0.032758,0.56377,0.557217
0.662003,-0.237558,0.765553,0.151578,0.2856,0.223435,-0.170238,-0.308919,0.190875,-0.60215,0.419682,0.39023,0.161925,-0.0594586,-0.222568,-0.798562,-0.305885,-0.170111,0.251991,0.694619,-0.065339,0.411528,-0.112551,1.04853
-0.238496,0.680607,-0.653617,0.323734,-0.261827,-0.0892966,-0.390199,0.220154,0.114059,0.556896,0.624917,0.0656391,-0.237152,0.103144,0.447913,0.757761,1.00074,0.496658,-0.013749,-0.702113,0.129097,-0.313585,0.197523,-0.164608
-0.0979331,0.274656,0.0973999,-0.557498,0.348822,0.371652,-0.0874038,0.00357582,0.0307011,0.24909,0.208251,0.449803,-0.0344353,0.597191,0.16015,-0.0757299,0.0304651,0.184506,0.290678,0.340356,-0.103292,0.164786,-0.16922,0.594944
0.752796,0.475812,0.0468913,0.897414,0.159097,0.547899,-0.373995,0.530901,0.0475843,0.0827114,-0.0893355,0.31017,0.292825,1.07073,0.349442,0.255396,0.918325,0.126519,0.328471,0.4621,0.703267,-0.0864492,0.579954,0.31148
0.197924,0.753298,0.673297,0.660763,0.445239,-0.0593615,-0.0481573,0.755413,0.106461,-0.142563,0.296894,0.0127268,0.384306,0.570281,0.299464,0.680942,0.521985,0.579677,0.0864693,0.425632,0.569867,0.121289,0.558708,0.317672
-0.533726,0.247755,-0.131106,-0.026296,-0.275033,-0.629191,0.539627,0.0455052,-0.432984,0.244235,-0.111249,0.245233,0.244314,0.175285,-0.448885,-0.281408,0.107957,-0.0134134,-0.0524913,-0.35058,-0.743179,-0.445133,0.408405,-0.182375
0.272809,-0.453343,-0.885095,-0.229369,0.36815,-0.583859,0.126012,0.086035,-0.673978,-0.0621223,-0.101625,0.590797,0.498985,-0.217357,-0.580806,0.749651,-0.0314914,0.546429,-0.667483,-0.304462,0.815214,-0.118495,0.0845697,0.731914
-0.700344,-0.371508,0.0599307,-1.0171,-0.0269724,-0.0803369,-0.556722,0.389647,-0.325389,-0.580505,0.392371,0.523437,0.4563,-0.828919,0.382082,0.0727784,-0.427705,-0.448811,-0.479362,-0.536271,0.137454,0.484817,-0.148696,-0.188666
-0.0804521,-0.027241,-0.0244659,0.102224,-0.760446,0.00891568,0.133848,-0.482592,-0.510157,-0.233902,-0.207473,-0.111796,0.0962162,0.294066,-0.334908,0.0504214,-0.152572,0.159364,-0.953996,0.483271,-0.192279,0.298323,0.0339929,0.150773
0.30691,-0.419402,0.877075,0.473294,-0.107561,-0.0154815,0.475835,-0.0129949,0.540773,0.486166,-0.0460148,-0.166432,0.103387,0.446479,-0.337198,-0.587427,-0.0253649,0.329122,0.172864,0.114239,0.609893,0.61298,-0.314408,-0.490711
0.614012,0.463207,0.554795,0.598031,-0.142232,0.708789,-0.185319,0.168364,-0.612247,-0.523451,0.0740303,-0.080729,0.729948,0.016534,-0.319741,-0.881035,0.639487,-0.2121,0.0170429,-0.54846,-0.582411,0.596404,0.391588,-0.457164
-0.398733,-0.142433,-0.437306,-0.951514,0.391284,0.51829,0.093265,0.105386,0.151171,0.149197,0.820664,-0.265515,0.428665,-0.339722,-0.0507717,0.217892,-0.285626,0.40226,-0.491261,-0.112175,0.0035429,0.793989,-0.040601,0.217422
-0.190057,-0.25633,-0.10918,-0.288864,-0.64844,-0.253066,-0.715751,0.896008,0.940126,0.338578,-0.235927,0.229606,0.183259,0.795649,-0.215889,-0.0319682,-0.148286,0.517814,0.412096,-0.472441,-0.370001,0.0920943,-0.438539,-0.311953
0.184758,-0.0142091,0.0787867,0.0772238,0.440865,0.0854031,0.140817,-0.138612,0.20389,0.371855,-0.828341,-0.26136,0.280148,-0.544271,-0.0761623,0.221044,0.0255596,0.0441176,0.047629,-0.617717,-0.0812309,-0.296149,0.711129,-0.134984
-0.527553,1.26205,0.599739,-0.273261,-0.276679,-0.0588987,-0.585661,0.118491,-0.224476,0.20549,0.303789,0.100374,0.0745367,-0.355981,-0.508973,0.282089,-0.267198,0.235088,0.0764201,0.131181,0.628144,0.013324,0.198409,0.322554
-0.221146,0.315049,-0.146418,0.014764,0.597463,0.452199,-0.348517,-0.415654,-0.759114,-0.785019,-0.305225,0.711434,-0.179992,0.791247,-0.075444,0.393945,-0.269496,0.120247,-0.285083,0.683965,0.231369,-0.0643804,-0.117403,-0.1928
-0.564151,-0.203404,-0.0671861,0.00740912,-0.316712,0.248045,-0.184534,-0.587408,-0.0361839,-0.548956,-0.655659,0.13736,0.126015,0.557466,0.43632,-0.340579,-0.194994,-0.375409,0.208673,-0.004485,0.0191493,-0.22277,-0.196441,-0.846634
-0.106767,0.0571333,-0.0230778,-0.168031,-0.0229506,-0.259153,-0.267214,-0.543825,0.314428,0.309222,-0.134085,-0.644816,0.271669,-0.509697,0.104044,-0.63389,0.722288,-0.791156,0.463103,-0.157688,0.207036,0.288348,-1.15984,0.328885
-0.979925,0.451108,0.544178,-0.521933,-0.424662,0.144336,-0.187118,-0.208872,-0.284574,-0.0803413,-0.245107,0.251374,0.165922,-0.582685,0.236428,0.349942,-0.368302,0.345415,-0.150153,-0.429508,-0.0900444,-0.557686,-0.493462,0.161981
-0.14184,0.202926,0.0234026,-0.37229,0.292976,-0.160544,-0.279184,-0.459225,0.911567,0.28158,0.232179,-0.173855,-0.206487,-0.532705,0.400538,0.239683,1.04677,0.401783,0.103426,-0.214731,0.32169,0.177392,0.0792466,-0.442683
0.39268,-0.360492,0.196131,0.275159,0.241808,-0.180163,-0.0617439,-0.317035,-0.729089,0.0366827,0.362854,-0.365694,0.206401,0.201002,0.200447,0.170142,-0.238991,-0.242506,-0.273128,-0.517397,-0.289774,-0.250606,-0.450463,0.0399015
0.253726,0.337183,0.325941,-0.520819,0.313189,-0.611863,-0.504477,0.343578,-0.42807,0.207707,0.0267465,0.208442,0.691005,0.103621,0.30698,-0.244881,-0.297737,0.21938,-0.0561841,0.200463,-0.363699,0.530158,0.153138,0.851753
0.294691,0.630207,0.487786,0.0591977,1.08078,-0.0692803,-0.3757,0.0739513,-0.036058,0.217422,0.55832,0.0427679,0.281612,0.340629,-0.284882,-0.474296,0.388065,0.109688,0.113949,0.363329,-0.104755,-0.0281539,0.405782,0.0946965
0.0132584,0.442022,0.317843,0.483719,-0.688498,0.146269,-0.571616,-0.719331,-0.0925092,-0.691903,-0.140859,-0.488532,0.380222,-0.104638,0.115604,-0.461201,-0.334455,-0.501463,-0.103436,-0.06883,-0.468629,-0.315278,-0.140952,-0.418855
0.557416,-0.0460696,-0.18783,0.219586,0.37689,0.295739,-0.565594,-0.139851,0.169745,-0.459836,0.319376,0.584168,0.0472324,-0.0260176,-0.0661691,0.0753636,-0.10789,0.0626578,0.790808,0.121825,-0.220403,0.341279,0.779985,-0.199012
0.309812,-0.348512,-0.0952865,0.280469,0.219846,0.146278,0.837517,-0.509575,0.422611,0.183618,-0.372912,0.303599,0.142948,-0.202925,0.589504,0.831072,0.300216,0.262086,-0.0173989,0.101906,0.210158,-0.314169,0.361805,-0.367316
0.60274,-0.462823,0.394911,-0.059833,0.202075,0.0185231,-0.361478,0.369928,-0.257631,0.308701,0.64104,-0.379812,0.27913,-0.0230027,0.037254,0.342108,-0.152961,0.101516,-0.340103,-0.10669,-0.0518762,-0.662034,-0.728438,0.663761
0.0788525,0.801728,-0.00872685,-0.265815,-0.212625,-0.0630477,0.632416,-0.160047,0.695669,0.0362987,0.249314,0.438329,-0.0507646,0.647508,-0.742645,0.566903,-0.089405,-0.252565,0.28009,0.641075,-0.248341,0.408874,0.531339,-0.37277
0.54316,-0.175417,-0.21018,0.0116757,-0.00935411,-0.00259974,0.257446,0.284212,-0.305186,-0.372453,0.44884,-0.00811875,0.584929,0.739887,-0.950813,0.563074,-0.158409,0.507826,0.946136,-0.571798,0.0564145,0.239763,0.729204,0.0520284
-0.28862,-0.1775,-0.496689,-0.383007,-0.665303,-0.378041,-0.797928,-0.61927,-0.40682,-0.107586,0.242824,-0.00586672,0.0147453,-0.0092741,-0.683399,-0.606185,-0.0544029,-0.0870774,-0.71183,-0.496734,-0.0894547,-0.603172,-0.280666,-0.67548
0.338655,-0.016241,0.747393,-0.0612671,0.175783,0.499724,-0.504186,0.108667,-0.159384,0.213954,0.0353438,-0.308497,-0.107316,-0.298889,-0.493028,-0.560852,0.0470091,0.183969,-0.817803,0.122274,-0.160751,-0.594809,-0.234466,-0.397139
0.480244,-0.356796,0.227403,-0.459885,-0.71331,-0.554743,-0.464707,0.0441417,0.238758,0.478466,0.495831,-0.158601,-0.2145,0.145081,-0.538619,-0.118837,0.244515,-0.0327051,-0.683215,0.285741,0.00320015,0.554112,0.64953,0.572615
-0.36409,-0.419018,1.29547,0.64096,-0.0809246,-0.124387,0.0542613,-0.234085,0.260765,0.391438,-0.219679,-0.0821059,0.727679,-0.160515,-0.785707,0.442658,-0.610899,0.411898,0.762948,0.297785,0.535275,0.508399,-0.463447,0.458118
-0.223599,0.410681,0.241708,0.412832,-0.546318,0.15078,0.346472,-0.165267,-0.0389739,0.152382,0.697915,0.139887,0.48664,0.376887,-0.75154,0.0597669,0.457034,-0.362453,-0.0870719,0.131819,0.386003,-0.455485,0.569257,-0.114593
-0.0894727,-0.272107,-0.294283,0.6489,-0.56923,0.827351,0.318387,0.270655,0.725583,0.0156856,-0.285868,0.34018,-0.115041,0.425419,0.61085,0.970665,0.488078,-0.37438,-0.474185,0.387679,-0.226056,-0.00850714,0.0855013,-0.305293
0.395682,0.0410856,0.119783,-0.370773,-0.107508,-0.147164,-0.387595,-0.0488305,0.0672071,0.191769,0.318365,0.646626,1.00042,-0.557169,0.0504614,-0.059757,-0.158526,0.24841,0.0045247,0.35191,-0.171003,0.63898,-0.287619,-0.330374
-0.717161,-0.190984,-0.193415,-0.593064,0.274261,-0.524443,-0.499104,-0.743613,0.0618936,-0.21222,-0.0407243,-0.214725,-0.693638,-0.432234,-0.0940973,-0.105107,0.329702,0.226345,0.27959,-0.141899,-0.145661,0.265733,-0.770177,-0.122494
-0.318575,-0.181307,-0.587978,-0.176072,0.49929,0.0597898,-0.181646,-0.339766,-0.397356,-0.496842,0.507936,-0.535623,-0.110374,-0.906507,0.233981,-0.205074,-0.652131,-0.0117653,-0.587095,-0.546469,-1.02218,-0.38547,0.32163,-0.295698
0.0544888,0.427801,0.58424,0.762173,-0.22135,0.456225,0.88707,0.446129,0.376197,0.348007,0.236752,-0.295726,0.419113,0.495148,0.301142,0.202608,0.0691929,0.0817423,0.60948,0.770477,0.399181,0.443178,0.769166,0.119012
-0.187425,-0.763592,-0.736571,-0.0717134,0.724691,-0.272353,-0.112568,0.100614,0.143473,-0.446268,-0.252839,-0.167087,-0.0518977,0.395018,-0.875587,-0.305663,-0.0469166,0.294337,-0.952967,0.421725,-0.477906,0.0919594,-0.348215,0.263475
-0.491094,-0.285347,-0.556319,0.364661,-0.742622,0.0536624,-0.0474921,-0.371262,0.0735337,0.0105187,-0.414808,-0.0791002,-0.116646,-0.447572,0.196439,-0.0430823,0.509593,0.339649,-0.38315,0.481853,0.522342,0.312433,-0.302546,0.661278
0.290628,0.0219857,-0.379796,0.227093,-0.619825,-0.0418182,-0.245844,0.616123,0.320748,-0.0992043,0.603199,0.386269,0.369462,0.113674,0.156896,-0.431227,0.918158,-0.381229,-0.497438,-0.167137,0.095819,0.531467,0.201556,-0.226786
-0.210519,-0.355845,-0.374903,0.368573,-0.749064,0.59859,0.54913,0.145725,0.0549937,0.189448,-0.620699,-0.61656,-0.0861443,-0.331151,-0.370331,0.0977915,0.429844,-0.167744,-0.31264,0.121232,-0.428646,0.423654,-0.471279,-0.988439
-0.862503,0.356854,-0.249649,0.303867,-0.140806,-0.209551,-0.723675,0.558619,0.497912,-0.0272824,-0.125549,-0.644152,0.855573,0.590685,-0.785807,-0.38434,0.097739,0.441511,1.28012,1.09646,-0.318612,-0.65293,-0.341591,-0.542971
-0.380642,-0.0251613,0.237397,-0.463209,0.670111,0.513774,-0.734341,0.0126098,0.340335,-0.138,0.273227,0.514035,-0.838706,0.0871285,-0.363073,0.533179,0.477775,-0.221946,-0.103085,0.423961,-0.339895,-0.225737,-0.731025,0.023007
-0.447326,-0.0787716,-0.266315,-0.269817,-0.272261,-0.352816,0.41528,0.569085,-0.00132587,-0.369325,0.0335723,-0.085127,0.104931,-0.341688,-0.317833,-0.481992,-0.536323,-0.334289,0.185418,-0.573599,-0.0082208,0.195022,-0.459377,-0.236335
0.753572,0.266205,-0.400422,0.0630456,-0.342343,-0.0183091,0.370586,-0.489211,-0.69584,0.622704,0.206198,-0.318331,-0.0698674,-0.53249,0.291213,-0.0712455,0.285234,0.277914,-0.0974765,-0.51301,0.58042,0.353817,-0.345031,-0.0424472
-0.0261489,0.525018,-0.544921,0.544383,0.18394,0.0292414,-0.292237,0.283764,-0.643992,-0.555656,0.335302,0.300135,-0.327309,-0.145485,-0.127336,-0.299588,-0.522658,0.308603,0.182674,-0.362801,-0.421708,0.551543,-0.417175,0.400159
-0.0238406,0.86299,0.429846,-0.134712,0.37391,0.34024,0.32495,0.241561,0.257878,0.466972,0.94353,-0.0682581,0.391093,0.702826,0.29628,0.472676,0.22989,-0.0013687,-0.264536,0.391306,0.685733,-0.39564,-0.096186,0.00475087
-0.0727203,-0.258607,-0.234283,-0.31108,-0.202023,-0.100476,-0.56777,-0.0686498,0.228946,0.0912266,-0.116452,0.208695,0.370673,-0.658067,0.157703,-0.65593,-0.246416,0.535845,0.245451,-0.243319,0.55548,-0.404754,-0.0825923,0.0668289
-0.218751,0.613424,0.212727,0.00294343,0.186733,0.256206,-0.206049,-0.265449,0.429069,-0.457841,0.374963,0.260761,0.256191,-0.0254766,0.267737,-0.517171,0.0649106,-0.634652,-0.489874,-0.458559,-0.288659,-0.379485,-0.178509,0.232352
0.937773,0.504044,0.202998,-0.550482,0.416479,0.381269,0.31566,-0.525488,-0.374932,0.527749,0.365919,-0.376831,-0.0178516,0.269598,-0.240246,-0.415709,0.0837697,0.16859,0.0839697,-0.218354,-0.319859,-0.186009,-0.988221,-0.234656
0.34323,-0.329719,-0.173409,-0.377913,-0.186328,0.0682292,0.248728,0.673558,0.256623,0.254852,-0.605147,0.313394,0.348244,-0.128969,0.261213,0.0307391,0.564956,0.2274,0.128784,-0.0914132,0.816102,0.404708,-0.547777,0.360508
0.307981,-0.58522,-0.217812,0.0428718,-0.232847,0.164805,0.045217,-0.518335,-0.451237,0.216227,0.427949,0.0906665,0.518048,0.157926,0.334163,0.183441,-0.672359,-0.16633,-0.259149,-0.0434807,-0.0315858,0.0126611,0.0845596,-0.238271
-0.421657,-0.317253,-0.532367,-0.683642,0.142214,-0.190517,0.182893,-0.611402,-0.942373,0.0639431,-0.712882,-0.635702,-0.0963791,-0.405313,-0.588271,-0.0663686,-0.412743,-0.419599,-0.765025,-0.387174,-0.299738,-0.111733,-0.885098,-0.224939
-0.298923,-0.0258493,-0.174409,0.701466,0.0946316,-0.314407,0.218452,0.0654437,0.0254319,0.358102,-0.24019,0.0413093,-0.199959,-0.559207,0.140437,-0.0988456,0.309059,0.420504,-0.42911,0.421493,0.604129,-0.117786,0.553297,0.237495
0.389153,-0.035177,0.0487652,-0.130694,0.255039,0.196205,0.742292,-0.518902,0.560804,-0.0393774,0.293902,0.271594,0.877283,0.0851132,0.646177,-0.239739,0.17011,0.471064,0.0538986,-0.259568,0.399517,0.0976522,0.697354,0.0958416
0.0834424,-0.167522,0.336334,0.134024,0.481865,0.168918,0.258989,0.38888,-0.23928,-0.618995,0.523679,0.408261,-0.305315,-0.240742,-0.0014985,-0.55508,-0.419564,0.393704,0.311941,0.40595,-0.349716,-0.0739901,0.450187,-0.213331
-0.303115,0.102924,-0.363122,0.0585067,-0.233013,-0.654376,-0.183288,0.145202,-0.391659,-0.502993,-0.068244,-0.473673,-0.175634,-0.397073,0.241231,-0.581008,0.122637,-0.296547,0.518545,0.0369955,-0.197683,-0.421581,0.247369,-0.24475
0.10684,0.205987,-0.0692476,-0.133585,0.0621324,-0.0557214,-0.47152,0.331301,0.325674,-0.459053,0.258037,0.348366,0.188393,-0.0582482,-0.0388613,0.601384,0.0308233,-0.395294,0.246727,-0.300449,0.645378,-0.145725,-0.458402,-0.620961
-0.241202,0.16833,0.367658,0.00844373,-0.304908,0.124515,-0.563232,0.381344,0.245906,-1.02942,-0.461326,-0.271799,0.407214,0.0377936,-0.176042,0.39757,-0.564527,-0.779009,0.22879,-0.212178,-0.0603268,-0.255875,-0.205867,-0.473872
0.347036,-0.291001,-0.256986,-0.202234,0.391423,-0.687315,-0.276766,-0.371027,-0.298842,0.363689,0.0273969,0.0180503,0.411547,0.0455213,0.448558,-0.00767299,0.232748,0.57848,-0.0239939,-0.200654,-0.855055,-0.209555,-1.15989,0.496143
0.0681411,0.603704,-0.0967943,0.0775202,-0.276105,0.0464427,0.598405,0.0101124,-0.932668,0.380178,0.375698,-0.728492,0.155384,0.185041,-0.36117,0.0190129,-0.655123,0.26571,0.213986,0.0420529,-0.0403929,-0.313589,0.528808,0.327897
0.675493,0.147992,-0.296466,0.532399,0.653793,0.257372,0.393583,0.0913895,0.348357,-0.0491317,0.385457,0.467405,0.754025,-0.0461624,0.115138,0.136044,0.429054,-0.158707,-0.0351456,-0.0553582,0.724623,0.512339,0.141151,0.434186
0.143955,0.694753,0.170537,0.424178,-0.507011,0.429454,-0.674986,-0.444439,0.118007,-0.00570037,-0.455178,-0.802069,0.0527319,0.345965,-0.0911646,0.34312,0.151318,0.363666,-0.156507,-0.0531326,0.208136,0.51926,-0.36664,-0.0617838
-0.566403,-0.786241,-0.163364,-0.569589,-0.862356,0.150364,-0.392908,-0.120585,0.0649473,0.187349,-0.246966,-0.0667023,-0.291855,0.438712,0.117481,-0.422117,-0.664606,-0.560934,-0.317955,-0.638611,-0.553134,-0.192414,-0.373297,0.564671
-0.273965,-0.605841,-0.218865,0.0594278,-0.0844865,0.764169,0.0685333,-0.272572,0.0441695,-0.374601,0.0651829,0.171475,-0.414473,0.60191,0.16812,-0.442341,0.177591,0.655162,0.742063,-0.000291553,-0.174266,-0.379225,0.0971607,0.332079
0.0737824,0.277213,-0.0267473,0.180584,-0.241348,0.250566,0.555709,-0.141582,-0.186742,-0.468401,-0.61755,-0.880031,0.315062,-0.10501,-0.370766,0.248858,0.48956,-0.845554,0.101145,-0.378106,-0.651496,-0.901468,0.180365,-0.423255
0.172731,0.65215,0.392462,-0.376698,0.990718,0.434736,-0.436188,-0.427294,0.790745,0.0748389,0.461028,-0.110085,0.871809,0.569264,0.196976,0.254265,0.275264,-0.0235535,-0.111219,-0.312051,-0.109524,0.210506,0.0866109,-0.311486
0.429966,-0.590075,0.242096,-0.625023,0.593149,0.19581,-0.297262,-0.296079,0.0453552,0.217244,-0.289988,0.144149,0.775054,0.368061,-0.245057,0.00102302,0.25697,-0.370421,-0.266918,-0.0729651,-0.0314862,0.409586,-0.306738,-0.116129
0.283848,-0.598956,-0.288167,0.406077,0.270604,0.149476,-0.431709,-0.546867,-0.0854002,0.319488,0.958523,-0.319679,0.0528797,-0.332533,0.0111864,0.609483,-0.433428,0.0486205,0.296528,0.264026,-0.213329,-0.0569661,0.519184,-0.563292
0.0406022,-0.280179,0.690875,-0.719207,-0.373295,-0.346179,0.614249,0.690939,-0.110695,0.927694,-0.176723,0.907133,-0.465947,-0.488345,-0.377019,-0.0662526,0.150473,0.534017,0.127521,-0.736883,0.35894,0.55633,-0.185174,0.372506
-0.19085,-0.34889,-0.482524,-0.769635,-1.36028,0.17662,-0.736326,0.483355,-0.274438,-0.104687,0.0646424,-0.311376,0.0648831,0.0727573,0.840677,-0.0584554,0.0312406,-0.586235,0.144323,0.29446,0.00885838,0.00435632,-0.158081,-0.594728
0.252798,-0.730958,-0.241541,0.0677881,0.393291,-0.407073,0.576575,-0.314087,0.303115,-0.0222832,-0.392663,-0.111269,0.0471248,-0.253725,-0.0518351,0.237185,0.464803,-0.563581,-0.265832,-0.358986,0.182672,-0.496689,0.311177,0.580689
-0.3459,-0.615408,0.187737,-0.177833,-0.159504,0.756759,-0.442541,0.294857,0.242673,0.0869454,0.263611,-0.123798,0.285301,-0.754234,0.805283,0.563151,0.169737,0.378986,-0.20692,0.170045,-0.304387,-0.194666,1.07943,0.717454
-0.0272976,-0.04809,-0.211913,-0.198017,0.181925,0.666179,0.0291032,0.475114,-0.520846,-0.557971,0.332359,-0.0143529,0.536001,-0.674161,-0.702597,0.0441489,-0.00958507,0.821463,0.246354,0.111137,0.155479,-0.0727126,-0.698423,0.29876
-0.284246,0.334779,-0.00480767,0.428488,-0.0775668,0.480046,0.474088,0.77666,-0.528765,0.271028,-0.150483,-0.709458,-0.0252216,-0.370715,0.175269,0.243686,-0.510754,0.0527211,0.526082,0.0781862,-0.622292,-0.0938723,-0.520716,0.283523
-0.581053,0.950492,-0.815918,-0.191281,0.718199,0.173676,-0.205287,0.576655,-0.436167,-0.2087,0.475006,0.0836049,-0.280505,-1.01364,-0.203223,0.275659,-0.0991767,0.336271,0.14652,0.169698,0.131581,0.202958,-0.217547,-0.256823
-0.307808,-0.754668,-0.661425,0.0257515,-0.0531499,-0.328656,-0.16335,-0.600193,-0.669545,-0.0194627,-0.600177,0.0996079,-0.692228,-0.515382,-0.376385,-0.275588,-0.608659,-0.283185,-0.306425,-0.251263,-0.552765,-0.58747,-0.118924,-0.724146
-0.109851,-0.663538,0.163908,0.63942,-0.245695,0.203247,0.0953545,0.322011,-0.316605,-0.611937,-0.367448,-0.384264,0.700074,0.0102383,-0.192394,-0.135406,0.0309115,0.458089,-0.0717702,0.453294,-0.37208,0.303365,-0.437798,-0.34455
-0.0208671,0.332177,-0.430101,0.0419999,0.348518,-0.106902,0.484156,-0.0118833,-0.00680677,0.15173,0.288965,0.0905949,0.673842,-0.324719,0.525881,0.412289,-0.115703,-0.130581,-0.3308,-0.740348,0.374309,0.364755,0.0852443,0.0325276
0.180533,0.239595,0.47202,-0.0208882,-0.353654,-0.196031,-0.590721,0.552752,0.548064,0.0898996,0.131467,-0.286495,-0.978454,-0.290523,0.236377,0.0923705,-0.632552,-0.268728,-0.488953,-0.209414,0.497434,-0.0389712,-0.122455,0.0155126
