-0.184916,-0.556266,0.303665,-0.650123,-0.100458,-0.71752,-0.606871,0.0492684,-0.888793,-0.0796854,-0.372406,0.287298,0.376868,0.2101,0.248898,0.34514,-0.754609,-0.685313,-0.754427,-0.55202,0.13479,-0.888437,0.139613,0.571228,0.387696,0.769692,0.11844,0.523599,0.278458,1.17966,0.0271436,-0.262646,-0.543039,0.45679,-0.167459,0.518644,-0.20265,0.272738,0.473519,-0.660726,0.207989,0.648789,-0.197103,0.794714,-0.359814,-0.600743,0.533891,-0.233776,0.205148,-0.0115634
0.234012,-0.213053,-0.333227,0.100979,0.641518,-0.435805,-0.176106,0.583898,-0.843587,0.0142322,-0.22095,0.210493,0.317025,-0.217244,0.50155,-0.158836,-1.07933,-0.112126,-0.0457695,0.72552,-0.0887283,-0.364934,-0.192082,0.533199,0.621116,0.286617,-0.836791,0.215657,0.455542,0.290107,0.503645,-0.026724,-0.281842,-0.0663202,1.03521,-0.150231,0.526351,0.152141,0.369554,-0.485531,0.0502504,1.07056,-1.16015,0.725841,-0.228409,0.50002,-0.793197,-0.407909,0.479603,0.169746
0.24719,-0.161536,0.420783,0.506465,0.406047,0.0492243,-0.86117,-0.739548,-0.288313,0.0716127,-0.493356,0.0928685,0.427217,-0.677319,0.260922,0.472971,0.924791,-0.633115,-0.562653,1.07131,-0.769141,0.456589,-0.732328,0.351662,0.736295,-0.0163417,0.00183131,-0.797572,-0.195063,-0.10443,0.0381499,0.452511,-0.35029,-0.0712311,-0.742646,-0.264625,0.353054,-0.487332,-0.0481811,0.475124,0.474915,-0.838421,0.641105,-0.0172362,-0.364774,0.659924,0.779724,-0.121996,-1.24082,-0.379409
0.0227803,-0.821665,-0.727184,-0.237625,0.287067,-0.279089,-0.522867,1.00979,-0.298012,0.147089,-0.229564,0.111689,0.00540059,0.514354,-0.0694972,-0.165281,-0.327793,0.021179,0.490438,0.704732,-0.127773,0.449586,0.0847661,-0.604322,0.0777837,0.0360221,-0.63801,0.126885,-0.42819,0.482319,0.0704975,-0.647635,-0.573756,0.153356,0.263326,0.0881766,0.455018,0.263643,0.569067,1.28026,-0.622084,-0.432806,-0.257527,0.671213,0.365584,-0.171702,-0.138632,0.0118705,-0.0319915,0.44405
1.12706,-0.805355,0.745363,-1.01139,0.641025,0.523107,-0.716376,-0.148644,-0.923789,-0.451178,-0.737464,0.367887,-0.134035,0.153233,-0.481631,-0.0911262,-1.1833,-0.693247,-0.649869,0.464974,-0.566019,-0.0312156,0.75854,-0.25158,0.68808,0.400325,-0.207131,1.09688,0.895993,0.97226,-0.146733,-0.517312,-0.79832,-0.773922,0.765289,-0.416169,0.183382,-0.355764,-0.261613,-1.41775,-0.781184,-0.250266,-0.506791,1.15762,-0.361179,-0.242143,-0.337954,-0.0443849,0.987916,0.534201
-0.903765,-0.254474,0.0928097,-0.5581,-0.0125872,0.703851,-0.0333152,-0.171535,0.806054,-0.228539,-0.130321,0.115692,0.385459,0.109408,-0.208105,-0.200533,0.121688,0.463255,-0.633119,-0.654852,0.279284,-0.90969,-0.0428232,0.271321,-1.56203,0.0247676,0.590999,0.0877353,-0.0113539,0.590834,0.370248,0.765733,-0.0714562,-0.042162,0.107647,-0.127618,0.323854,-0.434956,0.076318,-0.251561,0.211152,-0.329207,0.920552,0.728866,0.832181,-1.18976,1.03519,1.20665,-0.204261,0.342923
-0.785783,-0.845649,1.07361,0.0516432,0.524633,-1.18377,-0.106167,1.14745,-0.19206,-0.15918,0.108023,1.06661,0.256506,1.37388,-0.78253,1.19053,0.530522,0.81448,0.460983,0.700983,0.410613,-0.821828,-0.576162,-0.442684,-0.165988,-0.0709071,0.904752,0.489618,-0.167274,-0.0118439,0.520762,-0.0598547,-0.860001,-0.76955,-0.595339,-0.52724,1.02484,-0.53782,-1.50518,-0.543977,-0.823828,-0.604464,0.0275053,-0.474623,-0.144679,-0.00290118,1.23739,-0.327346,0.640495,-0.228254
0.0847487,0.716234,0.0347173,-0.374313,0.441324,-0.804852,0.0912968,-1.10533,-0.431613,0.0868926,0.039468,-0.0309629,-0.158485,-0.812097,-0.302756,-0.192566,0.681353,-0.0535857,-0.508584,0.0779502,-0.23745,-0.130604,-0.25494,-0.560446,0.192382,0.221621,0.325166,-0.447759,1.02651,-0.448572,0.372192,0.107161,0.10347,-0.460855,-0.663926,0.458349,0.906927,-0.526488,-0.856241,-0.761184,0.910593,-0.1123,-0.815504,0.39663,-0.189726,0.427937,0.532498,-0.0332511,0.139105,-0.661297
-0.392802,-0.691415,0.149169,0.883201,0.183117,0.616859,0.053676,0.582246,-0.206011,-0.0338396,-0.505957,0.0427697,-0.313824,-0.238303,0.251305,-0.0357115,-0.616935,0.190167,0.954534,0.241396,0.172556,0.401757,-0.646147,-0.299253,-0.19888,-0.594245,-0.340013,0.52511,-0.711716,-0.804563,0.0336522,-0.442606,-0.644596,0.143408,-0.0312839,0.566631,-0.442381,-0.0714206,-0.0253453,0.732137,-0.544965,-0.563277,-1.11017,-0.584044,0.10497,1.02324,-0.0622439,-0.239232,0.223435,-0.285596
0.790094,0.623836,-0.150254,-0.379305,0.566576,-0.709271,0.609534,-0.161851,-0.807904,0.0228498,0.888541,0.327599,-0.921254,-0.819348,-0.849436,-0.194197,0.0709182,-0.684079,0.0727061,0.728865,-0.327353,1.27588,0.848319,-0.473216,0.973388,0.472747,-0.271157,-0.17711,-0.214031,-0.18868,-0.317308,0.0463005,0.574102,-0.460172,-0.27253,-0.374658,0.258512,0.925328,-0.342895,-0.868034,-0.0178321,0.392529,0.0997645,-0.127952,-0.604603,-0.270107,-0.506301,0.073504,1.02121,0.371906
-0.75355,-0.0873691,-0.261149,-0.788426,0.395373,0.455628,-0.500349,-0.240694,0.305859,-0.125321,-0.478113,0.128594,0.681754,0.488316,0.581885,0.128117,0.849755,0.858062,-0.716079,-0.640718,1.10053,-0.521677,-1.51872,0.376223,-1.01241,-0.271956,-0.581084,-0.25164,0.284983,-0.514383,1.07421,-0.368718,-0.833387,0.124772,-0.382269,0.243064,0.732594,-1.23235,-0.137789,0.0495041,1.04817,-0.672748,0.419189,0.372321,0.040234,-0.664429,-0.0343096,-0.400478,-1.48966,0.0516427
0.0535024,0.554714,0.699619,0.0274878,-0.387697,-0.35764,-0.356837,-0.914973,1.02046,-0.182153,-0.341941,-0.181519,0.616542,0.452541,0.800943,0.162803,0.0118858,-0.0326665,0.839141,0.300737,-0.567219,-0.310124,0.0652175,-0.00466869,0.716012,-0.291228,0.26522,-0.631979,0.703954,-1.1984,-0.157035,0.0461348,0.871571,-0.333839,-0.341207,0.431895,0.735389,-0.621622,-1.15379,-0.442584,0.514254,0.426509,-1.1879,-0.309119,-0.121579,1.46321,-0.448112,0.206925,0.380922,-0.603065
0.313205,-0.359163,0.127743,-0.321372,0.590569,0.47473,-0.269986,0.0569368,-1.07595,0.489307,-0.284474,-0.502273,-0.412265,-1.35143,-0.913233,-0.455245,0.133857,-0.1237,-0.734581,0.997997,-0.229164,0.374466,0.308725,0.0148033,-0.0963812,-0.392778,-0.283557,0.247619,-0.407384,0.971171,-0.619914,-0.444084,0.100315,-0.3072,0.268522,-0.0358325,-0.581847,0.588506,0.823602,0.346495,-0.747651,-0.823898,0.944219,-0.221039,-0.500102,-0.323724,0.335732,0.473044,0.464705,0.458479
-0.33025,0.746783,-0.66865,0.398931,0.264219,0.54132,-0.0473195,1.49795,0.80106,-0.22846,-0.594128,0.705735,0.533131,0.341837,0.474431,-0.628045,-0.132105,1.20638,0.758879,-0.665296,0.416998,0.320931,-0.802179,-0.728405,-0.71426,-0.451475,0.620756,0.0619799,-0.343288,-0.46731,-0.292281,-0.052291,-0.153853,-0.238172,0.743606,0.718392,0.0562266,-0.404415,-0.262016,-0.173412,-0.0626935,0.105845,-0.0587867,0.0350582,-0.348092,-0.24613,0.00819322,-0.305885,0.522061,-0.216779
0.736187,-0.337898,-0.131369,0.824029,-0.203904,-1.56321,1.03235,-1.39611,-0.528997,-0.723683,0.422043,-0.786606,-0.48516,-0.429931,-0.125279,0.393012,0.193147,-1.33242,-0.231,0.646535,0.0256043,-0.639019,0.4725,0.551895,0.689581,0.79105,-0.868223,0.585874,0.171165,-0.307979,0.627025,0.92505,0.0748385,-0.284598,-1.31411,0.255718,0.406755,-0.03755,-0.7761,-1.61096,0.551945,1.16558,0.203979,0.187621,-0.0958933,0.523225,0.275467,-0.561623,-0.546112,0.482109
-0.265554,-0.325668,-0.493223,-0.510104,0.221279,0.396227,-1.30786,0.448736,0.354952,-0.575267,-0.896154,-0.417383,0.370905,0.484358,0.190775,0.148442,-0.301804,0.84621,0.0351939,0.101993,-0.171792,-0.698366,-0.606671,0.496415,-1.20615,0.3783,-0.146161,-0.361408,-0.242741,0.748219,-0.0722067,-0.222163,-0.746228,-0.0177733,0.637156,0.251338,-0.172863,-0.598019,-0.10511,0.825909,0.559497,-1.05226,0.47333,0.860745,0.197151,0.294595,0.694846,0.557621,0.358143,0.311257
0.195395,-0.505926,-0.10224,0.0850579,0.385195,-0.671893,-0.431444,1.61902,-0.0532392,-0.921151,-0.590975,0.711693,0.529378,0.0496312,0.00274492,-0.735098,-0.205218,-0.451471,0.271096,-0.141687,0.0337939,-0.262846,0.590059,-0.418833,0.665808,0.0778483,0.786373,0.397613,-0.404586,-1.00775,-0.102056,0.0313009,-0.319954,-0.103035,0.23626,-0.450297,0.605904,1.04481,0.462384,-0.0227259,-0.0248884,0.0432141,-0.198602,-0.680055,-0.787622,-0.12146,-0.582702,-0.0196533,0.896207,0.201324
0.364153,-0.468267,-0.0564524,0.651854,0.111174,-0.54458,0.00299575,0.433523,-0.230799,-0.144813,-0.345109,-0.230027,-0.677518,0.581175,0.363261,-0.240335,0.858865,0.262652,0.669522,-0.0525623,0.598767,0.331913,-0.664248,-0.177499,0.440196,-0.0905045,-0.250584,0.741265,-0.171529,-0.738037,-0.171048,0.266434,-0.32789,0.471909,-0.637068,-0.465602,0.0330778,0.28484,0.175893,0.145426,-0.210216,0.0447868,-0.232378,-0.339518,-0.416622,0.303886,-0.661495,0.126881,-0.441313,-0.367701
-0.335322,0.413983,0.239396,0.118288,0.0475974,0.1359,-0.0599068,-0.468628,-0.28643,-0.00666073,0.231381,0.394032,0.466537,0.446255,-0.164295,0.0958979,-0.0428776,0.944786,0.529786,0.921861,0.539978,-0.164707,-0.614176,0.054683,-0.59596,-0.307074,-0.56433,0.14355,-0.301898,0.233571,0.727822,-0.0682705,-0.338503,-0.109278,-0.00741493,0.209595,0.593665,0.346752,0.415275,0.505091,0.195996,0.0972132,0.445762,0.108602,0.461186,-0.846279,0.209931,-0.284235,-0.829303,0.333505
0.253097,-0.0316407,-0.300185,-0.0613617,0.501603,-0.0963747,-0.175767,0.339113,-0.0374951,-0.257123,0.223497,0.476034,0.301904,-0.254633,-0.0931532,-0.234593,0.154197,0.0692163,-0.215711,0.446785,-0.360092,-0.404433,-0.110867,0.060298,-0.0525621,0.560573,0.0939384,-0.378131,-0.571064,-0.0076405,-0.045952,-0.239026,-0.277614,0.198807,-0.086497,0.0835665,0.926833,0.0726215,-0.590684,-0.385451,0.0331,-0.631389,-0.0634251,0.385131,-0.365282,0.117804,0.433821,0.1805,0.571408,-0.347679
0.0675264,0.39514,0.49561,0.450911,-0.00836105,-0.340642,-0.312242,0.04624,0.233942,0.375992,-0.00370053,0.177924,0.315504,0.0975932,-0.0307412,-0.0956078,0.482107,-0.363247,0.151029,0.29669,-0.262862,0.0247631,-0.107489,-0.381402,0.537281,-0.178165,-0.436646,0.3868,-0.581712,-1.08971,-0.334416,0.540547,0.258668,0.252784,-0.425009,-0.0964108,0.11202,0.785044,-0.0311565,-0.516905,-0.180062,0.278609,-0.338866,-0.513328,-0.650499,-0.462207,-0.534751,-0.542418,0.329329,-0.0188526
-0.213595,0.101228,-0.0648802,0.025298,-0.373978,-0.194506,0.229866,-0.0536952,0.416661,-0.531971,0.237218,-0.183135,-0.0487906,-0.38553,-0.140847,-0.409298,-0.391838,0.0835749,-0.077092,0.0453234,0.731123,-0.679859,-0.11095,0.446614,0.148127,-0.42782,-0.45334,0.36337,-0.468752,0.635611,0.588281,0.423571,-0.271524,-0.348253,-0.0163149,-0.1473,-0.261819,-0.0331383,-0.404653,-0.767475,0.711434,-0.791415,1.03683,0.17275,0.802588,0.287882,0.420287,-0.211581,-0.253649,0.0983221
-0.460442,0.182147,0.376135,-0.10353,0.0598989,0.542074,0.262858,0.177875,0.520081,-0.480472,-0.236692,0.108337,-0.237133,0.168495,0.154613,0.0410863,0.327567,0.300046,-0.0931529,-0.0660698,-0.482707,-0.169998,0.136658,0.4573,-0.762035,-0.587285,0.449273,0.194728,-0.00823651,-0.20643,0.287255,0.196496,-0.329561,-0.0890189,-0.476432,0.616864,-0.175706,0.586137,-0.211715,0.177782,0.242421,0.190663,-0.265056,-0.384803,0.0839289,0.28718,0.987063,-0.00707083,0.673761,-0.169088
0.514802,0.187277,0.0394627,0.371009,0.454549,-0.470727,-0.628813,0.230255,-0.381742,-0.567624,-0.000139669,0.351157,0.259106,-0.316293,-0.33094,0.13616,-0.0806658,-0.187064,0.170376,0.0232492,0.411672,-0.0748292,-0.376875,-0.0645438,0.849696,0.334012,-0.150436,0.0865091,-0.725585,-0.41323,0.131226,-0.0787619,-0.3568,-0.241363,-0.643544,-0.153561,0.595192,0.798109,-0.255643,-0.622676,0.161696,0.0272038,0.40041,-0.111187,-0.424659,0.289906,0.551604,-0.424569,0.0104182,0.425841
-0.595178,-0.213164,0.639738,0.00255357,0.462572,-0.13775,-0.0190571,0.401257,-0.288606,0.204428,0.375478,-0.435653,0.437427,-0.593345,0.165622,0.48613,-0.545847,0.109166,0.257845,-0.205463,-0.511782,0.27765,0.266073,-0.523589,-0.274406,0.357528,-0.0643339,0.474474,-0.627354,-0.122233,0.407525,-0.0580493,-0.646068,-0.427237,-0.00709028,-0.440932,0.339552,-0.550194,0.339734,0.0200972,-0.488765,-0.297305,-0.120411,-0.281719,0.606427,0.0289004,-0.0301977,-0.00352231,0.512102,0.398594
0.0533904,-0.270889,-0.327738,-0.399416,0.264881,-0.278033,-0.0397049,-0.482609,-0.574154,0.205846,-0.29611,0.247388,0.38452,-0.469273,0.351163,0.263534,0.291719,-0.15627,0.115913,0.313195,-0.56425,0.731809,-0.643449,0.0719337,-0.120469,0.686424,-0.476634,0.372853,0.491622,-0.454555,-0.108511,-0.164754,0.428883,0.00533583,0.0926698,-0.104376,-0.214005,-0.0165827,0.41463,0.116981,-0.178945,-0.211939,0.0138728,-0.0808466,-0.0872002,0.990739,0.350824,0.194263,-0.586838,0.435289
-0.163224,0.178313,0.330952,0.29631,-0.068804,0.115146,0.397492,0.292955,0.429636,0.251662,0.213894,0.64584,-0.518146,0.374964,-0.214024,0.229271,0.252516,0.556508,0.202069,0.36761,0.146736,-0.195908,-0.417051,-0.0678177,-0.174916,-0.574352,-0.205897,-0.244718,-0.226433,-0.557511,0.139223,-0.0663586,0.0378818,-0.336649,-0.392329,0.260063,0.457619,0.759266,-0.411257,0.51279,-0.0220999,0.215622,0.0771928,-0.0641401,-0.40834,0.0756246,0.0223213,0.334768,-0.16844,-0.779332
-0.123641,-0.589639,-0.0394718,0.206695,0.0892275,-0.118119,-0.202193,0.0719183,-0.0713081,-0.311509,0.0041505,-0.308097,-0.753634,0.225681,-0.339356,-0.227683,0.0417937,-0.535756,-0.518716,0.290715,-0.50284,0.436196,0.505227,-0.424924,-0.210675,0.37783,-0.794567,-0.119559,0.385002,0.289101,0.0671033,0.389286,-0.20651,0.150155,-0.03215,-0.0836739,-0.307094,0.131556,-0.209837,0.427256,-0.452682,0.399519,-0.189326,0.100414,0.322922,-0.519076,-0.103177,-0.613147,-0.44412,0.0446506
0.57867,-0.170084,-0.319012,0.126856,0.339244,0.507528,0.181088,0.366301,-0.644919,-0.0380825,0.368909,0.138148,-0.0230714,-0.512292,0.0118929,0.22884,0.381372,0.312117,0.141047,0.556748,-0.317722,-0.372532,-0.653126,0.478416,-0.639933,0.415884,0.165504,-0.193417,0.0431728,0.0652974,0.0803116,-0.27345,-0.0208233,-0.388323,0.474892,0.477881,0.390926,-0.185466,-0.286479,0.335657,-0.0863566,0.292113,-0.0502076,-0.302002,-0.220294,-0.844348,-0.267428,0.202831,0.817356,-0.0201841
-0.334149,0.150521,0.286622,0.260629,0.0554372,-0.814637,0.434042,-0.340371,0.217008,0.0312423,-0.0143008,0.672902,0.168729,0.649563,3.78798e-05,-0.0187597,0.351775,0.356665,0.481002,-0.203839,0.813252,-0.145125,-0.293042,-0.753997,0.246789,-0.0151246,0.197284,0.623022,-0.670364,-0.539682,0.183001,0.830013,0.0112965,0.273889,-0.478587,0.525117,0.329673,0.297412,0.11866,-0.235593,0.444626,0.494481,0.547848,-0.391739,-0.292358,-0.152384,-0.283775,-0.747937,-0.193131,-0.0732862
-0.00526365,0.0543526,0.453762,-0.343695,0.0158199,0.0311433,0.271314,-0.0855673,-0.28758,0.246433,-0.355642,-0.312661,-0.246481,-0.0347771,-0.635819,-0.360772,-0.150861,0.240447,0.194146,-0.249733,0.444612,0.0956734,-0.258078,0.320802,0.0143519,0.31989,0.144749,0.44197,-0.153706,0.079877,0.442631,0.523783,-0.335022,-0.283395,0.191664,-0.133503,-0.111392,-0.0541577,-0.294547,-0.450849,-0.31558,-0.11349,0.0801917,0.081551,0.348273,-0.567962,0.441457,-0.379031,-0.0423733,0.2761
0.510548,0.250128,0.638432,0.40521,-0.459025,-0.00965136,0.581944,0.0393186,-0.140233,0.34512,-0.177953,-0.0636087,0.192425,0.0430392,-0.397789,0.405035,-0.859579,0.270683,0.322028,-0.573812,0.0859873,0.159881,-0.29834,0.170161,0.542456,-0.329985,-0.285669,-0.369518,-0.340548,-0.0745404,0.118393,0.479689,0.0776614,-0.494188,-0.0131118,0.466822,0.400133,-0.36857,-0.0758878,0.202754,0.210973,0.408643,0.15306,-0.549099,0.718003,-0.0928705,-0.206016,0.281169,0.259129,-0.202283
-0.0864371,0.326601,0.580282,-0.15203,0.203718,-0.669314,0.0636691,0.421253,0.443971,-0.465574,0.636136,0.380437,0.0968313,0.510249,-0.320779,0.0881144,-0.187614,-0.360609,0.161263,0.204262,-0.301681,-0.0753831,0.237416,-0.615021,-0.466949,0.272847,-0.0280648,0.245061,0.157383,-0.120902,0.293452,0.290819,0.166798,-0.265033,-0.116195,-0.139345,-0.163465,0.0507924,-0.368445,0.178143,-0.81809,0.566028,-0.254974,0.299409,0.276727,-0.340431,0.437508,-0.771275,-0.216459,-0.250382
-0.050583,0.659635,0.622988,0.0801084,-0.373734,-0.354361,0.532732,0.236167,0.127053,-0.151591,0.184633,0.533611,-0.68039,0.051728,0.30473,-0.24047,0.942885,-0.402346,-0.130484,0.565576,-0.342308,0.218897,-0.316636,-0.0180401,0.285577,-0.843638,-0.492487,0.673545,-0.128668,-0.617693,0.0671809,0.25594,-0.336891,0.322946,-0.427195,0.435051,0.451657,-0.0170545,0.207332,0.489555,0.279365,0.25513,-0.464749,0.206459,-0.654861,0.242802,-0.211083,-0.48742,-0.570865,-0.529494
0.101464,-0.0302957,-0.301354,0.693076,0.544902,-0.468208,0.517485,-0.0831262,-0.389014,0.473417,0.291471,0.366436,-0.206758,-0.203834,0.0055488,-0.0429976,0.803392,0.379158,0.292617,0.469734,0.390349,0.0765222,-0.139151,0.0716343,0.18116,-0.600531,-0.164119,0.193355,-0.244314,-0.60489,-0.0224796,-0.246726,0.135239,0.0312307,0.376583,0.311999,0.52289,0.577061,0.112061,0.063244,0.339445,0.57687,-0.132443,-0.00663568,-0.0472904,-0.15012,-0.621898,-0.346857,-0.836378,0.119719
0.261698,-0.379805,0.397914,-0.343886,0.0896447,-0.0805858,-0.340881,-0.102739,-0.307622,0.041362,0.494353,0.341552,-0.957012,0.435644,0.184014,0.144823,0.00859323,0.249037,0.358571,-0.198939,-0.118799,0.393271,0.193212,-0.507583,0.354108,-0.736783,0.211934,0.194236,-0.224456,0.23975,0.382568,0.19176,0.189221,0.414139,-0.0944628,0.209347,0.152715,0.409559,0.631081,-0.00457836,0.0409206,-0.287862,-0.331652,0.0235945,-0.637145,-0.240334,0.177022,-0.198249,0.156604,0.0121447
0.132791,0.284219,-0.0733399,-0.189373,0.311856,-0.0486127,-0.474731,0.312428,0.0748197,-0.641066,0.431841,0.0759501,-0.0195921,-0.520082,-0.389517,0.338492,0.16654,-0.446758,-0.0587544,-0.421307,0.433823,-0.491942,-0.0494201,0.345899,0.763182,0.156834,0.569945,0.539908,-0.366402,0.340972,-0.541542,0.0114207,0.553116,-0.26312,-0.684884,-0.647073,0.125516,0.430209,-0.365968,-0.851866,0.110986,-0.589093,0.391896,-0.0208526,0.163806,0.0383563,-0.259323,0.0735752,0.532079,0.152943
0.494904,-0.62818,0.195977,-0.208029,0.0292662,0.386448,-0.190057,-0.0762672,-0.121185,-0.341068,0.0281312,-0.0257478,-0.274208,0.0573353,0.298602,-0.0410533,0.03722,-0.307028,0.28137,0.0135042,-0.461973,-0.189467,0.461632,0.0381706,-0.015298,-0.37827,-0.144917,0.415366,0.509923,0.506394,-0.0199568,-0.103718,-0.322389,0.26871,0.253034,0.0978484,-0.359109,-0.347743,-0.13916,-0.055466,-0.686042,-0.284324,-0.728019,0.333148,-0.00866731,0.413673,-0.0162347,-0.130318,0.743423,-0.302026
-0.432197,0.262125,0.470959,0.367156,-0.28304,-0.121958,0.539508,-0.0842268,-0.0520324,0.220628,0.318886,-0.0914657,-0.40615,-0.177872,-0.41559,0.101291,-0.561328,-0.285662,-0.231452,0.219515,-0.0308127,0.382854,0.0866058,-0.00794943,-0.263774,0.240606,-0.0636572,0.41094,-0.07159,-0.287743,0.111644,-0.0781253,-0.0228926,-0.333174,-0.106893,0.0420822,0.220414,-0.39754,0.13317,0.0155262,-0.506211,0.287548,-0.347876,-0.129524,-0.027493,0.286565,0.0719871,-0.621701,0.0137234,0.0456001
0.233092,-0.16449,0.38997,-0.234443,0.301226,-0.363207,-0.174695,-0.0403072,0.00435475,0.417235,-0.175638,0.601057,0.0916522,-0.439035,-0.280203,-0.401833,0.377592,0.200347,0.0209133,0.600895,0.419738,-0.215102,-0.0318157,-0.497345,-0.446669,-0.513846,-0.0585181,0.251272,-0.173164,0.417457,0.56218,-0.213235,-0.416325,0.25326,0.41193,-0.0979202,0.359574,-0.552446,0.106237,0.196585,0.124411,-0.0405182,0.160281,0.267717,0.146288,-0.582377,0.131958,0.00864142,-0.548098,0.306217
-0.156068,0.639222,0.276597,-0.28486,0.401944,-0.602015,0.162131,0.00665647,-0.13139,0.115372,-0.0919214,-0.186593,-0.0822749,-0.0206464,0.184257,0.014548,0.0705921,0.30948,-0.282531,0.279531,0.139359,-0.073424,-0.20152,0.262881,-0.423938,0.352167,-0.254024,0.456555,0.062834,-0.571217,-0.0717652,0.532723,0.443807,-0.606728,0.44049,-0.320507,0.652379,0.280046,0.0714126,-0.10494,0.760502,0.128035,0.414447,0.151114,0.54136,-0.720645,0.377574,-0.423483,-0.276157,-0.601112
0.227814,-0.257314,-0.463878,0.263885,-0.00668978,-0.1881,-0.679194,-0.0601877,-0.361327,-0.18399,0.379021,-0.131988,0.471955,0.54848,0.531188,-0.617192,0.814762,0.416959,-0.451713,0.379473,-0.108223,-0.352095,-0.238465,-0.0397345,0.423611,-0.461969,0.116176,-0.598782,0.379211,-0.675231,0.130427,-0.127577,0.195731,-0.114283,0.362054,0.359716,0.322032,-0.403391,-0.550762,0.0141908,0.34167,0.483672,-0.0502402,0.451867,-0.102898,0.228716,-0.0623058,-0.112983,-0.0868984,-0.701723
-0.299886,0.479634,0.0960845,-0.503293,0.670198,0.366836,-0.715539,0.0501372,0.404799,0.026407,-0.251882,-0.079728,0.032016,-0.45144,-0.431748,-0.007016,0.270535,-0.140414,-0.567311,0.274772,-0.542504,-0.311185,-0.386222,0.0721939,0.252546,0.0271957,0.475258,0.363258,0.467448,-0.180801,-0.396483,-0.140782,-0.26095,-0.590478,0.105278,0.0354094,0.196432,-0.29863,0.156638,0.0816004,0.178494,-0.16503,0.506942,-0.217352,0.169052,-0.570273,-0.123899,0.316166,0.181708,-0.162446
0.531292,-0.548686,-0.0183198,0.01158,-0.0339974,0.517338,0.17934,-0.846761,0.00933844,-0.0422265,0.137689,-0.636346,0.0815387,-0.34285,-0.395624,0.790405,0.430949,-0.971195,-0.242797,0.0999267,-0.671703,0.295799,-0.431802,0.023943,0.0609159,0.82502,0.462438,0.0436008,0.74802,0.262515,-0.352304,-0.511015,0.51478,-0.22366,0.457104,-0.104969,0.00454355,0.419611,-0.0961879,-0.391874,0.00292726,0.276317,0.380186,0.266469,-0.495535,0.122878,0.291065,-0.142908,0.186428,0.0112314
-0.448649,-0.259324,-0.592588,0.089059,0.115945,-0.270356,0.355507,0.0202662,-0.505591,0.18286,-0.348682,0.190098,-0.224872,-0.457178,0.131116,-0.163023,-0.164324,0.458929,-0.000664196,0.292065,-0.0717758,0.755735,-0.0491059,-0.17664,-0.249608,0.269774,-0.0369016,0.694919,-0.202268,0.289217,0.572007,-0.400061,-0.466046,0.420362,0.68265,0.386586,0.0679481,-0.173757,0.0969432,0.624651,-0.342111,0.218648,-0.181068,-0.0147865,0.324897,0.379297,-0.302342,-0.434885,-0.361678,0.174542
-0.331753,0.487399,0.130262,-0.437211,-0.197031,0.659591,-0.502069,0.411623,0.357018,-0.123744,0.340329,-0.0805286,0.278517,-0.258594,0.380016,-0.470577,0.162689,0.246001,-0.000409678,0.135355,0.591933,-0.0995096,-0.697092,0.0890315,-0.00446672,-0.361353,-0.105412,0.369844,-0.234653,0.413071,0.692789,-0.456856,-0.425628,0.278204,-0.16708,0.0777983,-0.162458,-0.207381,0.694035,0.393989,-0.134755,0.196762,0.272152,-0.29601,-0.085229,-0.362338,0.100705,0.0106589,-0.428391,-0.112391
0.247335,-0.0104488,0.424825,-0.42167,-0.35497,-0.57094,0.677981,0.424479,-0.331096,-0.240588,-0.00748971,0.59966,-0.555383,0.0639306,-0.449249,0.169426,-0.125289,0.52305,-0.0726625,0.107339,0.675951,0.554307,0.403354,-0.709543,0.317458,0.260088,-0.36251,0.421398,-0.173531,0.0143022,0.425226,0.366539,0.257742,0.104421,0.47286,0.37008,0.127774,-0.354312,-0.243449,-0.50037,0.508099,-0.225771,-0.420565,0.138806,0.0382163,-0.0201183,-0.503906,-0.291246,-0.274276,-0.272578
0.456844,-0.480471,0.549157,0.113194,0.0336864,-0.264853,0.487632,-0.327013,-0.302938,0.197898,-0.534339,0.642671,-0.150619,0.442739,-0.338621,-0.592133,0.652297,-0.540475,-0.407021,-0.00776135,0.247699,-0.180295,-0.399192,0.13492,0.105335,-0.394117,0.294596,0.543852,-0.181664,0.287955,-0.0173587,0.349814,-0.224587,0.49234,0.0615078,0.640254,0.235869,-0.488531,-0.348959,-0.0257051,0.399314,0.576703,-0.396089,0.625356,0.54438,-0.00938286,-0.403006,0.0373397,-0.0626059,-0.271373
-0.525928,-0.243881,0.389279,0.0877483,-0.182789,-0.801514,-0.301218,0.143994,-0.247757,0.637928,-0.530561,0.712674,-0.302874,0.0954274,-0.248487,-0.348863,0.734504,0.0562594,-0.126278,-0.324619,0.36837,-0.293764,-0.540013,0.0212668,0.334396,0.004497,-0.0318828,0.517442,0.152027,0.40682,-0.49536,0.557303,-0.28274,-0.0720798,-0.0948179,0.172057,-0.155686,0.413125,0.139786,0.026075,0.33237,-0.413088,-0.400722,0.0234562,-0.370414,-0.0122188,0.322216,-0.478049,0.137978,-0.628539
0.0991111,0.0707548,0.487715,0.288849,-0.113719,-0.186961,0.508168,0.165771,0.287258,0.181618,-0.141592,0.0655068,-0.450451,-0.108071,0.0986168,0.574442,0.571283,0.522876,0.0683056,0.189508,0.257758,-0.368037,-0.616655,0.0339715,-0.270348,-0.30718,0.193557,0.151121,0.0972809,0.0974884,0.460487,0.234724,-0.639081,0.496227,-0.0173254,-0.0436056,0.48555,-0.449944,0.590579,-0.00366642,0.0946819,0.331858,0.515827,-0.36366,0.423204,-0.18268,-0.250886,-1.16809,-0.661242,-0.518856
-0.13447,0.6619,0.0657492,-0.531248,-0.193908,0.327529,0.35676,-0.293676,0.334045,0.817488,-0.331114,0.00249242,-0.0701782,-0.344264,-0.98656,0.454009,-0.149338,0.169619,0.357136,-0.0485609,0.088852,0.250855,-0.0472746,-0.206558,-0.191908,-0.224871,-0.263858,0.623019,0.137099,0.608291,-0.341671,-0.220803,-0.21198,-0.188272,0.394268,0.350187,-0.0219905,-0.25421,-0.541291,0.537604,-0.832212,-0.585568,0.285837,0.26569,-0.144578,-0.0783063,-0.00257112,-0.524201,0.777426,0.0722925
-0.606398,0.0758461,-0.216228,-0.0651816,0.155952,-0.370942,0.346002,0.147717,-0.364994,-0.129074,-0.230093,0.0745928,-0.302919,0.686803,-0.682323,0.203369,-0.45582,0.543449,0.299658,0.236622,0.483256,-0.0732135,0.100829,0.298121,-0.368121,-0.286813,-0.27872,0.294055,0.347798,0.451802,0.0329322,0.437028,0.111697,0.357626,0.276516,0.342718,0.0258319,0.183351,-0.596584,0.464111,0.16181,0.0311025,-0.0393197,0.662464,0.300413,0.145567,-0.432911,-0.388565,-0.223637,0.345436
-0.620804,-0.0596731,-0.0316389,-0.401687,0.205361,0.0644545,0.0323322,0.210852,0.522892,0.00114551,-0.644071,-0.198096,-0.155502,0.23023,-0.24744,0.199557,-0.140709,0.226642,0.471868,0.481475,0.290621,-0.33443,-0.0293995,-0.354169,-0.398391,0.287323,-0.340824,0.277772,0.0396846,-0.61732,0.363451,-0.250713,-0.0376884,0.264841,-0.0822615,-0.26703,0.88787,0.0641265,0.377009,-0.540498,0.571419,0.169856,0.351591,0.224018,0.404279,0.238849,-0.450713,-0.044373,0.309242,-0.484459
-0.0218757,0.230073,-0.255191,0.00123388,0.16421,0.193763,-0.336149,-0.295164,0.416109,0.781834,-0.343906,-0.27653,-0.261641,-0.0272981,0.504976,-0.436206,-0.260774,-0.358448,0.35857,-0.111491,0.108199,0.477249,-0.104289,-0.150266,0.347875,-0.391415,0.301491,-0.169763,-0.496731,0.425634,0.405548,0.335501,0.274593,0.743327,-0.0377977,-0.0147534,0.101472,-0.00480801,0.512556,0.330992,-0.20905,-0.742385,0.419314,-0.343873,0.129661,-0.163809,-0.57971,0.266195,0.178168,0.11012
0.536238,0.121674,-0.0154431,-0.469969,-0.121801,-0.0245397,-0.0874458,-0.142883,-0.431966,0.663574,0.313266,-0.279848,0.186682,-0.33676,-0.213732,-0.0931572,-0.142285,-0.0838534,0.215407,-0.547351,0.600352,0.734985,0.359174,-0.128884,0.813092,-0.472802,0.0484455,0.501046,0.493965,-0.44769,-0.443525,-0.797218,-0.378637,-0.0699499,0.57424,-0.445205,-0.478962,0.24694,-0.040481,-0.388608,0.227976,-0.220571,-0.86619,-0.312775,0.236159,0.323338,0.318436,0.232384,0.200881,0.0751677
-0.274455,-0.296251,0.827445,0.366867,-0.260982,-0.490575,-0.149139,-0.838385,0.422571,-0.185439,0.345549,-0.387917,-0.163537,0.181681,0.236979,0.522159,-0.22058,-0.170742,-0.103714,-0.365764,-0.471218,-0.430272,-0.207628,0.277233,0.264297,-0.228948,0.148657,0.20833,0.550838,0.0696477,-0.359335,0.611356,0.134528,-0.390229,-0.551332,0.096929,-0.0664619,-0.189873,0.052147,0.107677,-0.304898,-0.171377,0.118732,0.444083,0.424585,0.357951,-0.198923,-0.529827,-0.06649,-0.377438
-0.542158,-0.012505,0.565208,0.300169,0.14311,0.139564,-0.303332,0.530598,0.262723,-0.200108,0.0584676,-0.355981,0.642277,-0.52943,-0.037453,0.215179,0.18181,-0.0373493,-0.151292,-0.10164,-0.937998,0.408198,0.0224568,-0.657671,0.304494,-0.293894,0.386398,-0.243834,0.223622,0.628513,-0.393659,0.0350876,0.0250701,0.128315,-0.48347,-0.367963,0.423868,-0.546594,0.0618284,0.267612,-0.404806,0.119261,-0.422142,0.0677565,-0.332532,-0.19016,0.574342,-0.114783,-0.269975,0.465975
-0.303554,-0.228015,0.306842,0.205931,0.676017,0.135624,0.122499,-0.0514022,-0.620682,-0.0691001,0.11909,-0.35798,0.342273,-0.696118,-0.173639,-0.338978,0.447991,-0.196483,0.389194,0.608956,-0.159771,-0.179212,0.610248,-0.672156,-0.0990377,-0.375094,-0.0943757,-0.306611,-0.148704,-0.111304,-0.406659,0.190372,-0.174995,-0.00992623,-0.477228,0.644486,-0.214128,0.130918,0.0186224,0.611896,-0.598869,0.542505,0.278928,-0.473882,-0.40981,-0.539519,0.358064,-0.454565,-0.0343649,-0.516216
0.264586,0.253458,-0.0581624,-0.334531,-0.27393,0.138548,-0.369776,0.365751,0.11171,0.218257,-0.0779138,0.262508,-0.581681,-0.387098,-0.25433,0.28968,0.561206,-0.409623,0.00430365,0.189125,0.102383,0.501483,-0.236923,0.0448636,-0.193006,0.2958,0.11051,0.269369,-0.245935,0.136528,0.453671,0.321615,-0.340267,0.328192,0.132575,0.628783,0.677338,-0.0879424,0.591798,-0.156341,0.457664,0.474425,0.371092,-0.410504,-0.238315,-0.194378,-0.032451,-0.411307,0.217755,-0.261485
-0.133867,0.491021,0.146202,-0.0554012,-0.660997,0.272597,0.558866,-0.234021,0.415062,0.445118,0.0516647,-0.096969,-0.0596484,-0.705771,-0.279399,-0.234031,0.000628167,-0.31458,0.375844,-0.502603,-0.0191659,0.488862,-0.0306806,-0.34212,-0.735921,0.351743,-0.443657,0.029022,0.0153264,0.0092077,0.325211,0.438418,0.408394,0.588596,0.122602,0.701932,-0.0249523,-0.152998,0.275729,-0.352973,-0.190773,0.034662,0.174615,0.3959,0.30516,-0.56267,0.0832845,-0.317521,-0.711978,0.140239
0.055653,-0.249099,0.138573,-0.373795,0.180841,0.368285,-0.304419,-0.394482,-0.414527,0.747665,0.0877759,0.223809,-0.0234418,0.252243,-0.348401,-0.0812141,-0.0225449,-0.455636,0.145366,0.206032,-0.198475,0.258537,-0.381099,-0.30898,0.450358,0.482193,0.143332,-0.296391,0.290653,0.186924,0.371164,-0.23828,0.506516,-0.316532,0.138796,0.436705,-0.0131766,-0.496268,-0.0660687,0.1524,0.3617,0.545401,-0.0627326,-0.0883449,-0.0204149,-0.0139834,0.0569353,-0.0369938,0.206946,0.132479
0.655362,0.378553,-0.447949,-0.0319317,0.217299,-0.192315,0.617152,-0.241534,-0.968343,0.382518,-0.0997319,0.0427982,-0.422076,-0.49528,-0.0771073,-0.415916,-0.30419,0.162609,-0.320341,0.218703,-0.418794,0.411681,0.0741769,0.0970657,0.543685,-0.0952487,-0.0620451,0.0745388,0.237082,-0.0156803,-0.00279381,0.0447101,-0.0504247,-0.319604,0.430701,0.0298893,0.341043,-0.164957,0.250515,0.736074,-0.77096,-0.0803686,-0.544264,0.0568702,-0.564097,0.00392643,-0.648724,-0.297384,-0.437278,-0.563501
0.463834,0.165336,0.19407,-0.13991,-0.10985,0.107882,0.406644,-0.0885256,-0.576052,0.313985,0.391506,0.0493477,-0.266079,0.00959457,0.110345,-0.190911,0.0673176,0.591651,0.136107,-0.0970405,-0.704191,-0.039633,0.29888,0.479887,0.0373105,-0.0285694,-0.169288,0.212605,-0.235732,0.81968,0.400578,-0.00419086,-0.580898,0.310823,0.421021,0.384177,-0.108886,-0.215334,0.379862,0.598416,-0.347745,-0.291606,-0.00244261,0.447738,-0.105696,-0.808969,-0.0958799,0.209082,0.0401016,-0.491968
0.422421,0.432469,0.0306412,-0.0988106,-0.297075,-0.215569,-0.220079,-0.326399,-0.390859,-0.0434252,0.024386,-0.168704,-0.027254,0.377475,0.222217,0.429417,0.246429,-0.104277,-0.224476,0.520296,-0.0702644,0.563876,0.176655,-0.0856787,-0.509994,0.0257238,-0.19574,0.332756,-0.13391,-0.251211,-0.133001,0.139376,0.121847,0.0837792,0.727834,-0.3978,-0.131418,-0.161203,0.586934,-0.292578,0.176405,0.146203,0.163008,-0.213569,0.446293,0.196513,-0.10527,0.0502704,-0.2321,0.35303
-0.54771,0.282329,0.176275,0.175558,0.163603,-0.0907839,0.210054,-0.168524,0.220768,0.441977,0.063672,0.0811693,0.0919483,0.587143,-0.187165,-0.336308,-0.152109,0.672647,0.0611251,0.095063,0.26978,-0.369461,0.210173,0.371687,-0.212852,0.166995,-0.0434615,-0.152593,-0.188584,-0.329108,-0.130193,0.587561,0.0502024,-0.312247,0.381883,-0.300465,0.577417,0.0604906,0.237019,0.0374894,0.573869,0.216084,-0.11145,0.121532,-0.0521521,0.154296,0.0792438,0.164088,-0.180568,-0.558672
0.0226519,0.46428,0.18701,-0.299363,0.48285,-0.55872,0.325391,-0.438334,-0.187777,0.158352,-0.238756,-0.31747,0.67719,0.240612,-0.367607,-0.0990302,0.13815,0.100313,-0.516138,0.511531,0.16085,0.231448,-0.441951,0.267068,-0.079813,-0.0318673,0.198355,-0.388107,0.640989,-0.273889,-0.362818,0.601805,0.464084,-0.0523439,-0.259324,0.329328,-0.277515,-0.388411,-0.493083,-0.352253,0.253193,-0.528537,0.617503,0.251208,-0.306748,-0.102985,-0.129819,-0.220934,-0.266102,-0.743082
0.211456,-0.268003,-0.325579,-0.00558647,0.378866,0.194651,0.276062,-0.260426,0.129547,0.356556,0.0720739,0.289104,-0.0969349,-0.101044,-0.0916017,0.304301,-1.02201,0.44834,-0.389844,-0.429935,-0.144334,0.293642,0.264207,0.250576,0.0480664,0.140134,-0.302878,-0.393799,0.455503,0.684468,-0.16356,-0.232844,0.210259,-0.661661,0.256694,0.233773,0.328905,-0.323497,-0.132082,-0.164062,-0.807522,0.343597,0.332194,-0.510981,0.478266,-0.387562,-0.0104369,-0.294377,0.874493,0.0880892
0.0758405,0.159345,-0.321312,-0.44046,-0.0865834,-0.452689,0.491303,-0.256697,-0.409154,-0.496519,0.067374,-0.771545,-0.327493,0.0800614,0.209838,0.538048,0.40049,-0.167528,-0.287822,0.256142,-0.297541,-0.340369,-0.224489,0.650028,-0.506511,0.104594,-0.172322,-0.406951,-0.0521801,-0.198992,0.0281811,-0.550981,-0.226949,-0.022602,0.00367382,-0.304917,-0.11525,-0.236751,-0.0484198,0.476784,-0.97246,0.40596,0.513728,-0.211783,-0.47176,0.413362,0.660777,-0.271188,-0.346254,0.391605
-0.338626,0.233902,-0.233411,0.0172541,-0.152817,-0.757547,0.250807,0.295247,0.270276,0.389962,0.14974,0.123021,-0.021329,-0.0152703,-0.433237,0.185932,0.138514,-0.330315,0.537299,0.0808007,-0.487209,0.224806,-0.497634,-0.177182,0.00406594,0.515721,0.671759,0.135838,0.289811,-0.432733,0.426066,-0.376867,0.270726,0.140595,0.490801,-0.321489,-0.00930319,-0.128428,0.315682,0.341684,0.072438,-0.464464,-0.405708,0.110616,0.281835,-0.292409,0.149486,0.459539,-0.265541,-0.436619
0.0596245,0.459867,-0.243579,0.102556,0.187831,-0.580345,-0.313679,-0.199208,-0.0970764,0.100875,-0.620681,-0.271443,0.27996,-0.154424,0.591532,-0.449481,0.0794244,-0.374681,-0.605538,0.0988305,-0.0719017,-0.497893,0.123482,0.0558215,-0.204239,-0.547216,0.214171,0.272235,-0.215669,0.444407,0.566222,0.672012,0.316659,0.376868,0.0168388,-0.128676,-0.0173667,-0.390758,0.584171,0.491432,0.0485337,-0.243402,0.0386253,0.00978733,-0.294029,-0.723565,-0.597768,-0.533119,-1.11062,-0.581873
0.222019,0.473554,-0.217371,-0.386538,0.577638,-0.0908802,-0.433418,-0.171878,0.372483,0.531728,0.207191,-0.39472,0.515936,-0.540634,0.327221,0.297158,-0.255847,-0.295077,-0.215172,0.00867444,-0.0644219,-0.132081,0.541786,-0.287009,0.0855702,-0.42636,0.472068,0.313916,0.455216,-0.169326,-0.170546,-0.312009,-0.133399,-0.411822,0.748398,-0.0387957,-0.0669029,-0.396503,0.392908,-0.397257,0.505598,-0.289393,0.400871,-0.12398,0.296,-0.604145,-0.194304,0.348211,0.0451841,0.12765
-0.322671,0.319665,0.173601,0.0277046,0.561825,-0.51541,-0.0339664,-0.805415,-0.274261,0.02247,-0.455988,0.431154,0.514756,-0.100695,0.228256,-0.354389,0.0977914,0.087432,-0.639552,-0.213564,-0.193369,-0.294761,0.22122,-0.167518,0.335617,0.0192077,-0.112484,0.284026,0.263473,-0.110944,-0.486905,-0.201986,0.321352,-0.104706,0.222528,-0.0570836,0.15049,-0.414776,-0.26822,-0.489611,0.179332,0.244814,-0.314908,0.113915,0.343774,-0.372066,-0.392729,0.302056,0.239085,-0.202949
0.101669,0.646815,-0.0215404,-0.244863,0.503863,-0.00436968,0.229164,0.400149,0.0557252,0.406355,-0.5181,0.0847841,-0.0496426,-0.506253,-0.122487,-0.345753,-0.22104,-0.110339,-0.0747796,0.215861,-0.059613,0.097761,-0.212561,0.316869,-0.24536,-0.0911484,-0.139289,0.539125,-0.357127,-0.533073,0.0706578,-0.157584,0.121733,-0.605019,0.104117,-0.385284,-0.156256,0.0818226,-0.219057,0.297472,-0.170238,0.0302246,-0.549041,-0.0196011,0.524305,0.0231654,0.136436,-0.08695,0.297706,-0.549368
0.411319,0.458842,0.0303706,0.20804,0.429814,-0.215517,-0.0581683,-0.0550081,0.209826,0.0369479,-0.501179,-0.133636,-0.216114,-0.275184,0.507375,-0.0104937,-0.442587,0.512464,0.317804,0.003329,0.194816,0.152793,-0.605526,0.470659,-0.627928,-0.0100343,0.0324405,0.399122,0.00292262,-0.146827,0.152936,0.0457937,0.014652,-0.105599,0.438063,-0.307886,0.291967,0.0256255,0.374721,0.211657,-0.609326,0.38376,0.478078,-0.0128267,0.130677,-0.661925,-0.120008,-0.237452,-0.0968264,-0.316458
0.712121,0.903525,0.0631243,-0.0285425,0.209921,0.544333,0.213976,-0.123187,0.429587,0.599237,0.387495,-0.403387,0.123475,-0.588567,-0.537767,-0.413164,-0.277341,0.73127,0.275431,0.304441,0.0723606,-0.145167,0.305716,0.146336,-0.316173,-0.0964148,-0.585297,-0.49625,-0.156491,0.0486576,-0.0253292,-0.604405,0.221375,-0.81224,0.628783,-0.450026,-0.0908525,-0.484254,0.165068,-0.0466213,-0.350014,0.390969,0.41468,-0.405812,0.492491,-0.787139,-0.202639,0.482485,-0.208846,-0.704852
-0.00434013,0.731723,-0.0241552,0.435492,-0.0587877,0.239724,-0.174591,-0.35326,0.559688,-0.517807,-0.477978,-0.243627,-0.213627,-0.305648,-0.434308,-0.528471,0.147867,-0.390795,-0.166407,-0.0595017,0.279047,-0.117848,-0.703317,-0.128782,-0.696517,0.384942,-0.0911003,0.0556294,0.291187,-0.0908479,0.104315,0.203824,0.173012,0.388424,-0.00275184,0.500358,0.756252,0.0720595,-0.38599,-0.326959,0.248732,0.484581,0.274372,0.0483725,0.771692,0.539045,0.438247,0.25814,0.0152667,0.557538
-0.266076,0.314579,0.350793,0.290687,-0.273088,-0.489524,-0.229013,-0.454225,0.561817,-0.287323,0.398104,0.504051,0.0187455,-0.0268992,0.198574,-0.1557,0.472278,-0.458419,-0.449439,-0.195622,-0.377094,0.19052,-0.482154,-0.0758716,-0.558623,0.304014,-0.238533,-0.263453,0.495353,-0.790802,0.0478089,0.636646,0.344974,0.205877,-0.596283,0.0829791,0.0889394,-0.569368,-0.766002,-0.689215,0.269823,0.117525,0.160323,0.320314,0.463645,0.195945,0.231717,0.560281,0.5091,0.178611
0.38343,-0.0849246,0.443687,0.562237,-0.0847295,0.443497,0.060567,0.43748,-0.0560479,-0.72249,0.013766,0.09592,0.359881,0.243053,-0.0324156,-0.215182,0.410752,-0.0493713,-0.433737,-0.247311,-0.124647,0.221974,0.0555524,0.460216,-0.181408,-0.415092,0.084808,0.305214,0.199694,-0.377953,-0.439167,-0.237399,-0.026914,-0.00975119,-0.596703,0.20011,-0.218464,-0.105986,0.165674,-0.169791,-0.685763,0.372603,-0.323592,0.0985744,-0.504689,0.326268,0.515711,-0.0617218,-0.0546953,-0.277138
0.290717,-0.0740423,0.176748,0.392703,0.608933,0.238777,-0.183943,-0.066801,-0.562553,0.399307,0.138326,-0.694536,-0.107273,-0.242568,-0.0692194,0.0616732,-0.174454,-0.223128,0.379394,0.444385,-0.37908,0.388447,-0.532357,0.0254847,-0.37128,0.132846,-0.117231,0.440813,0.0319992,0.465901,-0.51088,-0.209653,0.16055,0.160922,-0.110912,0.435045,-0.577481,0.569065,0.336225,0.691191,-0.946577,0.263157,0.631589,-0.509608,-0.0462412,-0.192911,-0.18479,-0.104137,-0.111949,0.139874
-0.55046,0.395229,-0.218532,0.226505,-0.13885,-0.310938,0.271074,0.413363,0.75701,-0.0903648,-0.372412,0.0966069,-0.176538,0.150852,0.555465,0.330021,0.181024,0.513299,0.195565,-0.303238,-0.435927,-0.589655,-0.0605439,-0.204617,-0.45369,-0.407382,0.112935,-0.0923609,-0.502182,-0.351862,0.110924,0.493934,0.335655,0.0833296,0.0110875,-0.310069,-0.527968,-0.397361,0.720628,0.56585,-0.150608,-0.271345,0.779486,-0.524759,-0.292642,-0.546876,0.120978,-0.447701,-0.320077,-0.486368
-0.222636,0.560602,-0.0488553,0.206347,0.825672,-0.321315,-0.604927,0.30066,0.128441,0.176955,-0.173062,-0.176859,0.74442,-0.224418,-0.357798,-0.26995,0.797173,0.248908,0.230687,0.798462,-0.668339,0.411825,0.099931,-0.138839,0.214702,0.035919,0.0559567,-0.626366,-0.421003,-0.494113,-0.56474,0.162996,0.0839165,-0.288532,-0.179345,0.396881,0.137084,-0.130247,0.265021,0.274474,-0.400069,-0.230424,0.514637,-0.0376943,-0.623309,0.107563,-0.000204496,-0.368241,-0.314842,-0.835965
-0.664785,-0.468582,0.222909,-0.653469,0.828514,-0.659604,-0.410033,0.503371,0.390502,0.344996,-0.62577,0.286428,0.762744,0.0932441,0.206548,-0.55005,0.516591,-0.00972842,0.0933024,-0.0127972,-0.164576,0.664826,0.154803,-0.0173342,0.197529,0.597893,-0.00193697,0.097801,-0.114917,-0.342175,-0.419579,-0.0313485,-0.546693,-0.0192793,0.625871,0.11621,0.553268,-0.399663,0.358183,0.465205,-0.176716,0.208932,-0.266827,-0.374093,0.118205,0.298262,-0.188524,-0.163095,-0.492214,-0.532615
-0.124791,0.085322,-0.0497505,-0.138224,-0.267858,0.100145,-0.840447,-0.130841,-0.634124,-0.313876,-0.2996,0.17084,-0.0965162,-0.0357834,0.569904,-0.667582,0.260548,0.311925,-0.190229,0.743676,-0.209666,0.185814,-0.262503,0.270438,0.380463,0.0440804,-0.241994,-0.570579,-0.140368,-0.55449,-0.324149,-0.474107,-0.219265,-0.214108,0.43784,0.251632,0.716535,0.155659,0.49148,-0.192373,0.179634,-0.35787,-0.604305,0.0962166,0.195253,0.530945,-0.206126,0.224603,0.573434,-0.46958
0.352866,-0.694699,-0.670229,0.771211,-0.406126,0.305691,0.434865,-0.366767,-0.333503,-0.881393,0.173957,-0.305976,-0.7175,0.342698,-0.287106,-0.691514,-0.363772,-0.292209,-0.345614,0.285262,0.110649,-0.801696,-0.661367,0.256657,-0.256348,0.15584,-0.617806,0.465513,0.399425,0.0278753,0.281819,0.439346,-0.515661,-0.0213711,-0.59428,-0.369715,-0.552594,-0.285979,0.168973,0.153979,-0.131148,0.0261263,0.460309,0.443796,0.739125,-0.51795,-0.553141,0.621242,-0.704319,0.296034
0.528738,0.0138238,-0.393898,0.222738,0.345632,0.356349,0.390586,0.485814,0.384437,0.0097182,0.0830332,0.277739,-0.410951,0.463676,-0.159047,-0.186566,0.395687,0.0231189,-0.486551,0.214113,0.0571646,0.0846965,-0.45598,0.360439,-0.49774,0.204654,-0.326288,0.10566,-0.0628592,0.0402372,-0.356869,0.348189,0.578558,-0.357719,-0.57489,-0.454308,-0.384773,0.651426,-0.0211543,-0.738564,-0.0627668,0.397251,0.0826862,-0.0273807,-0.195803,-0.225426,-0.395699,-0.0882261,-0.383494,-0.205615
0.162483,-0.0737571,-0.314684,0.317276,0.313718,0.248291,0.463348,0.2366,-0.288161,0.867095,-0.112692,0.206319,-0.790841,0.481062,-0.341455,0.307792,-0.0426718,-0.360613,0.310819,-0.565864,-0.0654062,0.260836,-0.606989,-0.117639,0.556585,-0.300669,0.470004,-0.228982,-0.304505,-0.39683,-0.19181,0.101935,0.25071,0.229825,0.281849,0.527312,0.356651,0.10812,0.0587315,0.354497,0.214968,0.012519,-0.181291,0.0194335,-0.289144,-0.44269,-0.642059,-0.60241,-0.665945,-1.01477
0.0733166,0.231907,-0.160874,0.143162,0.467222,0.226147,0.461951,-0.303104,-0.598336,0.568837,0.115905,0.593031,-0.578769,-0.0284122,-0.547647,0.252151,0.102086,0.248507,0.569123,0.501933,0.468145,0.222966,-0.308101,0.00881619,0.577127,-0.249357,0.509847,-0.162676,0.148865,-0.0470052,-0.611572,-0.156774,0.233451,-0.0654822,0.322285,0.243664,0.499221,0.0127778,-0.0853163,0.716081,-0.234532,0.364321,-0.659093,-0.201495,-0.0882079,0.336468,-0.424923,0.507001,0.296668,-0.300246
0.293252,-0.419451,0.133163,0.117791,-0.490064,0.13204,0.383405,0.37543,0.204291,-0.126168,-0.381977,0.307341,-0.582584,0.732725,-0.324405,-0.343104,0.107598,-0.418267,0.203838,0.278762,0.163623,0.344238,-0.218577,0.0214194,0.422759,-0.211702,-0.513051,-0.0622814,-0.347541,-0.304743,-0.0632672,-0.519823,0.266387,0.722079,-0.203797,-0.501915,0.152462,-0.457444,-0.315208,0.603423,0.18626,0.161992,-0.373496,0.585542,0.231428,0.330947,-0.452966,0.518744,-0.665074,-0.340288
0.0388959,-0.349085,-0.146435,-0.0571871,0.182029,0.0364251,-0.27464,0.0117525,0.0260942,-0.666682,0.360106,0.248536,0.293828,0.728899,0.186489,-0.504616,0.24903,0.111853,-0.0206443,0.651435,0.0821567,-0.0263423,0.477568,-0.0158668,0.333573,0.329396,-0.504372,-0.262737,0.49471,-0.167663,0.38672,-0.459646,0.36669,0.0672135,0.146946,0.0753623,0.693616,-0.338039,-0.572286,-0.424688,-0.403255,0.386284,0.0916954,0.797442,0.468823,0.0268583,-0.451533,0.25305,0.577848,-0.298746
0.348691,-0.52421,-0.216203,0.174967,0.213051,0.278442,-0.449577,0.290366,-0.111607,-0.536051,-0.443756,-0.485951,-0.210908,0.509806,0.125919,0.284793,-0.406222,0.0829853,-0.569428,-0.25289,-0.318475,-0.69982,0.23245,0.228446,0.374787,-0.361644,0.0720932,-0.510956,0.0790514,-0.0229115,-0.646493,-0.184406,0.51975,-0.509115,-0.444369,-0.0567031,0.0866088,0.14774,-0.637059,-0.674192,0.191637,0.126167,-0.400865,0.417151,0.556478,0.0347592,-0.643605,0.245959,0.318529,0.56108
0.324351,-0.53351,-0.0867479,0.269583,-0.244933,0.472754,-0.511711,-0.0918022,0.500417,-0.626719,0.153559,-0.425959,0.529479,-0.612675,0.475324,-0.0837859,0.267163,-0.192086,-0.0472453,0.171173,-0.861186,-0.349512,-0.459851,0.331489,0.320685,-0.635509,0.0209949,-0.642723,-0.043578,0.341394,-0.407843,0.269844,-0.0258585,0.320758,-0.660285,-0.527566,-0.418766,-0.177957,-0.538744,0.214073,-0.439948,0.0354766,0.300878,0.198149,0.377754,0.314509,-0.155231,0.107725,0.0768897,-0.500387
0.0855373,0.0585317,-0.274936,0.369474,-0.168072,0.103878,-0.411724,0.14908,0.21298,-0.514579,-0.0552964,-0.339844,0.175242,0.0583197,-0.231371,0.238726,-0.616386,0.252219,0.154901,-0.1833,-0.545251,0.363883,-0.243647,0.228322,0.256927,-0.0603039,-0.379965,-0.0730173,-0.29796,-0.246156,0.0812769,0.183608,0.173021,0.484083,-0.388777,0.265332,-0.192056,-0.00709633,0.226496,0.612407,0.102088,-0.0911838,-0.118849,-0.554758,-0.464344,0.498537,-0.351408,0.406425,0.369441,0.340312
0.293661,-0.0292258,-0.133604,-0.220305,0.214637,0.403634,0.286946,-0.015465,-0.0527955,0.340471,-0.100067,0.223757,0.0190259,0.334106,-0.296724,-0.589067,0.534648,0.0840092,0.276486,0.559055,-0.0619826,0.439922,-0.652227,0.239377,0.48362,0.103274,-0.176688,-0.38987,0.279673,-0.428082,-0.138387,-0.365041,0.0132596,-0.268072,-0.0139906,0.435951,0.469322,-0.321654,-0.0656346,0.290032,0.0170202,-0.489264,-0.341184,-0.683721,-0.560368,-0.174576,-0.48506,0.527437,0.451514,-0.994358
0.620524,0.398047,0.344079,-0.552306,0.0740098,0.0752616,-0.418781,0.249001,0.79618,0.284483,-0.0711041,0.409744,0.322721,0.100097,-0.294649,-0.186078,0.807989,-0.0248807,-0.50704,0.544069,-0.599572,0.626437,-0.253033,-0.224949,0.433884,-0.262456,0.122971,-0.00632026,0.410557,-0.093361,-0.552961,0.0334573,0.318772,0.316164,-0.370536,0.335541,0.512919,-0.0781515,0.0195627,-0.0360382,0.743741,0.251647,-0.0687665,0.295765,0.235675,0.354763,-0.367632,-0.194262,-0.0533447,-0.70371
0.156478,-0.0431479,0.0281572,-0.579305,0.120148,0.711993,-0.0946146,0.854061,-0.205246,-0.377823,-0.399976,0.412063,-0.60645,0.279763,0.222254,-0.228144,0.363617,-0.11761,-0.0264952,-0.357582,0.132859,0.67794,0.495482,-0.797361,0.572655,0.230146,-0.0529698,-0.482809,-0.111498,-0.279647,-0.61071,-0.33157,0.0255861,-0.0151766,-0.439567,0.118902,0.642357,0.300959,0.140868,-0.36338,0.301163,0.250779,-0.421379,-0.0268875,0.529775,0.185328,0.00160481,0.14664,0.580038,0.161971
0.21905,0.20667,-0.0357763,-0.026364,-0.191507,0.10804,-0.0480408,0.485369,0.147845,0.0559862,-0.372617,-0.000263849,0.602188,0.260802,0.130355,-0.348171,-0.137803,0.356702,-0.387967,-0.0971311,0.172177,0.343633,0.619887,-0.0270258,0.0594723,-0.285047,0.0876781,-0.651572,-0.339944,0.497186,-0.361989,-0.446659,-0.157307,-0.0700282,0.308868,-0.269904,0.61485,0.29749,0.139265,0.247869,-0.0516037,-0.0216126,0.0117945,0.287494,-0.217275,0.160928,0.534709,-0.278235,-0.234061,-0.398724
0.0521827,-0.0700067,0.246633,-0.254316,0.151822,-0.0782464,0.164525,0.134811,-0.451999,0.471232,0.569811,0.832917,0.568404,0.265976,0.348029,-0.402071,-0.587214,-0.184519,-0.102528,0.330787,0.602337,-0.151605,0.343718,-0.472217,0.290492,-0.592243,-0.194938,0.0772013,0.36664,0.314264,0.160686,-0.47139,-0.481216,-0.544134,-0.0492502,0.0274564,-0.159935,0.32978,-0.0519867,-0.138905,0.0313847,0.633998,-0.662012,0.00367677,0.00354865,-0.20262,-0.414077,0.0183978,-0.0193784,-0.449271
0.149373,-0.163661,0.283033,0.473798,-0.317474,-0.0940467,0.13926,-0.286606,0.436087,0.0848317,-0.124648,-0.118978,0.337491,0.446475,0.231776,-0.20298,-0.103474,-0.387232,0.140955,-0.388175,0.00982444,-0.373279,-0.206246,0.116604,0.3164,-0.0903142,0.0402502,-0.237805,0.0358029,-0.424115,-0.067249,0.701369,0.401745,0.0647514,-0.457459,0.0684364,-0.0205813,0.279095,-0.422287,-0.147883,0.487628,0.18894,0.582375,0.209203,0.663916,0.630026,-0.278664,0.112161,0.279395,-0.0985395
0.0637342,0.21053,0.079922,0.41694,0.294095,-0.28763,0.215972,0.707231,0.204209,0.020955,0.125091,0.204263,0.602008,0.318644,-0.59709,-0.430212,-0.217749,-0.236446,-0.00169992,-0.115372,0.28686,-0.180538,-0.147345,-0.206699,-0.446188,0.247792,-0.523943,-0.344067,-0.051673,0.135615,-0.223291,0.0443141,-0.389572,-0.0723999,-0.299565,-0.0741075,0.0346584,-0.18602,-0.3082,0.0356178,0.164591,0.439321,-0.106671,0.564542,0.0663849,0.150848,0.174067,-0.0642509,0.314757,-0.725728
0.217631,-0.402503,-0.417358,0.00761554,0.263931,0.207111,0.00261942,0.0839706,0.365595,0.201099,0.120593,0.525247,-0.103419,0.589547,0.321571,0.25606,-0.0718904,0.301952,-0.179443,-0.246893,0.642508,-0.346572,0.0613818,-0.282983,-0.294552,0.159686,-0.147693,-0.0321429,0.0415574,-0.426109,0.0590522,-0.239601,0.1229,0.559623,-0.137997,0.351697,0.318734,-0.370665,-0.231306,0.245562,-0.183461,0.339015,-0.0933231,-0.1526,0.319339,-0.0160276,0.00208578,-0.168643,-0.235228,-0.106353
-0.199423,-0.0171366,0.211132,-0.582468,-0.59696,0.49027,0.15346,0.711245,0.0634755,-0.226523,-0.134454,0.220643,0.214319,0.36694,0.326459,-0.0912866,0.155076,0.228685,0.305447,-0.2742,0.114222,-0.173349,-0.342256,0.326517,0.284515,-0.0363602,0.393815,-0.461924,0.203109,-0.445115,-0.194498,-0.020136,0.254565,0.588968,0.486754,0.176737,-0.453599,0.516577,0.35539,-0.189295,-0.421665,0.202123,-0.483326,-0.509396,-0.552888,-0.188247,0.0503541,0.571282,0.109621,-0.240119
-0.317519,-0.134582,0.205003,-0.470372,-0.0582477,0.102052,-0.256834,-0.61113,0.148021,0.111569,-0.115548,-0.497289,0.775099,0.0153708,0.723473,-0.255048,-0.491635,-0.801601,0.200743,0.289582,-0.412876,-0.117957,-0.210013,0.354823,0.349527,-0.357087,-0.399782,-0.358448,0.365782,0.532442,-0.0687996,0.241928,0.249921,0.248939,-0.403501,0.0776359,-0.314195,-0.245227,-0.0680657,-0.497918,0.163984,0.261721,-0.235392,-0.186121,-0.511781,0.580514,-0.118211,-0.0821614,-0.244359,0.203417
0.831292,0.534585,0.0286212,-0.409287,0.666887,0.281104,0.371114,-0.591434,-0.297208,0.0572691,0.461115,0.0378647,-0.0513777,-0.232438,0.240414,-0.288785,0.196109,-0.390556,-0.0747067,0.328597,-0.481748,0.364179,0.202248,0.065715,0.177285,-0.249719,0.193986,-0.276592,0.0876681,-0.206231,-0.206142,-0.340621,0.677542,-0.665412,-0.0813278,-0.501658,-0.430895,-0.307349,-0.0919917,-0.370102,0.301701,0.115345,-0.259395,0.0380469,-0.0852988,0.434841,-0.15941,0.74673,0.291079,0.0635445
0.350491,0.0152402,-0.721558,-0.126252,-0.387162,0.0987702,-0.00443391,0.0431856,0.419854,-0.331218,-0.15357,0.428913,-0.53377,0.343296,-0.0748726,0.23094,0.17915,0.441528,0.566743,-0.264742,-0.451501,0.601533,-0.123019,0.281929,-0.253988,0.324954,0.111131,-0.623073,0.635621,-0.673378,-0.32824,0.32324,0.267566,-0.555005,0.0195431,0.263647,-0.412385,-0.262718,-0.552374,-0.263106,0.322235,-0.166928,-0.624427,0.201147,0.0794262,0.669285,-0.68552,0.11873,0.143819,-0.0182383
-0.422966,0.0195388,-0.0641138,0.552404,-0.12078,-0.110645,0.625794,0.115356,-0.368633,0.0186516,-0.0150939,0.227313,-0.313991,0.236418,0.302447,-0.0480794,-0.221073,0.0916629,0.397163,-0.03284,0.0663448,-0.442101,-0.518955,-0.130371,-0.801518,0.430271,-0.0981119,0.235256,-0.496377,-0.677931,-0.00765611,0.29207,-0.296177,-0.359749,-0.201945,0.385714,-0.13062,0.544028,-0.093152,0.30676,-0.736266,0.888401,0.268235,0.305783,0.58849,-0.313163,-0.226111,0.331188,0.0364041,-0.126086
0.300718,0.432562,-0.0618413,0.637104,-0.412442,-0.0892751,-0.101796,0.566131,-0.461756,0.274769,0.21948,0.372697,0.490834,0.393469,0.550655,-0.344939,0.0972274,-0.156169,0.104227,-0.504289,0.137172,0.0173894,0.0581694,0.350797,0.284442,-0.121655,0.117859,-0.233665,-0.211315,0.129217,-0.360197,0.134172,-0.442142,0.226985,0.112779,-0.0217873,-0.135082,-0.075702,0.0734484,0.749771,-0.38821,0.183084,-0.485268,0.127801,0.0870683,0.508762,-0.425172,0.12066,-0.200751,0.466277
0.0608259,-0.104247,0.240686,-0.499954,-0.189796,0.0207056,-0.499719,0.37185,-0.117723,-0.0902862,-0.0715563,0.178709,-0.188147,-0.441043,0.226786,-0.88379,-0.33923,0.307763,-0.203891,-0.179966,0.863548,-0.154043,0.423996,-0.514028,0.62388,-0.314484,0.199011,-0.656127,-0.0380844,0.411723,-0.12329,-0.0574128,-0.399104,0.828318,-0.330974,0.306222,0.49776,-0.330846,0.724198,-0.0998568,0.557512,-0.421581,-0.284781,0.322806,0.170804,0.432973,0.288173,0.454977,-0.0177528,0.0347487
-0.368212,-0.62227,-0.274122,-0.313848,-0.382377,0.394651,-0.329966,-0.541367,0.835893,-0.213935,-0.245084,-0.104389,0.108766,-0.334073,-0.214629,-0.502889,0.273322,-0.00599414,-0.0690302,-0.309519,-0.246651,0.397678,0.272565,0.148367,-0.639452,0.234528,0.542191,-0.0988447,0.694894,0.149222,-0.0402176,0.366251,0.614922,-0.011423,-0.281383,-0.29904,-0.149519,0.437961,0.123287,0.165958,0.617296,-0.467939,0.567489,0.202756,0.772258,0.347294,0.347032,0.235484,0.0563376,-0.436397
0.0305244,-0.140652,-0.254343,0.301625,0.134831,-0.564172,0.584832,-0.334187,0.135128,0.344921,-0.453534,-0.326606,0.298989,-0.18902,-0.527391,0.448372,-0.217368,0.0933918,0.0568137,-0.0287213,-0.449108,-0.208668,0.109035,0.198179,0.325002,0.684372,0.0313154,0.00822855,-0.219624,0.727998,-0.237609,0.551681,0.347538,-0.540444,0.105796,0.37422,-0.0741235,0.430865,-0.772548,-0.171841,-0.330868,-0.460378,0.102921,-0.209341,0.509227,0.262972,0.0339173,-0.486849,0.33853,-0.322198
-0.611005,-0.172698,-0.30854,0.700808,0.209146,-0.232512,-0.285374,-0.305758,-0.203805,-0.402401,0.227055,-0.395706,0.628205,0.533347,0.855349,0.509607,-0.394233,0.500635,0.775181,-0.0183927,0.0370487,-0.129786,0.50109,0.392253,-0.23498,-0.224748,-0.182808,0.770675,-0.27222,0.491326,0.311877,0.476255,0.155452,0.0944797,0.27934,0.224474,0.0649668,-0.34163,0.323409,-0.289033,0.086406,0.322939,-0.158048,-0.569278,-0.233673,-0.159179,-0.137501,-0.457596,0.158066,-0.242935
-0.00598505,0.450101,0.281672,0.448724,-0.283225,-0.7254,-0.135515,-0.199324,0.110188,0.687379,-0.197074,0.39269,0.269655,-0.124051,-0.0101231,0.25704,0.280791,0.0293437,0.0223959,0.273422,0.0273355,0.426224,-0.788639,0.131501,0.601898,0.304315,0.180139,-0.459471,-0.286734,-0.491115,0.0288368,-0.0860721,0.115678,0.122236,0.170645,0.151307,0.339741,-0.501461,0.483648,0.250723,0.0852747,-0.4273,-0.377178,0.0316664,-0.724723,0.093725,0.46196,-0.0209792,-0.462335,-0.872217
-0.198815,-0.621062,0.349244,-0.137057,0.155205,0.240409,0.047347,-0.636464,-0.159142,0.0957226,-0.299117,0.463094,0.280496,0.36943,-0.399058,-0.0805702,-0.165183,-0.484615,0.411287,-0.147337,-0.353052,-0.166991,-0.454672,-0.514802,0.884271,-0.17877,0.132796,-0.175757,0.216766,-0.339051,-0.542653,-0.0997655,-0.230713,0.155596,-0.574819,0.498008,-0.323909,-0.409689,0.284033,-0.256106,0.370582,0.218884,-0.623164,-0.1838,-0.551137,0.0852401,-0.216493,-0.0777557,-0.199437,-0.264258
0.14556,-0.0922645,0.271602,0.549618,-0.121955,0.452021,0.307384,0.259737,-0.0446066,-0.2812,-0.479331,0.437024,0.428493,-0.401059,0.289737,-0.0542345,-0.860945,-0.0791791,-0.0690038,-0.129393,0.255638,0.0565615,0.304532,0.209343,0.19511,-0.572295,-0.133488,0.0822732,0.278195,-0.520454,0.288422,0.135337,-0.297805,-0.55774,-0.667883,-0.233262,0.179428,0.115973,-0.502191,-0.23941,0.76679,0.616277,-0.0683459,-0.186017,-0.125379,0.538849,-0.0771605,0.631779,-0.0763877,0.586256
-0.0461339,0.25377,-0.298894,-0.388183,-0.452687,0.382416,0.643509,-0.00584237,0.788224,0.013733,0.490521,-0.410499,0.254768,-0.577612,-0.572391,-0.575589,-0.191937,0.25063,-0.337895,0.0894826,-0.0435981,-0.136806,-0.299624,0.205549,-0.51754,-0.390943,-0.468333,-0.0634483,-0.138737,0.195975,0.229121,0.487381,-0.06038,0.160742,-0.725802,-0.159988,0.236509,0.675251,0.00959121,-1.04202,0.182921,-0.579401,0.629632,-0.384059,0.485448,-0.61368,0.233998,0.605815,-0.0501009,0.165021
-0.433759,-0.237675,0.558768,-0.235771,-0.351044,-0.445118,0.303137,-0.0740028,-0.336282,-0.0963569,-0.224393,-0.586645,0.177408,-0.162449,-0.434127,0.301066,0.0196426,0.131085,0.0814167,-0.0105619,-0.130137,-0.155023,-0.099024,-0.525453,-0.0274016,0.134111,0.6942,0.1031,-0.381087,0.27827,-0.670137,0.647506,-0.24832,0.299366,-0.0254237,0.368277,-0.290934,-0.0461033,-0.269031,0.177062,-0.358422,-0.537931,0.449727,0.0489426,0.384123,-0.0558743,0.517862,-0.325925,0.670005,-0.55231
-0.485791,-0.283074,-0.377495,0.291989,0.0877482,-0.195538,-0.0222203,0.529403,-0.334049,0.149368,-0.0843564,0.164162,-0.324947,-0.171069,0.580257,-0.254691,-0.281996,-0.278714,0.641159,0.305238,-0.574487,0.249835,0.0659118,-0.616893,0.266475,0.764389,-0.498116,-0.628967,0.273011,-0.302672,0.312625,-0.422147,-0.515478,-0.206891,0.114208,-0.245681,0.153075,-0.0459879,0.258593,0.231597,-0.304946,0.481732,-0.0641688,-0.26994,0.0173296,0.0880661,0.559473,-0.197579,-0.26447,0.0867322
-0.079012,0.336508,-0.52354,0.462431,-0.433108,-0.14632,-0.138419,0.0721337,-0.196118,0.58968,-0.552246,0.334972,0.109433,-0.0566361,-0.132469,0.476364,0.360184,0.388533,-0.0894622,0.292989,0.196509,0.639474,-0.209532,0.322772,-0.219264,0.328015,0.0418204,-0.527962,-0.137164,-0.103668,-0.434777,-0.400444,0.33663,0.0570088,0.309346,-0.424361,0.0143175,0.129389,0.347113,0.705631,0.0426364,-0.0993136,0.0393141,-0.132507,-0.421876,0.38008,0.47992,0.742526,-0.00873687,-0.706533
-0.159797,-0.268385,-0.769528,-0.0807558,0.344167,0.4665,-0.0825195,-0.105387,0.0543042,-0.140507,-0.722522,-0.0438735,0.270898,0.00948984,-0.110959,-0.275913,0.0697601,-0.170165,-0.437857,-0.491662,0.0406336,0.0609971,0.468981,0.189303,-0.0302949,0.191142,0.847124,0.441164,-0.741812,0.0684765,-0.723514,0.250975,0.620299,0.268362,-0.562348,-0.00918464,-0.450912,0.631356,0.729977,-0.128902,0.633274,-0.312738,1.13283,0.439878,-0.331807,-0.31718,-0.452941,-0.238479,0.21219,-0.039455
-0.407297,-0.00109461,0.224583,0.548054,-0.132921,-0.281657,0.120595,-0.00973624,0.330187,-0.530875,0.336148,-0.238415,-0.055577,-0.224254,-0.257152,-0.312552,-0.331792,0.271207,-0.0765861,-0.407165,0.419385,-0.440715,-0.165281,0.242941,0.0838368,-0.646752,-0.608755,0.397337,0.591226,0.792831,-0.0890824,-0.279903,0.175872,-0.0510182,0.165132,0.151542,-0.310229,-0.155141,-0.174528,0.0630695,-0.0287016,-0.0147494,0.425197,-0.0975346,0.578777,0.234085,-0.702729,-0.268255,-0.0496681,-0.158256
0.290991,-0.43882,0.347364,0.0627235,0.211821,-0.192667,0.509671,-0.153248,0.0907532,-0.443402,0.520131,-0.296643,0.330793,-0.092134,-0.604038,-0.0939809,-0.720894,0.411505,0.367873,0.20815,-0.232035,-0.200331,-0.076956,0.117703,-0.593624,-0.372011,-0.0151246,-0.0621508,0.0252837,0.177447,0.438289,-0.0756921,0.0147194,-0.395068,-0.318366,-0.151388,-0.209382,-0.134834,-0.2977,0.268075,-0.183208,0.549609,0.0405805,-0.103888,-0.0558861,-0.68379,-0.26893,-0.00645006,-0.126385,-0.173251
-0.277629,-0.196575,-0.0894169,-0.00812562,0.49965,-0.569985,0.321085,0.00179572,-0.319445,-0.323909,-0.708062,0.60313,0.222678,0.00958266,-0.719053,-0.356768,-0.00728034,-0.515529,0.0431798,0.346314,-0.58096,0.210191,0.278389,0.234732,-0.0712821,-0.343503,-0.0371803,0.273207,-0.282518,0.0605128,-0.293969,0.732987,0.248297,0.0545201,-0.141673,-0.150382,-0.030001,0.238432,-0.772302,0.544622,-0.125919,0.114392,-0.362999,0.267545,0.104859,0.266922,-0.397008,-0.126637,-0.262871,0.224165
-0.25943,-0.052868,-0.798751,0.107199,0.423334,0.0978081,-0.543871,-0.720686,-0.104771,-0.346562,-0.260546,0.0720099,0.129565,-0.56618,0.257184,-0.133465,-0.193496,-0.413629,0.395635,-0.354353,0.560274,0.35087,-0.0267678,-0.422546,0.311717,-0.4043,-0.488437,0.467945,0.156306,0.285572,0.306046,0.170406,-0.152488,-0.137459,0.405412,-0.0335605,0.358435,0.177035,-0.300102,0.148008,0.310039,-0.420643,0.142627,-0.0853698,0.744804,0.257773,-0.888221,-0.0626213,-0.285301,-0.0955199
0.162428,-0.133527,0.259459,0.267926,-0.341195,0.55447,0.403669,-0.573433,-0.117561,0.106285,-0.332297,0.0807959,-0.12033,-0.308562,-0.765126,0.013373,-0.440826,0.181691,-0.673088,-0.507764,-0.0701841,0.125883,0.22049,-0.497273,0.601235,-0.155265,0.287264,0.499202,0.278863,0.484656,-0.270638,0.243586,0.132489,-0.11426,-0.233052,0.417196,0.255945,-0.0317345,-0.21026,0.048829,0.444609,-0.574222,0.365881,0.340758,-0.0411747,0.254873,-0.658957,-0.183748,0.272771,-0.400248
-0.04895,-0.171033,0.435584,0.234939,-0.535003,0.00665848,0.267472,0.276447,-0.163522,-0.666243,-0.265552,0.318781,-0.210371,0.360803,-0.430599,-0.14846,-0.792012,0.4864,0.152495,-0.293601,0.821762,-0.447629,0.284769,-0.100614,-0.226115,0.257261,0.327814,0.0256243,-0.482615,-0.306014,-0.29479,0.0697634,0.119008,0.877309,-0.469725,0.0930086,0.506041,0.301407,-0.246735,0.465405,0.762065,0.185815,-0.517605,0.182608,0.298725,0.434409,-0.167952,-0.541124,-0.398746,0.425293
0.465214,-0.201844,-0.461537,0.414777,-0.435681,-0.18794,-0.110752,0.283916,0.0725956,-0.102556,-0.255574,-0.314078,0.222207,0.464574,-0.0610859,-0.0926822,-0.655734,0.0531892,0.0036544,0.337466,0.505094,-0.544591,0.72644,0.196964,-0.0637025,0.0720789,-0.716718,0.366018,-0.182492,0.0841777,-0.0281329,-0.00932767,-0.0744583,-0.192727,-0.19476,0.0606335,0.0265718,-0.0917062,0.264422,0.208999,-0.247248,0.133512,0.157588,0.460254,0.166441,-0.356359,-0.132005,-0.056917,-0.161669,0.343743
0.398504,-0.490259,0.0805291,0.251079,0.340231,0.415252,-0.632884,0.257649,0.125178,-0.0690474,-0.234281,0.249758,0.368764,0.133146,-0.327642,-0.0452399,0.617824,0.183618,-0.383839,-0.0962641,-0.546395,0.39646,-0.105251,-0.226035,0.17575,-0.0946191,-0.284573,-0.360113,0.0958886,0.000771413,0.333052,0.351233,0.0411232,0.170209,-0.15759,0.0567867,-0.0119921,-0.486744,0.520521,-0.174434,-0.156048,-0.8245,0.512973,-0.183776,-0.379846,-0.179097,0.788766,0.457332,0.0371228,-0.155514
0.134607,0.484198,0.417535,-0.31469,0.0884838,0.688292,-0.230248,-0.127497,-0.158605,0.365813,-0.0913986,0.00926453,-0.182041,-0.622025,0.447169,0.341111,0.30313,0.105682,0.315545,-0.636919,-0.273988,-0.397872,-0.0326247,-0.123657,-0.0570699,-0.236205,0.0822003,0.0414523,-0.124185,0.298848,-0.124628,-0.389875,0.0393741,-0.155683,-0.0649674,0.0955343,0.140236,-0.017986,0.325956,-0.0746063,-0.430899,-0.22448,-0.00991362,-0.547252,-0.0307227,0.100383,-0.189515,-0.0917252,-0.108934,-0.507847
-0.0518959,0.300825,0.212601,0.576159,0.457152,0.0721114,0.420265,-0.545845,0.145991,0.314909,0.412835,-0.301054,0.373641,0.125745,-0.0943472,0.551284,-0.405722,0.265658,0.409064,0.401216,0.10988,-0.269177,0.105597,0.328444,-0.434461,0.148654,0.00246859,-0.0764531,0.900295,-0.302675,0.628042,-0.0778454,0.200807,-0.233432,0.721305,0.590548,-0.0700366,-0.681933,-0.320622,0.173558,-0.0072854,-0.122835,-0.86085,-0.410967,-0.456471,0.149778,0.13261,0.391301,-0.116782,0.21736
