0.496256,0.979988,0.0787114,-0.239773,-0.0228535,0.350577,0.225121,0.552029,0.36777,0.43131,0.169415,1.07981,0.27963,0.105985,1.05033,0.773298,0.543335,-0.169536,-0.0862947,0.260137,1.21137,0.797253,0.594938,-0.303128,0.516011,0.0126314,0.172407,0.106799,-0.133419,0.935883,0.730483,-0.109692,-0.104256,0.656402,0.30362,-0.33492,0.198634,-0.307991,0.292642,4.90942e-05,0.581178,-0.242093,0.371914,0.685046,0.445425,-0.0181404,0.928665,-0.170464,0.530363,0.7252,0.284198,0.731441,0.339623,0.665439,0.676405,0.694045,0.521778,0.94992,0.598686,0.900792,-0.14168,0.0720879,1.10118,-0.126078,0.190582,-0.00393963,1.53443,0.569992,0.681713,0.0117943,0.966039,0.344192,1.14267,0.38189,0.332269,1.15204,-0.308117,0.255332,0.298993,-0.348183,0.730655,0.440547,0.996696,0.317166,0.956134,1.34406,0.707055,0.633824,-0.0718048,0.108274,0.251428,0.51583,0.242976,-0.297954,0.0343055,0.986716,1.89391,1.22045,0.798745,0.744476
0.422542,0.311999,-0.496563,0.13225,0.423555,-0.0793214,0.488202,0.624857,-0.11039,-0.122113,0.338095,0.0849684,-0.298441,-0.367507,-0.120769,-0.263835,-0.489701,-0.0613669,-0.456284,0.0886481,0.131314,0.358665,-0.147915,-0.0695032,-0.456573,-0.349101,0.456366,0.318244,0.475441,0.415635,-0.0719623,0.187682,-0.0663864,-0.0885797,-0.154076,0.48567,0.293767,0.425137,-0.230501,-0.262255,-0.159966,-0.376547,0.214154,-0.313598,0.656943,0.380573,0.208362,-0.237644,-0.142679,0.51296,0.0843643,-0.227137,-0.0830663,-0.354863,-0.253294,-0.434283,0.327827,-0.362537,0.00988119,-0.468195,-0.286475,0.267524,0.10762,-0.0353212,-0.203454,-0.0596697,0.559548,0.0730505,-0.35814,-0.0524776,-0.387867,0.138844,0.182605,0.0911617,0.470009,-0.349524,0.219549,0.358921,-0.338537,-0.0200975,0.090553,0.335147,0.35268,-0.131139,0.139147,0.0707708,0.234864,-0.0263091,-0.338392,0.0873656,-0.368227,0.297326,0.503159,-0.379902,0.0854397,0.437399,-0.369201,-0.0447938,0.0655474,-0.366634
-0.485423,-0.403119,-0.056418,-0.16552,-0.371293,-0.402299,-0.397987,0.0154502,0.173156,-0.0811842,-0.0863894,-0.218824,0.125992,0.277486,0.499782,-0.248694,0.269293,-0.098013,-0.159042,-0.0439212,-0.149567,0.403936,0.277409,-0.465398,-0.124389,-0.207421,-0.0613112,0.106361,0.438244,-0.367013,-0.284486,-0.303448,-0.342955,0.188399,0.0922099,-0.198068,0.124963,-0.0231584,0.392696,0.0630202,0.100466,-0.303371,-0.100394,-0.0407105,0.255574,-0.136799,-0.296539,-0.369157,0.455876,0.050083,-0.0511983,0.0971679,-0.457507,-0.0405711,-0.433288,-0.384346,-0.277975,-0.0664164,0.0579629,0.257758,0.0912462,-0.387155,0.211977,0.0515219,0.266561,-0.0754134,0.815286,0.26712,0.647098,0.160744,-0.243376,-0.259105,0.267669,0.205142,-0.470222,0.496169,0.0338413,0.385884,-0.0685902,-0.258295,-0.253248,-0.197868,-0.168026,0.098569,0.581429,0.524821,0.753962,-0.285125,-0.0592176,-0.125238,-0.312251,-0.517819,0.0405822,-0.435205,-0.173166,0.337815,0.00903707,-0.234275,0.488464,0.267996
-0.492922,0.231932,-0.291993,-0.285715,0.163831,0.125945,0.24768,0.503852,-0.288897,0.536182,0.448418,-0.314536,-0.00145416,-0.1447,0.0639391,-0.116558,0.265296,0.0703784,-0.0420969,-0.429974,0.445493,0.220205,0.344148,-0.244729,-0.11551,0.0209089,-0.0680097,-0.15801,0.398163,-0.233509,0.0878731,-0.315843,0.0607779,0.254863,-0.355711,0.120504,-0.416608,0.181656,-0.04216,0.0393852,0.375994,-0.219694,0.27224,-0.476731,0.521132,-0.407509,0.0652211,0.0977136,-0.351592,0.0097773,0.0874121,0.113121,0.151534,0.35044,-0.372212,-0.0186847,-0.350416,0.211992,-0.402825,0.272775,0.399638,-0.00801862,-0.231912,-0.00191987,-0.278165,0.414668,0.411263,-0.11942,-0.487484,-0.0340883,-0.362843,-0.326128,-0.177783,0.43015,-0.425984,0.339721,-0.214107,0.348748,-0.333096,0.0258252,0.308284,0.0991743,-0.10674,-0.359424,0.163599,-0.0782161,-0.35286,0.355197,0.311587,0.473121,0.518964,-0.182649,0.00442955,0.466664,-0.262883,-0.368609,0.044325,-0.0303939,-0.424602,0.474648
-0.436112,0.0147561,-0.264019,-0.197451,0.474151,-0.15017,0.169038,0.314221,-0.365513,0.483472,-0.30424,0.329228,0.52907,0.141606,0.0732055,-0.377544,0.340599,0.0406379,0.579795,0.0202232,0.428574,-0.451729,-0.146556,0.498767,0.376727,0.200307,0.231246,0.0590213,-0.490138,0.0634211,-0.345829,-0.10782,-0.0166711,0.162478,-0.210352,0.276238,-0.0891402,0.239004,0.42924,0.30681,0.316121,-0.390936,0.416214,-0.265778,0.557965,-0.308235,0.0664383,-0.228375,-0.38219,0.501176,-0.393249,0.285603,-0.27216,-0.224871,-0.167376,0.402265,-0.376877,-0.0607348,-0.415,0.59776,0.415001,-0.0792677,0.739899,-0.229751,0.151935,0.439716,-0.151754,0.420703,0.6365,-0.353802,-0.379065,0.0042346,0.232412,-0.466531,-0.348266,-0.118959,0.223967,0.0955328,0.243186,0.154144,-0.32571,0.112769,0.465995,-0.319968,0.283588,0.693784,-0.30853,-0.451512,0.248653,0.455545,0.245361,0.458109,-0.0927523,-0.460607,0.419112,-0.0164217,-0.260195,-0.133465,0.403042,0.144944
-0.092881,-0.0639786,0.36611,-0.125081,0.00204024,-0.19773,0.185489,0.494978,-0.418593,-0.104343,-0.522643,0.432625,0.149296,-0.114868,0.50882,-0.0400448,0.360443,-0.162811,-0.113974,-0.330467,0.153646,0.29722,0.30866,0.418662,0.619018,-0.10474,-0.278949,-0.436196,-0.232176,-0.268148,0.463817,0.251151,-0.152447,-0.347252,0.0357567,-0.195671,0.415261,-0.342925,0.146987,0.457234,0.213766,-0.467632,0.0388653,0.291736,0.046284,0.407228,0.455929,0.143479,0.305588,-0.222517,0.271365,-0.025396,-0.333845,0.0169002,-0.147018,0.143319,0.0262427,-0.433534,0.105436,0.775285,-0.254987,-0.0328422,0.532809,0.161201,-0.196515,0.197917,0.906705,-0.0467614,0.479678,-0.343536,0.648899,0.179139,-0.0228965,0.474889,-0.331815,0.219816,-0.499644,0.300727,0.0111563,-0.468715,0.162638,0.309285,0.23328,-0.0237756,-0.102643,0.2458,0.11548,-0.237391,-0.242083,0.308334,0.139676,-0.0711422,-0.389587,-0.383964,0.0506912,0.171053,0.887985,0.0546969,0.0585777,0.0496752
0.142773,-0.115847,-0.346364,-0.0480284,-0.0570545,0.607029,-0.202875,0.045907,0.163824,0.67604,-0.453616,1.32148,0.417994,-0.507902,-0.0848758,0.578178,0.590612,-0.0307272,0.510534,0.281557,0.819622,0.558396,-0.0982286,-0.130373,0.229233,0.0305698,0.51709,-0.25386,-0.0148914,0.507622,0.423609,-0.254296,0.0121264,-0.443769,-0.297646,0.429705,0.66258,0.235615,-0.492884,-0.140811,-0.0169586,0.304165,-0.0131538,0.673019,-0.408816,0.253212,-0.164175,-0.488566,0.253425,0.759232,-0.0416835,0.154609,0.473571,-0.279653,0.105625,0.146146,-0.347786,0.854555,0.545175,0.737248,0.264917,0.0147686,1.44018,-0.0779435,0.49476,-0.413069,1.54385,0.135536,1.0705,0.0469238,0.444261,0.0874629,0.835761,-0.359469,0.359795,0.389727,0.389893,-0.143276,0.0717493,-0.00925648,-0.220171,0.80202,-0.196221,0.0230619,0.550403,0.803261,0.760113,-0.130153,-0.321732,0.264136,0.187179,-0.16014,0.383222,0.209459,0.140673,0.581227,1.01482,0.666981,0.489731,0.10286
0.026766,1.01995,-0.283982,-0.420936,0.309312,-0.37994,0.127808,0.541502,-0.133499,0.712945,1.07197,0.572822,0.122187,-0.260799,0.866644,0.72883,0.545144,0.462221,-0.014533,0.223034,0.896738,-0.174062,0.689706,0.812334,0.317365,-0.0910173,0.589361,-0.0546534,0.314188,1.14297,-0.185769,-0.161514,0.449723,0.660235,0.629703,-0.370123,0.764744,0.0469082,0.812179,-0.212301,0.0186601,0.815578,-0.201151,0.56934,0.489914,-0.125463,1.14411,0.443604,0.951427,0.606467,-0.0355937,0.0760304,1.09602,0.832303,0.270664,-0.0959742,0.854428,1.03016,-0.159352,0.579611,0.699651,0.698239,0.298697,-0.189197,-0.460186,0.0126071,0.259961,0.133537,-0.044283,-0.470073,0.172894,-0.302781,0.4121,0.401381,0.0574054,0.147747,-0.401242,-0.0200145,0.171585,-0.0929817,0.656425,0.630025,0.358698,-0.308351,0.463982,0.032889,-0.170242,0.884325,0.224929,0.123618,0.438177,0.345236,0.180021,0.412915,0.265592,0.153759,0.709482,0.632078,0.154716,0.893033
0.0522336,-0.10939,0.298283,0.421545,-0.202088,0.883004,-0.247827,0.688124,-0.0241503,1.13481,-0.29712,1.3994,0.670046,0.125547,0.350628,-0.136182,0.960184,-0.0747623,0.521031,0.185242,0.533291,0.558961,1.09889,0.0780653,0.509927,-0.395981,0.765418,0.491972,0.0270139,-0.077373,0.307542,-0.122799,-0.464767,0.308052,-0.0498265,0.311298,0.793128,0.261381,-0.637279,-0.353527,-0.350057,0.06445,0.194243,0.148928,-0.254362,0.0769539,0.446745,-0.492815,0.583489,0.833592,-0.285755,0.241188,0.0324535,0.632373,0.514728,-0.324313,-0.0647576,0.77228,-0.317838,1.26679,-0.593732,0.171939,1.77466,0.0664875,0.297995,0.101053,1.47392,-0.376034,1.01258,-0.126261,1.0827,0.36988,1.04684,-0.296349,0.0679398,1.15638,-0.254087,0.00193196,-0.258562,-0.321993,-0.534756,0.524753,-0.26526,0.421544,0.851753,2.22868,1.45029,0.12513,0.375751,0.403882,-0.395525,-0.205037,-0.180711,0.367184,1.03255,1.61416,2.18118,1.03258,1.25688,0.482176
-0.248226,0.355838,-0.251401,-0.235508,-0.198729,-0.360196,1.03726,1.31698,-0.308476,1.29517,0.674102,0.836753,0.370284,0.162969,0.685365,0.423101,0.248888,0.904708,-0.0173792,0.885615,1.28346,-0.274791,0.565917,0.78349,1.04769,0.780434,0.549775,-0.139214,-0.372625,1.21327,0.403905,0.21107,1.36117,0.500481,0.689437,0.445455,0.21949,-0.134741,1.36707,0.250593,-0.34795,1.42971,-0.343602,0.837041,1.01632,0.362452,1.74013,0.180749,0.354235,0.837409,-0.501111,-0.249206,1.37402,1.29308,0.616726,0.51908,0.943167,0.730157,-0.0284662,0.57327,0.137859,0.775872,0.372053,0.0525813,-0.0220985,0.896535,0.0079329,0.746252,0.480931,-0.0661696,-0.238184,-0.325446,0.224166,-0.109564,-0.504136,0.230954,0.224629,1.25359,1.61346,-0.147205,1.6298,0.367224,1.07997,0.0210609,-0.122387,0.0430455,0.236642,0.677235,0.372109,-0.18957,0.254768,0.86307,0.226552,-0.279017,-0.240805,0.019883,-0.150916,0.695963,0.388312,1.41391
-0.451198,-0.183796,0.0734657,-0.484877,0.0490335,0.573412,-0.329806,0.409468,-0.0526826,0.849333,0.169527,1.37925,-0.220468,-0.373813,0.117547,0.0199253,0.906459,-0.628869,0.705849,0.400262,1.19639,-0.12058,0.394946,0.276501,0.551176,-0.0901365,0.191578,-0.480719,0.390509,0.389174,0.278813,-0.111098,-0.526463,-0.497326,-0.305977,-0.221569,0.587053,-0.343424,-0.14386,0.498666,0.12777,-0.176995,-0.209341,-0.0785686,0.125441,-0.407219,0.476819,-0.33001,-0.086377,0.714338,0.475126,0.525745,0.603822,0.0787786,-0.182505,-0.218377,0.418675,0.42108,-0.444846,0.646896,-0.391841,-0.34822,1.36991,0.370943,-0.341524,-0.346207,1.54035,-0.0246947,0.625433,0.188952,1.05273,-0.454217,0.978589,-0.00901129,0.223369,0.377143,-0.142364,0.178713,-0.72762,0.151829,-0.189201,0.964104,0.0135468,-0.175129,0.877253,1.31533,1.19162,0.676233,0.247848,-0.458367,-0.0468933,-0.281764,-0.0547167,0.341687,0.878763,1.02954,1.55351,0.812668,0.433333,-0.345665
-0.320887,0.413873,-0.486982,0.145451,-0.192707,-0.34186,-0.16339,0.548302,0.12127,0.276819,-0.00202853,-0.366451,-0.186915,0.137163,-0.263964,0.389096,-0.252686,0.568611,0.100659,0.171784,0.573709,-0.200001,-0.524234,0.0862978,-0.303154,-0.290763,0.36238,-0.080588,-0.268187,0.424578,-0.437961,-0.493132,0.169883,-0.166715,0.590402,0.346663,-0.0499062,0.0435311,0.71625,-0.344549,-0.214035,0.155564,-0.226594,-0.0484505,0.690847,-0.0541227,0.673663,-0.059528,0.721168,0.46523,0.141754,0.0321104,0.483978,0.0834249,0.0231735,0.230211,0.350902,0.464749,0.193261,0.362274,-0.238446,-0.0436594,-0.0938452,-0.244765,0.243958,0.0438505,-0.0774424,0.629623,-0.34952,0.0599892,0.00713403,0.468057,-0.521187,0.328637,0.102324,-0.46366,-0.234987,-0.0480843,-0.077133,0.0224829,0.533542,-0.512352,0.43719,0.334157,0.132979,0.317435,0.24251,-0.318144,-0.180282,-0.407892,0.298598,0.149345,-0.145786,0.444899,0.136529,-0.638346,-0.461024,0.366884,0.00482946,0.452828
-0.173514,0.537796,-0.194701,0.30622,-0.299874,0.176949,-0.063197,0.804075,-0.273468,1.03937,-0.681846,2.83916,0.130602,0.234095,0.197061,0.318001,1.72291,0.181772,0.657789,0.125579,1.20181,0.846094,1.66318,-0.725087,1.32336,-0.441252,0.669588,-0.281078,-0.337117,0.404307,0.848046,-0.0369227,-0.424715,-0.32885,-0.314604,0.0275348,0.597316,-0.380288,-0.54357,-0.304329,0.609613,0.208426,-0.464444,0.506672,-0.267068,-0.17366,1.09283,-0.443542,0.759128,1.66484,-0.167075,0.810425,0.0585198,1.02894,-0.165071,-0.279482,0.179777,1.47758,-0.157772,0.966687,-0.155687,-0.402699,2.70838,0.398894,-0.306563,-0.394077,2.7044,-0.439825,1.75591,0.141909,1.31867,-0.145554,1.81655,0.623587,0.0816335,1.24213,0.0751484,-0.344129,-0.190914,0.320088,-0.239245,1.63381,0.790513,-0.0718903,0.383634,2.08241,1.22073,1.17296,-0.288436,-0.549857,-0.209788,-0.165133,-0.0939702,-0.16892,0.958498,2.29829,3.06643,1.71365,1.4673,-0.0745602
-0.184897,0.947735,-0.149402,0.143293,0.233434,0.732255,-0.216988,0.992242,-0.256027,0.73858,0.110455,1.4485,0.27255,0.256594,0.537962,-0.237978,0.353352,0.566123,-0.12009,-0.143833,0.963856,0.208575,0.60653,-0.392357,0.810099,-0.074675,0.559182,0.163513,-0.411879,0.31001,0.289969,0.018769,0.0251242,-0.272231,0.582651,-0.425796,0.815069,0.253043,-0.117262,-0.307801,0.275092,0.549784,-0.243206,0.679715,0.364247,-0.261654,1.25065,0.125648,0.514219,1.12069,0.320583,0.113011,0.572886,0.390776,0.0936827,0.602111,0.706555,0.601751,-0.306393,0.698598,0.331429,0.170698,0.664387,-0.252162,0.0329785,0.0287123,1.05506,-0.381788,0.890893,-0.396354,0.144153,-0.24913,0.856108,0.542259,-0.145297,0.500569,0.152496,0.327942,-0.345743,-0.386769,0.0135846,0.629374,0.67694,0.311897,-0.228079,0.638397,0.518646,1.04593,-0.414295,-0.270195,0.157881,0.342471,-0.333119,-0.487506,0.463506,0.300912,1.37623,0.880439,0.349881,-0.042756
-0.45021,-0.128737,0.292256,0.130059,0.445913,0.210668,0.221671,0.585975,-0.111945,-0.144179,0.592853,0.205678,-0.0522536,-0.0671113,-0.0943763,-0.0963889,-0.0660823,0.28914,-0.203504,0.539129,0.363892,-0.0275712,-0.210479,-0.128199,0.512796,0.202993,-0.00268341,-0.151797,0.217818,-0.0632034,-0.296995,-0.208568,0.434509,-0.449626,0.0134522,0.270586,-0.289284,0.0148569,0.256964,-0.128538,0.0763414,0.157771,0.385778,0.119388,-0.240678,-0.394097,0.61078,-0.448781,-0.325428,-0.189272,0.272123,-0.227651,0.145048,-0.146309,-0.303499,0.360399,0.16379,-0.173899,-0.22822,0.406828,-0.209574,0.324151,0.430843,-0.0615818,-0.494722,-0.117833,0.0503381,0.425268,-0.134486,-0.416056,0.456102,-0.270845,0.577453,-0.356292,-0.318454,0.296551,-0.060794,0.302668,0.677541,-0.306984,0.578178,-0.343696,0.0922735,-0.0432324,-0.31039,0.0747026,0.000620391,0.238863,-0.0743163,-0.370821,0.0933714,-0.0727053,0.102452,0.287284,0.347872,-0.373357,0.0192971,0.673962,0.52655,-0.384875
0.448567,0.390652,0.0010462,-0.0797934,0.487046,-0.147686,0.478916,-0.172563,0.447043,0.402509,-0.150028,0.134781,0.428675,0.182773,-0.384138,0.079517,0.273655,0.00494326,0.148596,-0.0183784,-0.333207,-0.0685684,-0.0589558,0.111858,0.421644,-0.00682597,0.185785,0.108754,0.324411,0.185388,0.0043955,-0.333724,0.170458,0.250871,0.341687,-0.249032,-0.14065,0.0700224,-0.365165,0.451494,-0.0956572,-0.380539,-0.337063,-0.285255,-0.127511,0.481574,-0.317927,0.352249,-0.121826,0.359134,0.38379,0.0115134,0.361472,-0.444777,0.402196,0.320153,-0.175153,-0.169654,-0.391104,0.343968,-0.0915292,0.278264,0.586048,-0.205253,-0.44097,0.235598,0.0894456,-0.136962,-0.172573,0.342665,0.235645,-0.470864,-0.352051,0.0189113,0.279298,-0.250952,-0.0185017,-0.472995,0.392075,-0.0213405,-0.162493,-0.285549,0.00286579,-0.275695,0.355757,0.420884,-0.00328528,0.17746,0.128729,0.291825,-0.0220735,-0.105541,-0.0404547,-0.112474,0.364063,0.152457,0.0472011,0.257218,0.187155,0.215591
0.350235,-0.328112,0.230934,0.422273,0.251981,0.314886,0.404906,-0.166784,-0.445984,-0.133629,-0.196924,0.399783,-0.135675,0.100364,-0.341365,0.326726,0.334555,0.239102,0.407927,0.0864876,0.39165,-0.269899,0.285722,0.00906187,0.0682386,0.427378,-0.10156,-0.385823,0.143933,-0.30268,-0.103731,-0.160354,-0.386818,-0.548058,-0.362536,-0.456244,-0.0182994,-0.291639,0.367277,0.48909,-0.139571,0.210102,0.288307,-0.040041,0.32233,-0.471475,0.0470038,-0.214407,-0.294824,0.0291739,0.355516,-0.357208,0.324807,-0.127224,0.110632,-0.284162,-0.257745,-0.392207,-0.147926,-0.0147402,-0.0463126,-0.460893,0.488576,0.397651,-0.297331,-0.2201,0.70346,0.0354999,-0.196756,0.0529981,-0.315963,-0.477612,-0.0862046,0.4573,-0.0307251,0.617918,0.00326494,0.120758,0.336704,0.112229,-0.0674456,0.283391,-0.40942,0.131651,-0.390777,0.531528,0.659804,0.0185505,-0.101334,-0.209014,-0.157289,-0.340995,-0.174689,0.3785,0.590593,-0.224437,0.417695,-0.289434,-0.159103,-0.0868398
-0.411881,0.797327,0.204784,-0.256515,-0.192272,0.657703,-0.281435,0.887041,-0.223518,0.893171,-0.00166789,1.7902,0.498077,0.0839817,0.766488,0.316898,0.0717811,-0.083009,0.384244,0.493178,0.93674,0.4713,1.19663,-0.260701,0.311811,0.331737,0.979289,0.260885,-0.49826,1.03862,-0.0393775,0.491963,0.609593,0.34254,-0.360037,0.0779267,0.500673,-0.166399,0.571475,-0.218792,0.282134,0.179566,0.466654,0.928,-0.565869,-0.272848,0.831697,0.31533,-0.046563,1.05664,-0.253675,0.35691,0.555271,0.0328721,-0.164501,0.513091,-0.0744742,0.807914,0.276834,0.0057581,-0.28588,-0.159654,1.65742,0.136781,-0.265671,-0.0711394,0.861863,0.541977,0.921138,0.0525461,0.209297,0.0541822,0.786335,0.317383,0.119271,0.652603,-0.0606112,-0.332911,-0.368044,-0.169497,0.170028,0.199651,0.775812,0.773888,0.137852,0.702402,0.737965,1.03087,-0.40875,0.196045,-0.129948,-0.36227,-0.0661054,0.143927,0.877129,0.883277,1.41201,0.951944,0.979869,-0.0427974
-0.279879,0.316307,0.339101,0.219231,-0.43913,-0.201456,0.239034,0.845056,0.399286,0.00639153,-0.217513,0.534996,0.207298,-0.210511,0.590322,0.510581,-0.314235,-0.330013,0.161813,0.246954,0.394013,-0.0632224,0.431811,0.428392,0.224641,-0.136842,-0.266811,-0.464522,-0.064288,0.549628,0.0426772,0.371238,0.430939,0.296098,0.224649,-0.0294452,-0.121003,-0.395911,-0.228696,0.505218,0.323338,-0.300034,-0.238381,-0.247097,0.0972836,0.41369,0.643413,-0.282269,0.0884685,0.448352,-0.379987,0.0860257,0.688623,0.402546,-0.382815,0.578355,0.475944,0.0986665,0.336912,-0.120735,-0.167422,-0.419821,-0.341732,0.18844,-0.401093,0.488146,-0.202927,0.268594,-0.040221,0.108953,0.238911,0.129254,-0.271935,0.0952718,-0.431979,-0.399528,0.226756,0.11709,0.179104,-0.00360161,0.156035,0.328629,0.225604,0.599757,0.152645,-0.385798,0.252857,0.185105,0.0490489,0.0113131,0.299544,-0.132111,0.136787,-0.0927009,-0.02896,-0.329259,0.0790948,0.648042,0.196864,-0.289372
-0.380035,0.289733,-0.241446,0.0218714,0.491774,0.05084,0.305844,0.889497,0.404124,0.175938,0.0843797,0.436165,0.36854,-0.403432,-0.0865617,0.799693,0.121431,0.134298,-0.348624,0.0395682,0.437608,0.414379,-0.366774,0.69376,-0.0511093,-0.237777,0.410822,0.318753,0.394954,0.494608,0.487882,-0.335665,-0.0412328,-0.112205,0.124161,0.0934715,0.228983,-0.235261,0.473248,0.395148,-0.307263,-0.0863969,-0.4196,-0.302087,0.72953,0.0392832,0.984043,-0.437235,-0.0687965,0.163338,-0.449232,-0.292492,0.510239,0.383257,-0.296895,-0.311733,-0.280195,0.043876,0.399411,-0.164682,0.493453,0.276461,-0.481511,-0.030973,-0.440784,0.476197,-0.157806,-0.0697958,-0.030498,-0.353047,-0.324969,-0.457513,-0.101373,0.520914,0.342489,-0.082441,0.21567,0.828024,0.356637,-0.424298,0.581153,0.461185,0.765756,0.228841,0.274982,-0.0716046,0.373213,0.33106,-0.0162247,-0.209526,-0.327841,0.023849,0.0810318,-0.347291,-0.201529,-0.184341,0.0807023,0.638,-0.127224,0.279988
0.445728,0.631444,-0.139307,-0.387205,-0.461474,-0.103716,0.0864631,1.35691,0.17476,0.384507,0.0868151,0.822838,0.00302811,0.293025,1.03259,0.0764489,0.657825,0.71667,-0.00649289,-0.0481291,0.852146,0.232942,0.87818,0.486481,0.779223,-0.226731,0.191182,-0.161204,0.371542,0.281288,0.175436,-0.507317,0.920132,0.278065,0.0354557,-0.215465,0.533838,0.390274,0.501003,-0.161081,-0.0489507,0.782707,0.144935,0.830095,0.21184,-0.501684,0.603356,0.263448,0.659012,1.17574,-0.365147,0.034416,0.77481,0.222658,0.0755973,0.132257,0.882584,0.858438,0.219895,0.941735,0.583514,0.108161,1.25078,-0.359579,0.248614,-0.203619,0.487471,0.0764537,0.416625,0.0952518,0.05194,-0.251912,0.205465,0.551261,-0.0378739,0.179124,-0.203047,0.265411,0.825022,-0.225087,0.670222,0.672996,0.348931,0.358743,0.618167,0.560301,-0.0847608,0.261783,0.553065,-0.322223,-0.19522,-0.030637,0.184804,-0.0116568,0.520578,0.0907981,0.544139,1.21055,0.179509,0.69962
0.241081,0.880316,0.19582,-0.229625,-0.419808,-0.348854,-0.171982,0.155511,-0.127473,0.0471784,0.0961253,0.344411,-0.0288637,-0.138257,0.164813,0.234028,-0.189963,-0.0587497,-0.392219,0.359622,-0.176169,0.165532,0.468283,0.23307,-0.0339294,0.504024,0.31589,-0.185004,0.187388,-0.00130949,-0.269656,0.34348,0.917378,0.445677,-0.311139,-0.49689,0.275044,-0.390449,0.442575,0.477732,0.147991,0.679179,0.0557975,0.658001,-0.322262,0.0629796,1.01201,-0.217599,0.00362792,0.401669,-0.427776,-0.200761,0.246258,0.418818,-0.137247,-0.0567719,0.354791,0.527965,0.435856,-0.053071,-0.273507,0.456185,-0.280797,-0.0201048,0.270389,0.541748,0.14426,0.077026,-0.140812,-0.0903404,0.355082,0.180033,0.276508,0.397921,-0.0462337,0.516237,-0.448593,-0.226658,0.364309,0.496158,0.504093,-0.135878,-0.294738,0.619047,-0.0698203,0.0992284,-0.339207,-0.0453237,-0.20736,-0.451342,0.578097,0.428821,-0.433625,-0.309385,0.0925186,-0.263453,-0.319444,0.890969,-0.211397,0.60258
-0.386106,0.443524,-0.0976838,-0.0531189,0.357838,0.19584,0.0982427,0.371548,0.316196,-0.369822,0.159985,-0.476575,0.406964,0.346403,-0.15868,-0.209806,-0.475493,-0.070541,0.420285,-0.259319,-0.175354,-0.301581,-0.264481,-0.0827155,-0.0888603,-0.0663363,-0.405222,0.424379,0.168943,0.189353,-0.380115,0.127654,0.361047,0.176011,-0.477245,-0.310317,-0.0950528,0.372504,-0.115579,-0.0535832,-0.350976,-0.440064,-0.363873,0.474094,0.207923,0.0457571,0.287547,-0.133898,-0.255764,0.43509,-0.445143,-0.0985546,0.354119,-0.0563841,-0.299989,-0.183444,-0.415511,-0.304082,-0.0165883,0.473581,0.446417,0.174447,0.361217,-0.28916,-0.00804944,-0.252245,-0.367941,0.168532,0.398982,0.163742,-0.375536,-0.503127,-0.301414,-0.245159,-0.203383,0.343469,-0.138469,-0.148476,0.509773,0.396052,0.344834,0.00545871,0.308927,0.290328,-0.388013,-0.196743,0.0811035,0.398208,0.488267,-0.333586,0.331761,-0.123903,-0.227642,0.223653,0.439376,0.365202,0.0851622,0.202376,-0.0446636,0.075595
-0.425781,0.390462,-0.347127,0.32024,0.363297,0.380954,-0.0999529,0.118801,-0.479624,0.401129,-0.201633,-0.0103598,0.490632,-0.255105,0.334348,0.520927,0.384516,-0.127741,0.374494,-0.113131,-0.0562545,-0.367857,-0.0318051,0.140296,-0.147111,-0.450834,0.596865,0.399551,-0.355683,-0.388165,0.372004,0.372063,-0.199217,0.421281,-0.282097,0.444596,0.302159,0.130925,0.401219,-0.485519,0.134447,0.252917,0.0675832,-0.197367,-0.122895,0.437947,-0.107742,-0.317661,0.0583197,0.364614,0.325409,-0.329122,-0.0688926,0.377705,0.454175,0.286245,0.0530412,0.21835,0.00269646,0.371736,0.434934,0.032495,0.414989,0.414373,-0.216047,-0.135594,0.650028,-0.390377,-0.188034,0.410151,0.339845,-0.11912,0.460399,0.10354,-0.357538,0.626601,-0.496721,0.0548209,-0.262097,-0.355115,-0.482125,0.56175,-0.312776,-0.194144,-0.28441,0.733822,0.752311,0.311794,-0.167953,-0.456128,-0.0817144,-0.516756,-0.450092,-0.328277,0.475459,0.267433,0.735945,0.008045,-0.038757,-0.15168
0.400279,0.7926,-0.358193,-0.378568,-0.210346,-0.00999133,0.342913,1.18799,-0.260039,0.565629,1.00358,0.923434,0.746412,0.309704,0.457521,1.09284,-0.346891,1.44941,0.418686,0.933781,0.895787,-0.26738,0.618156,0.477026,0.960111,0.937324,1.02894,0.295218,0.309595,1.31062,0.137718,-0.07611,1.52678,0.306422,0.621845,-0.455727,0.630135,0.082754,1.18051,-0.281417,0.337163,0.883423,-0.140009,0.722423,0.306613,0.032237,2.13084,-0.368121,1.2259,0.709939,-0.362154,0.33951,0.954128,1.41907,0.722813,0.899945,1.14493,0.466677,0.54718,0.383659,0.362667,0.821018,0.081364,0.0059841,0.170701,0.276459,-0.121007,0.301269,0.720613,0.310196,0.541204,-0.22366,0.306456,0.295097,-0.433341,-0.501075,-0.39087,0.557179,0.80752,-0.269416,1.69839,-0.149453,0.835688,0.446882,0.268181,0.407184,0.124377,1.34486,-0.0192739,0.0851335,0.552251,0.799243,0.21502,0.193165,-0.34655,-0.44099,0.300913,1.44798,0.906892,1.20368
-0.156349,0.359893,0.00949414,-0.270143,0.368693,0.082377,0.631956,0.912573,0.412228,1.29705,0.716624,0.834648,0.528393,0.185945,0.903736,-0.0562962,0.0219611,0.761505,0.0794831,0.472007,1.22989,0.854972,-0.0289357,-0.0848875,0.724011,0.528652,0.445026,-0.353911,-0.434355,0.660464,-0.016181,0.0652451,0.410327,0.02365,0.034511,-0.531595,0.235952,0.209182,0.504483,-0.28819,0.0808682,0.928563,-0.415802,0.212089,-0.176026,-0.35898,1.00398,0.273398,0.866388,1.11644,-0.0580997,-0.113267,0.861925,0.772982,0.744666,0.280924,-0.123297,0.87912,0.0318278,0.895068,0.731881,0.00327005,1.15706,-0.0606786,0.326822,0.588166,0.397653,0.791168,0.767575,-0.484872,0.906233,-0.00612885,0.767116,0.423206,-0.177577,0.73665,0.360624,0.677699,0.976793,0.358909,0.279184,0.175638,0.997742,-0.0636355,0.351415,1.30956,0.619656,0.51225,0.37062,0.417242,0.670276,0.162879,-0.300995,-0.337133,0.709029,1.06949,1.4183,1.12912,0.766304,0.538573
-0.1403,0.0618759,0.168085,0.292421,-0.231296,-0.502862,-0.479778,0.307851,-0.468126,-0.358907,-0.412496,-0.209018,-0.349159,-0.142402,0.0987575,0.134681,-0.0157391,-0.196794,-0.189563,0.331395,0.305385,0.0386569,0.492975,-0.395292,-0.366782,0.0808511,0.152287,0.101776,-0.297679,0.514129,-0.040705,0.131101,-0.25251,-0.00871345,-0.223577,-0.343571,0.314782,0.0408735,0.328032,-0.189451,-0.0430598,-0.232473,0.22279,-0.00939195,0.404158,-0.147698,-0.186176,0.273725,-0.174796,0.504846,0.16842,-0.0679233,0.0454597,-0.424119,-0.0659235,0.0269524,-0.463639,0.0817482,-0.291392,0.0820371,-0.0566,0.226153,-0.367025,0.351039,-0.451185,0.362663,0.341701,0.20417,0.171054,0.16884,0.242961,-0.301596,0.0660567,-0.433031,0.370806,-0.140633,-0.205262,0.0114854,0.227292,-0.396242,-0.181388,0.0233246,-0.304835,-0.0630432,0.221048,-0.346786,0.239676,-0.141189,-0.308341,0.351116,0.252503,-0.290324,0.374009,0.0885587,-0.238056,-0.257393,0.311664,-0.00918245,-0.115167,-0.0898849
0.0980702,-0.357047,0.373222,-0.228816,0.108352,0.422698,-0.306229,0.750408,-0.207462,0.187884,0.09164,-0.100574,-0.173549,-0.435739,0.299258,0.674271,-0.403243,-0.0290394,-0.275543,0.111928,0.351519,0.226764,0.0477665,-0.24387,0.111218,0.182329,0.466476,0.347701,-0.136207,0.845585,-0.568007,0.375374,0.575863,0.00151178,0.0419361,0.13987,-0.0557986,-0.205189,0.78474,0.0816508,0.491187,0.693724,-0.105084,0.0700384,0.178421,-0.257347,0.649528,-0.230127,0.12447,0.201501,-0.458498,-0.151559,0.361432,0.285781,-0.26675,0.667065,0.622217,0.211283,-0.223419,0.073481,0.646544,0.0832123,-0.187274,0.273124,0.352579,0.280575,0.151798,0.317485,0.112627,-0.104013,0.0697217,0.389615,0.402708,0.220514,0.0323237,0.191605,0.171129,0.687818,0.681387,-0.446258,0.13894,-0.666316,0.171632,0.17026,-0.0575126,-0.466881,-0.320992,0.56872,0.561947,0.124718,0.603679,0.00084694,-0.23855,0.193953,0.14095,-0.233259,-0.393842,0.173258,-0.00142865,0.110277
-0.217694,0.474509,0.00896576,-0.0243719,0.118719,0.501504,0.316583,-0.0836135,0.487388,-0.291827,0.377474,0.414523,0.357317,-0.0153138,0.170611,0.489532,0.00484502,0.0199589,0.0278183,0.356161,-0.110326,0.0498614,-0.0209539,-0.0522153,-0.419514,-0.221473,0.278136,-0.389034,0.411633,-0.346452,-0.0668782,0.216464,0.481927,-0.0967582,-0.402399,0.00180015,-0.372057,0.0101214,0.283699,-0.0943333,-0.218018,0.137534,-0.371921,-0.328586,0.054753,-0.303338,-0.38121,0.470491,-0.407436,0.116753,0.369698,0.206026,-0.504126,-0.367071,-0.0610893,0.387056,0.211721,0.404692,0.28014,-0.290746,-0.136061,0.397963,-0.361239,0.180022,0.406199,-0.176659,0.409207,-0.0523139,-0.454015,0.235285,-0.111963,-0.337274,0.137785,0.335844,-0.498968,-0.465146,0.313378,0.207948,-0.370026,-0.0461926,0.0557526,0.358829,0.165099,-0.102901,-0.32982,0.344319,-0.3192,-0.325298,0.481309,-0.189002,-0.020874,-0.415484,-0.246989,-0.343572,-0.175633,0.0554409,-0.420514,0.255629,-0.404285,0.319742
-0.289715,0.895678,-0.0202627,0.273622,0.149852,0.341932,0.142956,1.70234,-0.457819,0.900587,-0.213018,2.40335,0.503392,-0.466924,1.25085,0.291588,1.18147,0.349495,0.133544,0.576673,1.07877,0.967067,0.852706,0.448653,0.657669,0.310964,1.36983,-0.371207,-0.18739,1.22817,0.747862,0.429385,0.107385,0.559019,-0.241295,0.193914,1.12906,-0.172406,0.814102,0.116641,0.237225,0.736129,-0.306432,1.11433,0.524086,0.381273,1.4179,0.244281,0.883924,1.46355,-0.118029,0.98838,1.07239,1.08905,0.717086,0.52394,0.0386327,0.983613,0.416345,0.727661,-0.0173308,0.391826,1.40165,-0.174267,-0.366974,0.51144,1.30556,0.277921,1.72929,0.33599,1.28202,0.134637,1.6955,0.616056,0.155746,1.44245,-0.33145,0.328643,0.314498,0.40285,0.815765,0.964944,1.29982,0.922289,0.889362,2.19362,1.65801,1.38353,0.316558,-0.114528,0.0876881,-0.0930909,0.334691,0.0727415,0.707135,1.00696,1.64197,1.71925,1.31895,0.463408
-0.00111064,0.920242,-0.335163,0.384712,-0.188189,0.906142,0.693066,1.31291,-0.167707,1.39785,0.573299,2.08527,0.347213,-0.295643,0.797708,0.789522,1.06791,1.15828,-0.101242,0.438829,1.74124,0.874608,0.490016,0.630238,1.15137,0.443505,1.03962,-0.15334,-0.0600424,0.839969,-0.186484,0.0257837,0.356361,0.724185,0.496831,0.073999,0.6562,-0.0269223,0.454138,-0.261186,0.206459,0.301914,-0.378056,0.893719,0.854825,-0.0566475,1.88696,-0.495058,1.44211,1.51713,-0.410139,0.459273,1.36492,1.06101,-0.14353,0.582471,0.402429,1.13955,0.631894,1.13152,0.460671,1.04852,1.06809,-0.368139,-0.035765,-0.0935936,1.86612,0.20779,0.388942,-0.421101,0.728427,-0.392914,1.39477,0.336735,0.11393,0.478472,-0.0217157,0.955483,0.363136,0.136827,1.68154,0.655376,1.42913,0.251373,0.362786,1.70686,1.20431,0.731422,-0.143437,-0.197917,0.301338,0.671649,0.0771848,0.122022,0.664029,0.885946,1.78722,1.02418,1.44205,1.12984
-0.0576847,0.492502,-0.475241,0.398099,-0.104204,0.257,-0.453639,0.262238,-0.214925,1.0075,-0.640737,2.13268,0.738147,0.316802,0.229684,-0.0563343,1.1345,0.0978619,0.486737,-0.113489,1.5244,0.282148,0.133555,-0.143886,0.632595,-0.421844,0.709409,0.0684971,0.0329782,0.86462,0.175842,0.075332,-0.341017,-0.285522,0.0290203,-0.154447,0.444366,-0.240179,-0.673896,0.499833,-0.126151,0.373373,-0.188658,-0.0053509,-0.386726,-0.508459,0.530572,-0.0826681,0.411349,1.40657,0.165784,0.439043,0.331873,0.421074,0.72844,-0.41571,0.421566,0.94896,0.474114,1.12488,-0.55142,-0.57289,2.01748,-0.291176,0.101835,0.615856,2.26842,0.106802,0.551125,0.0572425,1.05281,-0.396146,1.56499,0.00519835,-0.103064,1.49024,-0.488411,-0.113506,-0.587485,0.0170172,0.370905,1.40561,0.0532318,0.272258,1.05498,2.06853,0.448436,0.339753,-0.450257,0.216354,-0.235761,-0.321569,-0.196102,-0.391469,0.635155,1.42429,2.40384,0.540108,1.00285,0.312841
-0.24659,-0.218023,0.278321,-0.485774,-0.149633,0.191949,0.427169,1.06976,0.340421,0.548764,0.671843,-0.00775712,-0.20031,0.0312184,0.487263,0.363993,-0.290758,0.913896,0.314368,0.747665,0.652955,-0.317527,-0.339919,0.744575,0.53124,0.782658,0.266024,0.413439,-0.463533,1.02596,-0.395794,0.388071,0.284469,0.578611,0.767535,-0.485171,-0.321518,0.46639,0.363789,-0.43624,0.132679,0.894563,0.0591072,-0.204643,0.518088,0.263335,1.00019,-0.258785,0.556965,0.237242,0.353618,-0.337662,1.04703,0.763789,0.568437,0.336,0.969823,0.114836,0.392522,0.356762,0.0699965,0.285389,-0.492663,-0.0134994,0.324633,-0.195821,-0.481992,0.434439,-0.00309577,0.0306665,0.178234,-0.43914,0.164607,0.554381,0.195419,-0.311693,0.205225,0.453926,0.806678,0.403751,0.31453,0.0362772,0.222492,0.28685,-0.476929,-0.507051,-0.361483,0.00284345,0.221068,0.267701,0.647238,0.73922,-0.324028,0.268184,-0.4704,-0.118935,-0.0033736,0.755231,0.123658,0.509175
-0.422858,0.280552,-0.394965,0.434392,-0.0799138,0.114353,-0.242916,0.731623,0.0349666,0.177443,-0.101621,-0.0252049,0.102094,0.294697,0.113936,0.726549,0.166646,0.585732,-0.223236,0.265115,0.683768,0.32557,-0.359297,-0.170572,0.200664,0.56151,0.00875749,0.386173,-0.0928775,0.851204,-0.28293,-0.397351,0.311699,0.17733,0.10062,-0.0176248,-0.376242,-0.416287,-0.160135,0.47577,-0.258816,0.658957,-0.169955,0.633476,0.695975,0.104798,0.15463,-0.346435,0.548231,-0.156331,-0.477947,0.451556,0.21611,0.0118104,0.434733,0.0397975,-0.159511,-0.138018,0.547034,0.0721812,-0.151761,0.14636,0.190844,-0.0366628,0.0828062,-0.166152,0.181895,0.536794,0.493709,0.235532,0.508284,-0.240945,0.299946,0.557485,-0.161022,-0.417431,-0.343787,0.0390226,0.657163,0.481267,0.411335,-0.305591,0.725912,0.275814,-0.405533,-0.105732,0.239138,0.253084,0.411437,-0.310582,-0.311207,0.612205,-0.0479563,-0.0713076,0.071441,-0.372235,-0.298462,0.368469,-0.193418,-0.0129462
0.189736,0.280284,0.253995,0.0398828,-0.0105034,0.0012988,-0.139652,0.0896103,0.0555813,0.0992753,-0.245805,0.52913,0.21644,-0.397685,0.573881,0.120381,-0.336209,-0.0449916,-0.388474,0.209171,0.728303,-0.0529964,0.074541,-0.192849,-0.347926,0.62504,-0.249382,0.246179,-0.128204,0.838245,-0.395169,-0.065962,0.564481,0.204406,0.478216,-0.469636,-0.426211,0.421713,0.560764,-0.195681,-0.157448,0.469774,-0.0764645,-0.0989556,0.135822,0.143859,0.0689935,-0.407233,0.326407,0.433557,-0.373705,0.488801,0.619485,0.200575,0.237114,0.0626083,0.574749,0.537431,-0.133404,-0.0482061,0.118145,0.541176,0.411551,0.00154418,-0.0309163,0.0577761,0.272264,0.538727,-0.195505,0.0181071,-0.0233996,-0.483545,0.672521,0.422584,-0.282011,-0.161914,-0.08341,0.597709,-0.0812772,-0.194601,0.77671,-0.0948913,1.06812e-06,-0.452997,-0.277037,-0.0778068,0.199073,0.289767,0.187279,-0.0882963,-0.232791,0.296496,-0.470474,0.218288,-0.101361,-0.057946,0.000904247,0.100928,0.0442764,0.338467
0.0305973,-0.0435988,0.468737,-0.426987,0.016558,0.348961,-0.0666257,-0.33547,0.0756697,0.1283,0.546835,0.62643,0.550464,-0.126019,0.178578,0.503463,-0.495193,0.223951,0.462733,-0.151608,0.275807,0.102812,-0.464204,0.530191,0.250693,0.414678,-0.293053,-0.163208,-0.226625,0.349039,-0.00451272,-0.316279,-0.048201,0.0178806,-0.162612,0.327019,-0.193428,-0.186468,0.270527,0.378184,-0.416818,0.393039,-0.116374,-0.214393,0.255076,0.284754,0.230054,-0.249869,0.14454,0.0587819,0.395122,-0.286754,0.13832,0.617792,0.0908975,0.107448,0.0246954,0.0225339,0.199784,-0.360789,-0.0783988,0.460456,-0.22516,0.463047,-0.0181143,-0.0548967,0.364459,0.574329,0.340129,-0.266684,0.474825,-0.0997549,-0.277071,-0.182567,-0.111255,0.0214185,0.152322,0.673595,-0.147932,-0.496717,0.302944,-0.143995,-0.231797,-0.20663,0.275918,0.11535,0.369327,-0.0977839,0.535434,-0.447149,0.213044,-0.15715,0.42445,-0.0843822,0.471024,0.386895,0.261397,0.151649,0.183257,-0.0476125
-0.506665,0.0653064,-0.356111,-0.299101,0.322018,0.068935,-0.00167717,0.519925,0.0623528,-0.158079,0.345961,0.54204,-0.322641,0.472613,0.283051,-0.400204,0.203331,-0.166038,0.226566,-0.223908,0.337465,-0.280893,-0.0817307,0.0469351,-0.288486,-0.236645,0.263922,0.488003,0.0287171,0.692307,0.513243,0.0208715,-0.286009,0.208273,0.0268053,-0.170427,-0.31771,0.100902,0.0919837,-0.0701088,0.0101153,0.314825,-0.370995,-0.358238,0.68566,0.06897,0.0520116,-0.174154,0.414039,0.329519,-0.380524,0.170126,-0.272433,0.596796,-0.423836,-0.100337,0.328215,0.303498,0.137631,0.222791,0.157012,0.0667544,0.724474,0.471332,-0.0121287,-0.431282,0.748396,0.341483,0.232093,0.0132147,-0.239192,0.221257,-0.28248,0.275812,0.330042,0.292188,0.347203,0.192744,-0.144225,0.178747,0.155981,0.614298,0.0643897,-0.0278355,0.248923,0.538105,0.177983,0.062616,-0.394049,-0.154916,-0.388962,0.53023,-0.0454099,0.321027,0.0549735,-0.0540166,0.195881,0.114063,-0.113481,0.351887
-0.140176,0.11907,0.226393,0.252949,0.45849,0.870651,0.125915,1.14928,0.401435,0.945992,0.205043,1.64398,0.702144,-0.217689,0.215257,0.821767,0.483288,-0.0532892,0.562524,-0.082875,1.49567,0.0844526,0.886714,-0.0544139,0.872113,0.0584356,0.104144,-0.483608,-0.221666,1.04176,-0.0120932,0.515968,-0.00999455,0.615354,0.211738,-0.41839,0.953965,-0.36381,0.578021,-0.445331,0.186153,-0.519971,0.194683,0.870089,-0.411914,-0.415296,0.497811,0.0192549,0.118698,0.616256,0.29531,0.800543,0.79402,0.587931,0.412309,0.049137,0.0544759,0.861051,0.0745285,0.353456,0.0241884,0.132565,1.16647,-0.350105,0.145573,0.376043,1.78139,0.258156,0.489968,0.436581,0.857098,-0.0822506,0.517843,-0.0416353,-0.299052,0.962881,-0.332232,0.241211,-0.314375,-0.0306194,0.821068,0.441125,0.846736,0.203704,0.53225,1.82748,1.32073,0.373698,0.0291867,-0.22255,0.0943809,-0.129415,-0.166604,-0.307477,0.0100158,0.79745,1.72525,1.14132,1.0181,0.690213
-0.449977,-0.10704,0.416046,0.323799,-0.0256422,-0.0741942,-0.357588,0.289994,-0.0377996,0.15614,-0.110542,0.809976,-0.277386,0.0266625,0.806828,0.586064,0.737452,0.149426,0.665552,-0.00869134,0.843902,0.343241,0.81309,-0.60154,0.546254,0.330809,0.649092,0.417972,0.447634,-0.147755,0.129116,-0.170776,-0.506198,-0.340472,0.335747,0.0942016,0.192247,0.080011,-0.0590514,0.143006,0.389213,0.240678,0.173328,0.234549,0.0965593,0.382535,-0.0434539,-0.463237,0.260303,0.469379,-0.0235114,0.389952,0.269743,0.0899552,0.709037,-0.405173,-0.162882,0.228234,0.305394,0.680827,0.29372,-0.398301,0.566457,0.04553,-0.176891,0.025622,0.690046,-0.354978,0.169171,-0.352322,0.671734,-0.480655,0.734127,0.039489,0.110478,0.954459,-0.332415,-0.191575,-0.517985,0.42359,0.518111,0.77397,-0.00680934,-0.0233806,0.548498,1.26277,0.596669,0.188273,0.355376,0.0592547,-0.0388635,-0.255039,0.174789,0.0941325,0.275731,0.767651,1.4972,0.829078,0.494717,0.14213
0.296392,-0.429047,-0.0442549,-0.334336,-0.099722,0.116504,0.266918,-0.239485,-0.393266,0.165158,0.413306,-0.255514,0.399406,-0.0105299,-0.160839,0.480369,0.401477,0.0556913,-0.00314664,0.215483,0.332309,-0.42989,0.139782,-0.0823685,0.172616,0.0592782,0.292059,-0.435841,0.120964,0.0352955,0.345997,-0.438327,0.462841,0.0682109,0.307124,-0.421814,-0.431939,-0.393206,0.0808559,-0.205965,0.326525,0.154382,-0.29208,0.0475642,0.207019,0.21112,0.36762,0.122109,0.166495,0.305486,0.42742,0.0917216,-0.412404,-0.151083,-0.0949259,0.0735955,0.426265,-0.00426133,0.437244,0.395435,0.0476217,0.409497,-0.25823,0.337797,-0.155812,0.0811776,0.408137,0.123837,-0.129629,0.308271,0.265874,0.237812,-0.321204,-0.162526,0.195453,0.0779046,0.276797,0.213199,0.0329634,-0.345357,-0.442748,0.411729,0.247415,0.165433,-0.104033,0.0703468,0.147557,-0.230156,-0.209547,-0.208308,0.120159,0.0771782,-0.396068,-0.231024,0.0359716,-0.183249,-0.39367,-0.261979,-0.36247,0.434915
-0.067133,0.154812,0.410395,-0.477418,-0.488653,0.687595,0.625762,0.79538,0.0980689,1.28484,0.393293,1.49636,0.464495,0.156203,1.02636,0.250838,0.428679,0.54561,0.759777,0.409524,1.25049,0.607622,1.15776,0.300812,0.361811,-0.218164,1.24496,0.287138,-0.502781,1.10941,0.888092,-0.369808,0.143596,0.565153,0.426652,0.216409,0.261846,-0.0545155,-0.075309,-0.0451864,-0.17986,0.162234,0.3676,0.312335,-0.0756642,0.0771407,0.27832,0.151217,0.503426,0.836687,0.00178313,1.11012,0.847662,0.47971,0.789372,-0.179485,0.297039,1.13019,-0.0386566,0.694949,0.0749668,-0.166758,1.95459,0.264232,-0.436739,-0.038654,1.81804,0.264786,1.12198,-0.377557,0.662597,0.102799,1.19451,-0.159693,0.539936,1.0891,-0.291346,0.322449,-0.436135,-0.493399,0.923057,1.34752,0.0993374,0.696024,0.878559,2.13042,1.36203,0.977306,0.619961,0.0307352,-0.113853,0.483579,-0.074635,0.0778432,0.901298,1.38432,2.14319,1.00807,0.459469,-0.0402955
0.364603,1.58119,0.161329,-0.575496,-0.314494,0.484614,1.30357,2.12105,0.203114,1.8499,0.914548,2.57158,0.980848,-0.528894,1.94968,0.469918,0.655192,1.81628,0.0814297,0.637559,1.97997,0.419315,0.398903,0.43932,1.84072,0.631788,0.40724,-0.440195,0.105358,2.18178,0.146013,-0.416087,1.81624,1.16732,0.816624,-0.297413,0.693107,-0.135728,1.03132,-0.425769,0.0907028,1.39131,-0.423906,1.0943,1.20793,-0.071835,2.79342,-0.394553,1.62759,1.96792,-0.219005,0.672568,1.56564,1.70175,0.197128,0.40112,1.47261,1.12128,0.761316,0.410404,0.184073,1.19352,1.49516,-0.159654,-0.366116,0.746195,1.30348,0.917204,0.776529,-0.482874,1.05822,-0.397162,1.18035,0.464383,0.066736,0.992767,-0.269921,0.950022,1.25167,-0.0372754,2.05574,0.479164,2.0095,1.17873,0.595668,1.17898,0.400082,1.8857,0.0857514,-0.418836,0.890062,0.895717,-0.376856,-0.261843,0.589674,1.10613,1.58376,2.22634,1.51972,1.07904
-0.329977,0.228068,0.286904,-0.443752,0.111399,-0.0262763,0.226869,0.458084,-0.178013,0.166867,0.248787,0.714163,-0.384017,-0.152491,-0.348764,-0.0657993,-0.339151,-0.324477,0.477533,0.379902,0.500181,0.198343,-0.0278893,0.217881,-0.115089,-0.421891,-0.0849656,-0.26695,-0.193219,0.0652045,0.433236,-0.18207,-0.380839,-0.483246,-0.148731,-0.321293,-0.145942,-0.46292,-0.266724,-0.137874,0.461315,-0.449543,0.0246345,0.144262,0.150486,-0.214847,-0.325002,0.353267,0.0749302,0.563782,0.427163,-0.407673,-0.0712664,0.292289,0.311813,0.21143,0.463181,0.506525,0.40523,-0.199061,0.0562515,0.224385,0.317983,0.19528,-0.480773,-0.224791,0.557685,0.184385,0.508732,-0.342629,0.297892,-0.499851,-0.00458865,-0.369891,-0.476371,0.179082,-0.229499,0.0138295,-0.0211931,0.333642,0.561353,0.234248,0.452227,0.53346,-0.312009,0.367995,0.567557,-0.338845,0.0243417,0.446012,0.0873153,0.221195,0.169969,-0.292228,0.21396,0.626446,0.29636,-0.430115,0.0348514,-0.391741
0.455098,-0.444287,0.499006,-0.108644,-0.400777,-0.238692,-0.139855,0.34925,-0.418882,-0.305077,0.570993,-0.278154,-0.0932742,-0.30572,0.0378306,0.096185,0.415518,0.340139,0.145093,-0.184831,0.1468,0.456625,0.0544881,0.0771144,0.565226,0.203411,0.348145,-0.00483401,-0.265475,-0.210389,-0.0352015,-0.474409,0.0559868,-0.145664,-0.230797,0.358992,0.442742,-0.0805672,0.646757,0.464859,0.239538,-0.0264293,-0.131383,-0.438844,0.158654,0.402128,0.518345,0.0351405,-0.278388,-0.06625,-0.128192,-0.0971338,0.625584,0.396581,0.202532,0.0128352,-0.430333,0.412445,0.36262,-0.171492,0.450231,-0.361726,-0.0955481,-0.193036,-0.178555,0.0889375,-0.169906,-0.294867,-0.0674971,-0.308716,0.204913,-0.348855,-0.3187,-0.0809436,0.100145,-0.501311,-0.13743,0.052723,0.483074,-0.129866,0.551176,0.299355,-0.183803,0.385625,-0.15387,-0.353711,-0.41552,-0.419502,-0.434845,0.374391,0.416869,-0.1019,0.0102969,-0.0890822,0.472601,0.110913,0.373918,-0.322095,-0.393375,-0.297116
0.205185,0.426616,-0.37357,0.222229,0.0990132,0.576725,0.430643,0.546902,0.208133,1.00158,0.583179,0.47112,-0.0935669,-0.227414,0.879071,0.539508,0.311539,-0.0748491,-0.288933,-0.278881,0.271121,0.736221,0.204952,-0.0410089,0.649823,-0.277653,-0.118106,0.0180267,-0.167729,0.644429,0.631402,0.423729,0.524399,0.206201,0.501924,0.327543,0.444158,-0.303544,0.521833,-0.486539,-0.476825,0.433555,0.441439,0.314546,-0.0465476,-0.506768,0.322561,0.00744947,0.934395,0.351355,-0.276191,-0.0744582,0.0938546,-0.173914,0.142748,0.310588,0.594117,1.0018,0.330533,0.474513,0.637707,0.558217,0.185057,0.365614,-0.223408,0.224065,1.11458,-0.152169,0.562096,0.46087,0.220671,0.412263,1.03234,-0.167447,0.332693,0.878359,0.0565517,0.592296,0.657549,-0.39552,0.930181,0.00556578,0.60028,-0.0296621,0.205108,0.921427,0.618599,0.0990028,0.64624,0.0648763,-0.0104364,-0.0264237,-0.443215,0.0490457,0.569297,0.807883,1.08476,0.753162,0.52994,0.643611
0.189106,-0.0015282,-0.436041,-0.292743,0.339924,0.117166,0.257982,0.574626,-0.0842636,-0.0741498,0.387344,-0.18547,0.255061,0.275654,0.515745,-0.29715,-0.49447,0.638868,0.330748,0.587593,-0.168391,0.430534,0.0871024,0.60129,0.302785,0.251545,-0.337818,-0.330887,-0.301372,0.107118,0.0987183,-0.496313,0.35396,0.150546,0.610298,-0.068514,-0.22999,-0.372164,-0.109619,0.0155375,0.17629,-0.128677,-0.018487,-0.310009,-0.171658,-0.0658629,-0.00360293,0.157895,0.187167,-0.148404,0.189375,-0.451319,0.585041,0.108003,0.174497,0.0689251,0.177357,0.234534,0.231903,0.44012,-0.208152,-0.182992,-0.365216,-0.425969,-0.419072,0.318708,-0.283624,-0.200211,0.548097,-0.175735,-0.0752394,0.316887,0.461297,0.0622801,0.340633,-0.021384,0.098708,0.613588,-0.123769,-0.0613452,0.159485,0.460582,-0.0243502,-0.0843567,0.0127998,-0.395461,-0.419822,0.410332,0.327397,0.0524878,0.21637,0.552672,0.0961593,-0.308035,-0.153905,0.222094,-0.333291,0.558528,0.0871077,-0.102926
0.0475731,-0.2496,-0.148241,-0.263616,-0.0377654,-0.365763,0.309653,0.143474,-0.0776409,0.0919767,-0.101498,0.465858,-0.296681,-0.268743,0.238415,0.0994343,-0.00862373,-0.0286158,0.410621,-0.323086,-0.284563,0.118592,0.254184,-0.00605426,-0.290281,0.0139685,-0.251563,0.448559,0.0079224,-0.100585,-0.0345041,-0.179484,0.103203,-0.409057,0.292443,0.235129,0.0808615,0.100299,0.480707,0.465891,-0.144956,0.00958934,-0.443919,0.278246,-0.234744,-0.0705343,0.234967,-0.497398,0.144526,-0.296862,0.0459493,0.485809,-0.135852,-0.350668,0.438284,-0.416447,-0.142387,0.178088,-0.355809,0.0460334,-0.170386,-0.354166,-0.228581,0.165931,-0.13553,-0.451472,-0.229789,0.101523,0.127481,-0.0376257,-0.101623,0.21057,0.0883667,0.196385,-0.148971,0.184676,0.239807,0.0923729,0.263491,-0.244456,0.192286,0.0985016,-0.0735179,0.0300631,-0.168354,0.10862,0.64195,0.358818,-0.315501,-0.00765206,-0.150857,-0.0606468,0.083403,-0.31222,0.321414,0.143879,0.258275,0.591286,0.119904,-0.141616
-0.230369,-0.119504,0.0919023,0.406251,-0.324831,0.272172,-0.290494,0.708125,-0.422052,0.394834,0.176592,0.278842,0.249131,0.0925349,0.0538519,-0.033121,-0.124615,-0.317608,0.330874,0.340599,0.449797,0.403582,0.0198791,-0.238803,0.241901,0.226475,0.400414,-0.477356,0.320134,-0.402686,0.283697,0.385171,-0.158597,-0.196405,-0.452218,0.149454,0.112809,0.0306456,-0.332143,-0.00573038,0.261546,-0.122908,-0.389091,0.371335,0.448359,-0.499191,0.0434354,-0.464636,-0.219614,0.620754,0.139989,0.65672,-0.276355,-0.427407,-0.297154,0.220492,-0.389361,-0.106325,0.0198263,0.530172,0.282789,-0.121059,0.921184,-0.30604,0.292192,0.350662,0.425936,-0.137146,-0.0808865,-0.0570534,-0.242742,-0.456988,0.617623,0.305726,0.0978156,-0.028929,-0.089947,-0.237457,-0.236345,0.195654,-0.13421,-0.155635,0.2482,0.278165,0.434642,0.586223,0.284447,-0.0706357,0.311978,-0.419789,0.221013,0.206458,0.175763,-0.156273,0.320667,0.270638,0.0418432,-0.145457,0.0324522,-0.28395
-0.421047,0.0305464,0.28821,0.056003,-0.456231,0.52795,-0.223266,0.701155,-0.268174,0.887284,-0.376579,0.699918,0.704011,-0.131643,0.566117,0.296858,0.391265,-0.398154,0.0783263,-0.285745,1.1156,0.373967,0.630914,-0.0963088,0.329178,0.345188,0.0982294,-0.305801,0.0268343,0.261657,0.405516,-0.0486381,0.231287,0.301982,-0.398769,0.280171,-0.402148,0.285021,-0.121926,0.190114,0.13232,-0.425778,-0.217646,-0.0869345,-0.238884,-0.47665,0.1229,-0.482052,0.687112,1.07269,-0.427972,0.232271,0.562217,0.507049,-0.283182,0.387268,0.110564,0.142953,-0.411708,0.480129,-0.369994,-0.51548,0.71741,0.469107,-0.422508,0.631933,0.978729,0.231612,0.199581,-0.00436667,0.43882,0.449977,0.903689,-0.249278,-0.482303,0.788183,-0.259237,0.363162,0.268881,-0.397209,0.1736,0.583213,0.392088,0.117901,0.272017,1.03574,0.293573,0.289102,0.366248,0.38764,0.235275,-0.378505,-0.270567,0.401195,0.765102,0.464234,0.452806,0.497619,0.0716658,-0.268847
-0.324296,-0.418264,-0.171562,0.193181,0.337514,0.151761,0.402076,-0.424033,-0.130762,-0.336819,-0.326373,-0.0967646,-0.273951,-0.154758,-0.477102,0.469565,0.194788,-0.282718,-0.198527,-0.431557,-0.421859,0.30289,0.161456,-0.346231,-0.227898,0.173029,0.196791,0.413791,0.0129934,0.298445,0.459853,0.354046,0.380767,-0.213899,0.0555396,-0.0306319,-0.198631,0.239359,-0.317496,0.491928,-0.00781206,0.430813,0.480252,-0.441625,-0.365283,-0.0355349,-0.342036,0.101771,0.447038,0.446368,0.126927,0.161107,-0.175985,0.179619,-0.354512,0.126293,0.0683936,-0.445212,-0.239223,-0.182571,0.148593,0.145205,-0.104082,-0.0570475,0.31928,0.263673,-0.104194,0.458483,0.163216,0.348168,0.176218,0.0736259,0.413369,-0.334642,0.497478,0.240905,0.0473174,0.0998212,0.487558,-0.283747,-0.198333,-0.0926618,0.495315,-0.421464,0.112589,0.0384703,-0.446076,0.412534,0.0620221,-0.045033,0.451812,0.389047,-0.450284,0.0547348,-0.253309,-0.306492,0.344537,0.100069,0.268741,-0.0783556
