-0.341792,-0.36624,0.288675,-0.36128,0.383445,-0.401189,-0.204995,0.163743,-0.0376396,-0.454329,-0.105932,0.0638937,-0.284012,-0.640768,-0.159088,-0.358821,-0.503325,-0.892497,-0.282795,0.13205,0.454871,-0.417954,-0.545555,-0.334864
0.295638,-0.505426,-0.0377979,0.173999,0.422944,-0.277954,-0.366595,-0.459551,-0.164194,-0.124575,-0.522533,0.138517,-0.114752,0.0667012,-0.28,-0.212432,-0.325552,-0.518668,-0.800195,-0.318755,-0.309943,-0.365952,-0.215938,0.846828
-0.203219,0.212419,-0.232061,0.0815934,-0.377573,0.218415,-0.52189,-0.243831,-0.278778,-0.186674,-0.0761309,0.208709,0.118363,-0.385076,0.00462454,0.0882518,0.312899,-0.085943,0.56778,-0.138241,0.0964919,0.215466,0.060035,-0.327807
-0.246671,-0.118275,-0.190642,0.127702,0.102498,-0.48183,-0.292628,-0.222841,0.00568006,-0.149192,0.356401,-0.345083,0.535963,0.161534,-0.53508,0.0656789,0.0532033,1.05969,0.291609,-0.020479,-0.424793,0.0634406,0.15618,0.235293
-0.355317,0.0943601,-0.407864,-0.524135,-0.436733,0.249491,-0.363239,-0.248919,0.58827,-0.0870873,0.291257,0.329858,0.082865,-0.260381,0.0226764,0.144109,0.332734,-0.540803,-0.492084,-0.290464,-0.348884,-0.347863,0.122673,-0.545012
-0.181923,-0.0894541,-0.478159,-0.179395,-0.621395,0.18112,0.291139,-0.511964,0.676279,-0.684365,0.0143301,-0.304531,0.498163,0.151556,-0.221626,0.0191677,-0.211965,-0.270576,-0.111999,-0.430838,-0.144155,0.204799,0.791888,0.0985929
0.159735,0.544206,0.266744,0.393459,-0.547947,0.462697,-0.518421,-0.335253,-0.513407,-0.728816,0.379468,0.482052,-0.458517,0.43062,0.417267,-0.521139,0.169946,-0.301887,0.0276533,-0.486111,0.445511,0.00451499,-0.0399676,0.378536
-0.327287,0.483341,-0.470525,0.414148,0.256095,0.0508992,-0.363967,-0.438453,-0.341406,0.212881,0.413172,-0.415424,-0.000774239,-0.288152,-0.0890857,0.314116,0.317616,-0.0449288,0.457491,0.291933,0.468093,-0.44068,0.109428,0.217551
0.21227,-0.0594493,0.594312,-0.0216985,-0.281244,-0.459751,0.385183,0.402951,0.163776,-0.0358657,0.166381,0.238778,0.0901408,0.0699505,0.213888,-0.343081,0.336568,-0.33858,0.429857,0.262067,-0.437988,-0.465619,-0.124839,0.429811
-0.293908,-0.0238442,0.0874517,-0.0754028,-0.194118,-0.238052,-0.152036,-0.560711,-0.538365,-0.195667,-0.149923,-0.455376,-0.434271,-0.339694,0.235548,0.263204,0.659139,-0.19574,-0.0489744,-0.591318,0.267094,0.1295,-0.339528,0.291085
-0.387869,-0.178419,-0.784856,-0.611841,0.0218398,0.152973,-0.524724,-0.653646,-0.385038,-0.0165459,0.290496,0.106632,0.628925,-0.165665,0.521127,0.349439,0.20815,0.875663,0.0760927,-0.523721,0.149653,0.0870686,-0.264812,-0.210921
0.415003,0.221504,-0.075632,-0.586811,-0.457776,-0.0173813,0.202896,0.50776,-0.39904,-0.220789,0.113837,0.0813943,-0.265169,-0.214591,0.173503,0.317992,-0.0146241,0.297574,0.273741,-0.494188,0.396914,0.441592,-0.10483,0.307575
-0.114132,0.516451,-0.197512,0.599449,0.00639482,-0.075169,-0.305672,0.480528,0.0450215,0.162056,0.712272,0.328695,-0.0874276,0.244532,-0.337828,0.0783481,-0.578426,-0.0503203,0.244494,-0.314693,-0.393545,-0.764929,-0.786445,0.521365
0.155803,-0.138043,0.443561,-0.230869,-0.477076,0.0653655,0.322657,-0.275222,-0.181034,0.18678,-0.425568,0.140668,0.0656984,0.620488,-0.0675343,-0.467657,-0.527541,-0.569687,0.321902,0.266386,-0.00296935,-0.227611,-0.0946645,-0.179955
0.180777,-0.218192,-0.438629,-0.0902181,0.106501,-0.357619,0.0151739,0.169384,0.397835,-0.381426,-0.398187,0.0490391,0.371344,0.172395,0.34975,0.462519,0.264795,0.225056,0.444001,-0.133841,-0.0285082,-0.376682,0.0495914,-0.130585
-0.191293,0.0964962,0.687544,0.383384,0.0989158,0.0566797,0.0414119,0.500717,-0.143315,-0.4405,0.0595509,-0.650247,-0.467807,0.295624,-0.219091,-0.131885,0.329323,0.200035,-0.483643,-0.61167,-0.273242,-0.592442,0.401978,-0.100639
-0.424365,-0.570083,0.266816,-0.136752,0.204443,0.55878,-0.0558009,0.582394,-0.119786,-0.305791,0.133614,0.32831,-0.133709,0.407774,0.306297,-0.564183,-0.00145235,0.224231,-0.272786,0.0914039,0.0215229,-0.0505162,-0.649236,-0.221401
-0.174322,0.151881,0.266666,-0.02456,-0.115359,0.375741,0.419222,-0.268619,0.25196,0.396372,0.274223,-0.087397,-0.146096,0.26665,-0.120182,0.346436,-0.076002,0.0796744,0.463739,-0.417709,-0.447419,0.240114,0.512045,0.277906
0.316827,0.235244,0.375818,0.462276,0.606629,-0.609849,0.11851,0.493102,-0.516708,-0.1167,-0.943597,0.526485,-0.152045,0.0533539,-0.378097,-0.0223851,-0.00116927,-0.204427,-0.0418312,0.0609569,0.288079,-0.682263,0.352282,0.154099
-0.17799,0.0719263,-0.62553,-0.158099,0.208681,-0.0179294,-0.491237,0.119227,0.531591,0.121784,-0.279335,-0.399906,0.391648,-0.505459,0.514556,0.211735,0.315527,0.163473,0.247707,0.275039,-0.407762,0.0551536,-0.436604,0.315682
0.179319,-0.41603,0.139329,0.763457,-0.261557,-0.0930646,-0.212684,-0.0811745,-0.191051,0.269701,-0.553347,0.531051,-0.340014,0.515514,-0.215008,-0.598534,-0.310179,-0.503564,-0.443303,-0.854001,0.0919575,0.660877,-0.335533,-0.288342
-0.117465,0.421186,0.134202,0.293754,0.824152,0.410011,0.176754,-0.639892,0.0786756,0.393156,-0.394211,0.179918,-0.705831,0.157472,-0.0725454,0.0649974,0.144969,0.106184,0.306338,0.141376,-0.0746084,0.163468,0.55331,0.3969
0.422697,0.432305,-0.488359,-0.221357,0.306761,-0.0159249,-0.422061,-0.565318,0.288218,0.0302253,-0.536915,0.124201,-0.0251733,-0.751052,0.172467,0.297687,0.253707,-0.287546,0.361395,-0.0908932,-0.265422,0.0810405,-0.343536,-0.25434
-0.447896,-0.216128,-0.0460007,0.500662,0.730246,-0.807011,-0.655264,-0.252413,0.102085,-0.703476,-0.0120914,0.173501,-0.628218,0.345977,-0.591988,-0.308488,0.602255,0.266965,-0.366185,0.340751,-0.0568997,-0.470367,0.839346,0.0974624
-0.124651,-0.198959,-0.214605,0.0220037,-0.0839109,-0.0650331,0.160678,-0.393698,0.696882,0.171118,-0.310178,0.455579,-0.368364,0.305182,-0.379754,-0.573017,0.169133,0.301568,-0.466772,-0.68473,-0.240994,0.114369,0.166595,-0.0830758
0.113471,-0.187544,0.0783836,0.261473,-0.0841576,-0.590881,-0.223602,-0.300318,0.0729999,0.355428,-0.356703,0.595701,-0.302658,-0.109506,-0.363077,-0.344275,-0.693239,0.448848,-0.278487,-0.368523,-0.192021,0.0994218,-0.146046,0.453697
-0.479712,0.4826,0.0236509,-0.574239,-0.645099,-0.388413,-0.293491,-0.181013,0.479832,-0.208775,0.443875,-0.434323,-0.115096,-0.598508,0.0132309,-0.0118697,0.277817,-0.326818,0.578281,0.683087,0.492473,0.122106,-0.731916,-0.248735
0.0941946,-0.472721,0.489475,0.196113,-0.848463,-0.42757,-0.197135,-0.440822,-0.413985,0.467386,-0.657991,-0.403735,0.161897,0.37769,0.381564,0.305489,0.369999,0.00200909,0.589598,0.261879,0.308789,0.0797732,-0.274662,0.0334514
-0.167545,0.433044,-0.942713,-0.679337,-0.105296,-0.365332,0.207093,-0.331755,0.573796,0.260345,-0.499812,-0.109937,0.878319,-0.290458,-0.53952,-0.14248,-0.274299,0.287739,0.00022688,0.0402464,0.456899,-0.502919,0.637814,-0.275418
-0.560585,0.230508,0.182837,0.213448,-0.243046,-0.053857,0.035651,0.0993039,0.0951636,-0.302585,0.490222,-0.835943,-0.523243,-0.795322,-0.42894,-0.385133,0.146457,-0.706988,0.166227,-0.0063026,-0.276963,-0.416487,-0.315426,-0.144264
-0.344914,-0.13259,-0.158631,-0.580864,0.345054,-0.394635,-0.234483,0.390301,-0.777879,-0.693201,-0.173183,-0.474878,0.206075,-0.534855,0.374327,-0.475417,0.275747,-0.167899,0.0508024,-0.888569,-0.579222,0.0622726,-0.410534,-0.33581
0.0480293,0.159753,0.306204,0.272436,0.00354963,-0.121339,0.395039,-0.426009,-0.369559,-0.52323,-0.205907,-0.0851878,-0.307097,-0.399324,0.0207182,-0.650737,-0.16481,0.153553,-0.407517,0.0991478,0.285322,0.0599106,0.357505,0.52253
0.33212,-0.486158,-0.404709,-0.365431,-0.631661,0.250479,-0.261046,-0.719657,-0.650598,0.0541207,-0.475526,0.462783,-0.133942,-0.612006,0.257415,0.605794,0.394882,-0.259309,0.161887,0.926681,-0.00180396,0.194738,-0.0903093,0.431009
-0.0643038,-0.56998,0.4981,0.146249,-0.33486,0.503849,0.0624572,-0.447891,0.0172375,-0.270182,0.636264,0.496699,-0.563707,-0.0592867,-0.815197,-0.613302,-0.481983,-0.394096,-0.20299,-0.323015,0.195088,-0.0857913,0.31118,-0.0245852
0.342325,-0.382867,-0.47949,-0.351887,-0.227718,-0.0222865,-0.446098,-0.292612,0.166301,-0.196625,-0.397175,0.116489,-0.352367,0.217375,0.122942,0.0145077,-0.314878,0.0371789,0.525157,-0.588193,-0.510484,0.140215,0.454852,-0.503503
-0.489064,0.357966,0.183936,-0.657336,0.0402978,0.234213,-0.206069,-0.231707,0.636798,-0.401301,0.305092,0.290776,-0.534729,0.0142612,0.434236,0.499347,-0.305608,0.0379876,-0.650679,-0.028829,0.0442096,0.127711,-0.206149,-0.258833
0.347728,0.675809,0.170899,-0.368028,-0.12883,0.118207,-0.292809,-0.092151,-0.124991,0.066445,-0.0631729,-0.159602,0.283354,0.364876,0.431265,0.149414,0.293771,0.00424915,0.285518,0.135184,-0.439971,-0.356844,-0.245751,-0.306616
0.0249062,-1.07371,0.0628302,-0.662478,-0.258495,0.0830133,-0.692865,-0.152404,-0.0854479,0.0898807,-1.14167,-0.0784966,-0.434329,0.591559,0.429456,0.717086,0.642617,-0.912641,0.418267,-0.639532,-0.597854,-0.37827,-0.668619,0.24467
-0.287673,-0.0488851,0.509176,-0.868138,0.0482235,0.58881,-0.221208,-0.291631,-0.365672,0.792351,0.136368,-0.909343,0.148884,0.555673,-0.240721,0.66663,-0.503332,-0.418456,-0.181774,-0.0725058,-0.0829521,-0.727899,-0.585763,0.295664
0.0677885,-0.132464,0.188049,-0.0790126,-0.0583974,0.361321,-0.102489,-0.249549,-0.417781,-0.271632,-0.352794,-0.670345,-0.0847666,0.104588,0.0320391,0.608398,0.259192,0.114142,0.0106408,0.0374241,-0.269494,-0.359551,0.0096495,-0.372733
0.282408,-0.34031,-0.165872,-0.252105,0.555225,0.202928,-0.181996,-0.0201913,-0.324466,0.232517,0.472135,0.11422,-0.0755693,-0.336815,0.460289,-0.223336,0.429868,0.0367268,-0.282778,-0.479312,-0.0781733,0.464637,0.229471,0.233047
-0.151885,0.26852,0.563361,-0.7664,0.423222,0.113925,-0.267594,0.0256136,0.282968,-0.458677,0.0480478,-0.0289953,-0.204706,-1.02654,-0.396162,-0.168301,0.335562,-0.417225,0.567467,0.147001,-0.242778,-0.152555,-0.23159,-0.00565844
-0.0209288,-0.812674,-0.683215,0.585984,0.0976024,-0.610807,0.175922,-0.44143,-0.580298,0.243531,0.0783322,-0.00296515,0.479668,0.326661,-0.330687,0.33479,-0.138303,0.501214,0.116501,-0.124522,-0.664383,-0.0227186,-0.422426,-0.313423
-0.265873,-0.21017,-0.0591284,-0.280227,0.176174,-0.0171832,-0.408602,-0.141705,-0.327025,0.0870233,0.0325205,-0.156326,0.460182,-0.197978,-0.340945,-0.417387,-0.275943,0.338759,-0.50456,-0.342959,0.499714,0.117654,-0.843707,0.0538941
-0.43164,-0.163646,0.355943,0.447957,-0.599043,-0.58277,-0.48684,0.0472576,-0.322716,-0.711708,0.0114777,0.642581,0.211558,0.418323,0.452821,-0.636325,-0.498257,-0.555118,0.600774,-0.233224,-0.149524,0.347242,-0.11434,0.0292418
-0.361718,-0.58856,-0.274584,-1.00248,-0.0165037,-0.201689,0.587647,0.35047,-0.117762,0.125278,0.858061,-0.0611716,-0.0369795,0.71681,-0.153662,0.552922,-0.736791,-0.355522,-0.299166,0.0508929,-0.466095,-0.436939,0.353994,0.123152
0.0484381,0.535259,-0.0176023,-0.706255,-0.145204,-0.331721,0.0155449,-0.11117,-0.136939,-0.142273,-0.448403,0.040414,-0.187095,-0.560472,-0.137942,0.0933636,0.043438,-0.267748,-0.186113,0.10001,-0.336677,0.343596,-0.0950898,-0.329619
-0.334601,0.143631,0.537836,-0.263128,0.438994,0.391184,0.272621,-0.0353074,0.459578,-0.239983,-0.334139,0.186324,0.52893,0.831106,-0.0166128,0.0996878,0.350841,-0.549061,-0.687076,-0.14099,-0.0625969,-0.394972,-0.334478,-0.800101
-0.0298498,0.214505,0.268647,0.0516139,0.517914,-0.385079,-0.126178,-0.693407,0.0229805,-0.2384,0.106877,-0.0129144,-0.672917,-0.0390512,0.610108,0.564887,-0.199634,0.480465,-0.654683,0.388738,0.439228,-0.745066,0.482804,-0.291645
-0.0595042,-0.0214612,-0.00585645,0.379133,-0.388199,-0.12089,-0.499561,-0.404681,0.0440346,-0.54458,-0.585726,-0.0222914,0.262896,0.0596998,0.0702562,-0.385389,0.158974,0.474556,0.439584,-0.480721,-0.420453,-0.418002,-0.421246,-0.707372
0.00461887,-0.216044,0.238875,0.353728,-0.424964,0.0856076,-0.59854,-0.189471,0.168569,-0.39705,0.0269075,-0.526933,-0.0398602,-0.558717,0.219323,-0.449209,0.346382,0.561186,0.275017,-0.126393,-0.109482,0.321304,0.00783665,0.424439
-0.237729,-0.0936189,-0.104984,-0.0513386,0.261334,-0.26572,0.565787,0.196023,0.230676,0.297055,0.526194,-0.107114,-0.35624,-0.25159,-0.242287,-0.579545,0.363667,-0.53909,-0.600577,-0.616018,-0.0477354,0.432658,-0.725852,0.486661
0.328853,-0.240092,-0.26671,0.0297034,-0.241831,-0.335159,-0.548213,-0.511818,-0.475266,-0.796413,-0.316987,-0.300206,0.62484,-0.668323,0.456247,-0.373991,-0.0625285,0.0367662,0.175227,0.224057,0.592646,0.196751,-0.274169,-0.732169
-0.0540814,0.659656,-0.833399,-0.125198,-0.2178,0.663473,-0.779987,0.254735,-0.390561,-0.646451,0.140919,0.0366738,-0.168272,-0.417487,-0.62311,-0.892086,-0.1418,-0.287414,0.137291,0.611989,0.155715,0.0364557,-0.480878,-0.122336
-0.142537,0.23618,-0.577533,-0.0858772,0.376637,0.107226,-0.300665,-0.394794,0.126,0.302314,-0.302129,-0.305877,0.0470641,0.286305,-0.317771,0.0324674,0.116586,-0.403077,-0.148482,0.162721,0.414616,-0.260898,0.266479,-0.0981186
-0.214765,-0.472479,0.0795669,-0.197258,0.0291081,-0.3957,-0.649686,-0.135441,-0.950871,-0.084437,0.353201,-0.118865,-0.104241,-0.201011,0.334701,-0.117302,-0.818818,0.106772,0.0792985,0.651769,-0.35084,-0.0146949,0.115017,0.729684
-0.370596,-0.532053,0.162406,-0.414212,-0.230386,-0.414031,-0.190016,-0.743391,0.265164,-0.250188,0.354307,0.0832445,0.62966,0.0197331,-0.504903,-0.29792,0.0364962,-0.331143,0.300904,-0.421865,-0.579816,-0.593239,0.0305842,-0.555868
-0.124469,-0.133464,-0.0684339,0.091322,-0.539625,0.302422,0.269144,-0.21146,-0.167954,-0.205499,-0.609051,-0.109341,0.507739,0.430213,0.136479,-0.520692,-0.0497912,-0.229503,-0.340115,0.244087,0.143038,0.00902249,-0.264626,0.429861
0.374732,0.128941,0.0761649,-0.235275,-0.922228,-0.0824493,-0.123011,0.373027,-0.159204,0.726527,0.401313,-0.233383,-0.550599,-0.781667,0.144535,-0.223368,0.159256,-0.236095,-0.14215,-0.313737,-0.325397,-0.86373,0.156154,-0.331772
-0.00852467,0.722519,0.257562,-0.475046,-0.058982,0.0842457,-0.511076,-0.168365,0.128646,-0.0912489,0.468461,-0.452735,0.379549,-0.591377,0.337108,-0.36629,0.0366009,-0.458482,0.154074,-0.596359,-0.414802,-0.375245,-0.0640215,0.156258
-0.209439,-0.239955,-0.446276,-0.362476,-0.351089,-0.265662,-0.0741447,0.233457,-0.365426,-0.0671476,-0.573228,0.1653,0.238659,-0.377049,-0.59884,0.187134,-0.399856,-0.276389,-0.0999331,-0.405272,-0.597454,-0.0294611,-0.237624,-0.447673
-0.414092,0.145879,-0.0249161,-0.043365,1.05137,0.436996,-0.478757,-0.0696908,0.0419743,0.210977,-0.525507,-0.174591,-0.066596,-0.110468,-0.228644,0.0889138,0.247348,0.273666,0.109711,0.0893282,-0.33599,-0.0974004,0.266715,-0.0438785
-0.413598,0.277649,0.849421,0.0155043,-0.377708,0.282818,-0.607701,-0.15008,-0.72228,0.237587,-0.197321,0.0433798,-0.571665,-0.255503,-0.399539,-0.507673,-0.43108,0.677324,-0.273751,0.246754,-0.624358,-0.0752489,-0.132325,0.207955
-0.270359,-0.323482,-0.286001,0.0276683,-0.726947,-0.53938,0.83104,-0.0508951,0.378767,-0.137527,-0.496073,-0.0767421,-0.265776,-0.351685,0.331195,0.192801,0.00605243,0.391564,-0.545534,-0.357177,-0.145504,-0.472624,-0.459978,-0.551614
0.0941125,-0.354437,-0.467195,0.520452,-0.797221,-0.0697589,0.161663,0.268165,-0.588149,-0.299373,0.351383,-0.100588,-0.529464,-0.37816,0.353002,0.171005,-0.101771,-0.383554,0.396355,-0.488687,-0.292367,0.224899,0.156679,-0.475163
0.457075,0.13064,0.0404945,-0.215496,-0.15655,-0.0143916,-0.501728,0.256663,0.46253,0.257018,-0.0998055,-0.191411,-0.241124,-0.219141,-0.310298,0.187287,-0.0925486,-0.0975325,0.0931772,0.108591,-0.271809,-0.0469384,-0.0604156,0.134818
-0.227515,0.0759684,0.342102,0.538798,-0.514642,0.190781,-0.43226,0.131009,-0.531558,-0.166241,-0.393448,-0.492529,-0.0724909,0.0545205,0.141325,0.0668996,-0.138468,-0.286915,0.125911,0.156865,-0.535045,0.509568,0.397146,0.128183
-0.0399807,-0.534363,0.214111,-0.730346,-0.0159951,-0.266839,0.266126,-0.496274,0.00539593,0.294211,-0.463309,0.172376,0.524366,-0.289903,0.305522,-0.321477,-0.358142,0.078091,0.0377867,0.118065,-0.268334,-0.606713,-0.788457,-0.249294
0.00734695,0.428191,-0.262389,-0.0106679,0.977055,0.240621,-0.284537,-0.219782,-0.194818,-0.326296,-0.0516194,-0.0636268,-0.139158,-0.488094,0.159377,-0.122999,-0.517275,0.171825,0.167189,0.506897,-0.221493,-0.0919907,-0.904047,0.230272
0.0474994,-0.890115,0.0536439,0.255866,-0.102312,0.0515889,0.231144,-0.529509,0.00390856,0.0570194,-0.720264,-0.254163,-0.310963,-0.102286,-0.388496,0.437008,-0.454534,0.391267,-0.0409826,0.658235,0.245421,0.667866,0.863866,-0.338256
-0.467592,0.0543819,-0.0778856,0.0671889,0.033262,0.435348,0.582918,-0.158372,0.507984,-0.488925,-0.0664085,0.580151,-0.481139,0.255148,-0.0999872,-0.108143,-0.442985,-0.0503014,0.333311,-0.556668,-0.019823,-0.252558,-0.17007,0.0161193
-0.172802,0.0811745,0.03679,-0.896999,0.236633,0.419781,0.241607,0.434982,0.138952,-0.736684,-0.580112,-0.512015,-0.400528,0.182972,0.139824,0.317141,-0.39943,-0.193143,0.0595202,0.534946,0.0225863,-0.0556528,0.726804,-0.383075
0.437534,0.280861,0.536268,-0.777952,-0.672215,-0.167474,0.0999024,0.166332,-0.0140318,0.373598,-0.0482559,-0.00104819,0.367583,-0.0468718,0.14297,-0.280892,-0.802571,0.071599,-0.293987,-0.39734,0.464529,-0.183189,-0.0326128,0.44052
0.0395682,0.429822,0.173742,-0.654921,-0.218562,-0.486095,0.688429,-0.0899716,-0.305498,0.776708,-0.308092,-0.00561133,-0.686681,0.203608,-0.40718,-0.30144,-0.445158,-0.648107,-0.715124,-0.0624803,0.00403513,-0.0346913,0.210002,-0.529021
0.0760032,0.0162192,-0.431627,-0.510202,-0.182486,-0.472201,0.274576,0.0219968,0.0728108,0.886553,-0.0912156,0.0209654,-0.517682,0.275839,0.462554,-0.577518,-0.24159,-0.416323,0.400542,-0.438312,-0.152424,-0.662745,0.237936,0.820117
-0.434166,-0.277951,0.210607,-0.0123432,-0.0933766,-0.0770019,-0.642841,-0.112211,0.212741,-0.204571,0.0851415,0.388502,-0.202446,0.556851,0.159747,-0.364178,-0.432535,-0.378256,-0.108324,0.227766,0.307864,-0.371769,0.455424,-0.318055
0.263564,-0.273365,0.290171,-0.317382,0.333537,-0.0433701,-0.18934,0.20052,0.115262,-0.0208723,-0.259894,0.331357,-0.0243027,-0.420091,0.266447,-0.569998,-0.107507,-0.181294,-0.220336,-0.210563,-0.0973938,0.451676,0.000872678,0.183229
-0.334286,0.0357127,0.0909378,-0.0533914,0.24839,-0.304048,-0.0764731,0.128421,-0.437436,-0.499591,-0.0435327,-0.37564,-0.264832,-0.898794,-0.390142,0.354438,-0.599501,-0.0185152,-0.46002,0.216119,0.308467,0.421429,-0.228196,-0.253466
-0.206872,0.0305981,0.0613779,-0.736853,-0.216017,0.0646649,0.119938,-0.250173,-0.157388,-0.265982,0.353057,0.0574711,-0.41397,-0.032114,-0.430925,-0.0291404,0.416655,-0.339686,-0.065529,-0.497337,-0.0249473,-0.312511,-0.246388,-0.114327
-0.227723,0.221918,0.506652,0.597758,-0.648819,0.320992,0.218838,0.402786,0.641231,-0.352642,-0.881131,-0.728356,0.436437,-0.158374,-0.846936,0.579982,0.375498,-0.560157,0.646281,-0.234749,0.269697,-0.261433,0.055532,-0.93022
0.13023,-0.120777,-0.289409,0.727019,-0.484085,0.170534,0.229963,0.325767,0.35034,-0.373892,0.0996889,0.0192344,-0.342293,0.303023,0.421738,0.432655,-0.0568043,-0.23742,0.470268,-0.395558,-0.473887,0.46577,0.207847,-0.545979
0.318206,0.108075,-0.17823,-0.561811,0.24312,0.323125,-0.16095,0.143722,-0.0492398,-0.207983,0.237978,-0.0329174,0.52308,0.251504,-0.640225,0.289225,0.0576165,-0.356678,0.0774342,0.244631,-0.632494,-0.40419,0.285962,0.0673513
0.074525,0.340299,-0.24173,-0.282062,-0.0968891,-0.481734,0.135516,-0.0633875,0.106383,0.117799,-0.452182,0.0217139,-0.651956,0.0967617,-0.0712179,0.303645,0.512562,-0.235667,-0.0572262,-0.22987,-0.430577,-0.524974,0.0638311,-0.51735
0.00623821,0.245806,0.158134,0.243299,0.0798216,0.151534,-0.0920849,-0.201586,-0.157358,-0.491017,-0.216104,0.00715988,-0.391321,-0.898094,-0.297361,-0.546926,0.0934907,0.249405,0.81228,-0.338519,0.563573,-0.143733,-0.728857,-0.59077
-0.169814,0.158532,-0.0328427,0.608116,0.509921,0.151668,-0.344973,-0.433787,0.0555057,0.381801,-0.171595,-0.274705,-0.53274,-0.177652,-0.354725,-0.839327,-0.0562527,0.20754,0.059718,0.039897,-0.342159,0.0833176,0.493015,0.405347
0.420841,-0.00633708,-0.235855,0.378495,-0.403434,0.119448,-0.350885,-0.0194212,0.0451739,-0.104187,-0.0105265,0.257774,-0.0579901,-0.386091,0.0543726,0.119385,-0.0522878,-0.0382457,-0.715904,-0.382734,-0.402357,-0.210876,-0.464699,-0.0659462
0.273035,-0.481248,-0.444168,-0.195833,0.533724,-0.028031,0.0899286,0.147916,-0.55042,-0.514858,0.0984107,-0.718229,-0.00388927,-0.607076,0.0311023,0.46003,0.649899,-0.253875,-1.04374,0.0488986,-0.543638,0.360276,0.0869169,0.396297
0.0175841,0.184272,0.146792,0.366433,0.0759564,-0.487314,0.587575,-0.320269,-0.145728,-0.28363,-0.143152,-0.539163,-0.439428,-0.134538,0.189925,-0.161152,0.484556,0.168703,-0.419089,0.434009,-0.223716,0.274402,0.332341,-0.41922
-0.205088,-0.158228,0.205026,-0.244791,0.364141,-0.182337,0.0251619,-0.438127,0.640131,-0.932098,0.28681,-0.142796,-0.132228,-0.104031,0.119546,0.35358,-0.372073,0.528506,-0.616078,0.0502808,0.775958,-0.0826583,-0.247594,-0.275888
0.201159,-0.0246345,-0.298776,0.155566,0.750552,0.734662,0.238069,-0.242964,-0.364834,0.0384301,-0.104967,-0.0744289,0.243057,-0.315254,0.169222,0.307664,-0.217109,-0.305652,-0.822316,-0.464645,-0.296893,0.38212,-0.871401,-0.155142
-0.471612,0.158622,-0.205632,-0.472477,0.161848,0.0853258,-0.635729,0.0898913,-0.300998,0.118087,-0.0167824,-0.143734,0.273049,-0.323174,0.137772,0.307891,0.113932,0.246164,0.0559117,-0.558702,0.210918,-0.387714,0.168199,0.262969
0.243583,-0.00536608,-0.437354,-0.493704,-0.0301422,0.178961,-0.235356,-0.0501479,-0.0783062,-0.0110631,0.238178,-0.272262,-0.138519,-0.382611,0.262422,-0.0519557,-0.146086,-0.351364,-0.594074,-0.687358,0.297439,-0.410468,0.295273,0.715374
0.367424,-0.851099,-0.388663,-0.223126,-0.217334,-0.0314337,0.620571,-0.711269,0.387685,-0.0486251,-0.116926,-0.449029,-0.172277,0.493006,-0.760849,0.111115,0.000597831,-0.227103,0.1517,-0.153473,0.230937,0.270693,-0.463889,0.503786
-0.368643,-0.287746,-0.717826,0.141142,0.331513,-0.193012,-0.635448,-0.628935,-0.336703,0.596828,0.144975,0.108707,0.28988,-0.341199,-0.552702,0.219974,0.344851,0.0307102,0.22698,0.377143,0.232339,-0.0621296,-0.573049,-0.432948
-0.509825,-0.556243,-0.233014,0.213276,-0.296296,0.271963,0.00914954,-0.328637,0.544077,0.259096,-0.407298,0.378176,0.259176,-0.156715,0.190499,-0.111727,-0.274692,-0.472906,-0.196037,-0.354745,0.0019196,-0.366891,-0.869363,0.412242
-0.0214209,-0.196536,-0.202713,-0.213694,0.201107,-0.585949,-0.624277,0.271096,-0.129341,0.241502,-0.474095,0.306503,-0.387365,-0.78321,0.289106,-0.448708,-0.09388,-0.124544,0.427849,-0.678498,0.478964,0.130985,0.258378,0.424498
-0.382291,0.133144,0.151688,-0.692346,-0.0572663,0.320986,-0.427374,0.224102,-0.338011,0.196178,-0.273857,0.613813,-0.590384,0.135572,-0.0913246,0.436138,-0.10338,0.111945,-0.248498,0.0555422,0.0846727,0.407674,-0.110334,0.510336
-0.164485,0.160374,-0.291376,-0.0867656,-0.162839,0.0329076,-0.370004,0.415539,-0.175922,0.11389,-0.437656,0.344438,-0.119933,-0.219657,-0.429509,-0.290872,-0.722134,-0.324404,-0.422429,-0.205891,0.448369,-0.056052,-0.273496,0.337928
-0.53633,-0.321056,-0.586139,-0.638549,0.180694,-0.163913,-0.305631,-0.17989,0.388107,0.305608,0.15469,-0.00368378,0.0451581,-0.165315,0.0264508,0.0151767,0.307394,-0.382855,-0.150067,0.4075,-0.348834,-0.34576,0.237625,-0.65338
0.148136,0.0784493,-0.152679,0.0905998,-0.0603728,0.161931,-0.198406,-0.486693,-0.185614,0.316964,0.294821,-0.281465,0.173823,-0.477265,-0.244611,-0.489902,-0.00163779,0.00401357,-0.0513525,-0.137368,0.434398,-0.403025,0.00349673,0.0430764
0.428414,0.452606,-0.768835,-0.294882,0.176663,-0.526478,0.249427,-0.527089,-0.275612,0.175506,0.0091655,-0.496621,0.554961,-0.824567,-0.575806,0.539294,-0.492854,-0.375012,0.648518,-0.437782,-0.0427903,-0.367821,-0.274678,0.66499
-0.460793,0.218063,-0.317432,0.333578,0.197248,-0.302726,-0.402339,0.344184,0.451061,0.0949209,-0.854975,0.143642,-0.123502,-0.043757,-0.566958,0.79519,-0.62228,0.138067,-0.641085,0.746316,0.211982,0.485839,-0.464597,0.0534349
-0.477426,-0.564052,0.324237,0.643471,0.441937,-0.268191,-0.219261,-0.481531,-0.401259,-0.428097,0.490347,0.0862362,0.21178,0.154952,-0.711957,-0.438818,0.402686,0.323302,0.152469,-0.154625,0.140252,0.0587506,-0.192196,-0.0156421
0.422315,0.208034,0.207764,-0.0559554,-0.284521,-0.00629962,-0.507182,0.346568,0.0693252,0.05894,0.399545,0.663214,-0.0308898,0.101652,0.32295,-0.523953,-0.426509,0.324676,-0.349128,-0.314895,-0.493458,-0.0436982,0.295736,0.00486995
0.0522573,0.135947,-0.304188,-0.182742,-0.253388,0.0804831,-0.440131,-0.172282,-0.42436,0.0549104,-0.151272,-0.00820216,0.482732,-0.563056,-0.487845,-0.631355,-0.514825,-0.117643,0.250188,-0.703057,0.203684,-0.00866971,-0.0877843,-0.585723
0.115752,0.0466878,-0.818272,-0.620417,0.0232415,-0.602298,-0.153353,-0.146498,0.37778,-0.0208895,0.113087,-0.0535624,0.337974,-0.217633,0.143655,-0.199454,-0.571193,-0.350154,-0.466958,0.0519859,-0.410542,-0.248667,-0.221176,0.853205
-0.44984,0.243682,-0.156216,-0.228773,0.0902469,0.178601,0.226305,-0.0463965,0.209015,-0.242486,-0.0366482,0.261992,0.344327,-0.246669,-0.191788,-0.0417606,-0.00956562,-0.460273,0.206893,0.275025,0.129206,0.0558658,-0.0671335,-0.286113
-0.123679,-0.764274,-0.681026,-0.186418,-0.547001,0.367134,0.00163199,0.580717,0.199083,-0.715904,0.672707,-0.105931,-0.412103,0.0265922,-0.0516319,-0.248461,0.255609,0.565832,0.47153,0.55495,0.374973,-0.287646,-1.03584,0.239132
0.324038,-0.101222,0.508886,-0.0205064,-0.380831,0.382476,0.293752,-0.239333,-0.230294,-0.54637,-0.462096,-0.337838,-0.347477,0.39563,0.354451,-0.519964,-0.196509,0.168467,-0.195413,0.0267558,-0.277734,-0.113669,0.289646,-0.834932
-0.147932,-0.0696673,0.338988,0.00456121,-0.774929,-0.352225,-0.429561,0.412525,-0.309187,0.0475165,-0.558487,-0.00379336,0.125311,0.273467,0.00606906,-0.323658,-0.250642,-0.135158,0.0353477,-0.461494,-0.391077,-0.540058,0.0240127,0.289021
0.190716,0.35287,0.191782,-0.359588,-0.14636,-0.185442,-0.322827,0.105277,0.610004,-0.479284,-0.856131,-0.383881,-0.715863,-0.557862,0.518039,-0.252618,0.402497,-0.136251,-0.342039,-0.856221,0.300781,-0.0829124,0.0298793,-0.1643
0.00228814,0.691854,-0.694124,0.163411,-0.381646,-0.397664,0.452292,-0.235859,-0.179482,-0.332829,0.439636,-0.647456,-0.257024,0.449463,-0.0112794,0.655253,0.441746,-0.557505,0.0817444,0.21018,-0.180108,-0.500058,0.207316,-0.340448
-0.337301,-0.149165,-0.35221,0.306292,0.372163,-0.402799,-0.248395,0.240412,-0.27058,0.0440824,0.371559,-0.144716,0.170369,0.0620459,-0.0171437,-0.739844,-0.519042,0.0196365,0.335307,0.507349,-0.29975,-0.384707,0.0369353,0.0844661
-0.178142,0.273911,-0.227581,0.239229,-0.434812,0.0580291,-0.392057,0.315092,-0.173814,0.420764,-0.243125,-0.455289,-0.511699,0.242416,-0.202489,-0.431056,0.181538,-0.0348877,-0.315459,-0.0212689,-0.588342,-0.103762,-0.190555,0.0739205
-0.400482,0.0835408,0.43767,-0.218343,0.679987,-0.190203,0.42045,-0.14548,-0.253708,-0.138375,-0.453346,-0.55299,0.617305,-0.622407,-0.438858,-0.709861,0.404015,0.473022,-0.361514,0.676286,-0.448045,0.5384,-0.256706,-0.358665
0.0663012,0.267817,0.364832,0.0592614,0.0331472,0.374584,0.549946,0.41495,-0.193085,0.429996,-0.543226,0.0901994,-0.700607,-0.50561,0.283841,-0.341049,-0.327858,-0.297083,-0.150359,0.00934778,0.0636987,-0.339363,-0.211872,-0.419527
-0.253376,-0.682191,-0.293686,-0.51723,-0.593413,-0.571478,-0.545155,-0.367089,0.424107,0.249538,0.133773,1.00386,0.15248,-0.353636,-0.408934,0.218944,-0.171994,-0.566471,-0.00732667,-0.0378601,-0.211791,0.692089,-0.123893,-0.204375
0.442947,0.459474,1.00195,-0.134486,-0.169246,0.2194,-0.260419,-0.623406,-0.217336,-0.0283239,0.352465,-0.557657,-0.216991,-0.0832575,-0.387236,-0.0322173,0.205788,-0.26121,-0.367921,-0.0416296,-0.26009,0.649754,-0.233898,0.104518
-0.398907,-0.0301593,-0.0677296,-0.19878,-0.215962,0.488736,-0.00587029,-0.420931,0.22521,-0.585042,0.325643,0.0923764,-0.568305,0.531193,-0.248369,-0.132918,-0.686617,-0.520744,0.414829,-0.205142,-0.677468,-0.634848,-0.105523,0.199767
0.113169,-0.635914,0.211475,-0.260355,0.321001,-0.156382,0.193289,-0.480913,0.280152,-0.0333275,-0.242456,0.0591545,0.265403,-0.211357,0.753661,-0.127365,-0.134363,0.685221,-1.05498,-0.64417,-0.515353,0.0254053,-0.113022,0.258024
0.24828,-1.18668,0.0650257,0.193624,-0.38131,0.11912,-0.226519,-0.105364,0.124565,0.179946,-0.944477,0.00868553,-0.00362568,0.0911925,-0.0898906,-0.325755,0.0733707,0.48477,-0.0940809,-0.100083,0.504004,0.518665,-0.148072,-0.364209
-0.388111,-0.379603,0.23028,0.136403,-0.335134,-0.443849,0.170374,0.391132,-0.775312,0.094837,0.8925,0.503187,-0.449163,-0.682526,-0.0380922,-0.433142,-0.20475,0.491426,0.139531,0.0337283,0.113042,-0.307249,-0.349062,-0.623106
-0.098557,0.870646,-0.0921068,-0.391625,-0.376912,-0.526181,-0.0586077,-0.0487152,-0.345991,-0.556055,-0.451627,0.0523079,-0.374208,0.714654,0.350463,-0.688045,0.112393,0.139126,-0.266236,-0.267356,-0.968413,-0.364172,-0.569011,0.322652
0.145981,-0.4606,-0.245837,-0.622134,0.410367,-0.042716,-0.253247,0.325552,0.18559,-0.0306983,0.0807674,0.166103,-0.189106,-0.33906,0.0388779,0.285756,-0.218237,0.593944,-0.457056,-0.113414,-0.546945,-0.242773,-0.153415,-0.127209
-0.186449,-0.420002,0.956564,0.189961,0.540033,0.211001,0.140956,0.213507,-0.310028,0.0219474,0.0363722,-0.490094,0.747029,0.0497028,-0.162497,-0.499558,-0.373587,-0.12025,0.388369,-0.226713,-0.370819,-0.130513,-0.0609291,-0.407957
-0.0451221,-0.639265,0.409363,0.062592,0.46399,0.0936842,0.519005,-0.352606,-1.1431,-0.753018,-0.109101,-0.27823,0.0427217,-0.227724,-0.961741,-0.152827,-0.575743,-0.540949,-0.272105,0.286249,-0.231315,0.306365,-0.330614,0.216119
-0.312103,-0.0671055,-0.540136,-0.0843427,-0.268734,-0.225875,0.0907563,-0.078811,0.149475,-0.468545,0.0298605,-0.478692,-0.375188,0.18633,-0.185897,-0.864309,0.0399648,-0.231793,0.763471,-0.252643,-0.166735,0.27177,-0.182071,-0.400462
-0.0447317,-0.365514,0.594676,0.449451,-0.0548178,-0.193261,-0.893434,0.110452,0.338582,-0.0703535,0.269354,-0.321873,-0.716409,-0.601233,0.256161,0.29335,0.52594,-0.0433114,0.80339,-0.587212,0.349472,-0.0751691,-0.797366,-0.265619
0.380804,0.401637,-0.438836,0.00117611,0.145076,-0.0698098,0.426796,-0.497394,-0.0480792,-0.098674,-0.158822,-0.272788,0.0422995,0.280546,-0.0713837,0.370798,0.150469,0.193065,-0.297274,0.409889,-0.442638,0.277258,0.335768,0.396905
-0.294144,-0.119562,-0.220348,0.677017,-0.500298,0.160695,0.345179,0.0899974,0.0501162,0.397374,-0.414152,0.161718,-0.211022,-0.719024,-0.63383,-0.141701,0.0780172,-0.250027,-0.475044,-0.453296,-0.195744,-0.384516,-0.627846,0.353047
-0.391123,0.317605,-0.608314,-0.151129,0.237893,-0.0962788,0.0424413,0.271304,-0.2567,-0.309212,0.213901,0.274583,0.131118,-0.412217,-0.447123,-0.255448,-0.0725015,-0.28299,0.282286,-0.219811,0.340339,0.392648,0.342109,0.339325
0.352358,-0.154531,-0.558322,-0.624636,-0.205398,-0.0390628,0.201709,-0.441329,0.247284,-0.0624184,0.194913,-0.118945,-0.334062,0.478123,0.239486,0.104348,0.358433,0.281336,0.621092,-0.421241,-0.34295,0.403299,-0.333904,0.147079
-0.241328,0.128733,0.12599,0.228602,0.0942558,-0.563953,-0.398509,-0.399409,0.235217,0.2257,-0.168691,-0.585968,0.593468,0.294299,-0.721158,-0.151942,0.627793,-0.387522,-0.611284,-0.710942,-0.44111,0.308654,0.525581,-0.866486
-0.322551,-0.920018,0.53025,-0.42968,0.131666,-0.330118,0.363666,0.332687,0.104216,-0.177523,-0.0821533,-0.218287,-0.147254,0.2617,-0.481624,-0.277607,-0.352465,-0.241164,0.0125101,0.339968,0.054375,0.00395323,-0.38351,0.566775
0.304284,-0.472525,0.173702,-0.0860881,0.138191,0.6598,-0.566936,-0.223246,0.0724834,-0.696952,-0.312841,-0.125762,0.380879,-0.0634686,0.722915,0.183739,-0.539573,0.0537583,-0.278029,-0.339659,-0.308467,0.112538,-0.5816,-0.0599956
0.413637,-0.149457,0.419334,-0.765947,-0.548293,-0.0508536,-0.235765,0.0479676,0.0181001,-0.0913929,0.410818,0.54458,0.0732035,0.121901,-0.133683,0.136774,-0.471317,0.292249,0.0250842,0.382818,0.338545,-0.299606,0.291768,-0.481503
0.286306,0.279303,0.47552,0.131354,-0.980577,0.09528,-0.218587,-0.24763,-0.0284128,-0.259429,-0.38804,0.0506998,-0.374284,-0.199393,0.579608,0.261963,0.437141,-0.109656,-0.0929783,0.088089,-0.382436,-0.571386,0.43572,0.167121
0.402006,-0.480212,-0.187679,-0.284461,-0.368024,0.139084,0.171346,0.0954353,-0.254035,-0.224961,0.390089,-0.33208,0.372169,-0.626383,-0.234545,-0.219321,0.0235555,0.447099,-0.57697,-0.259064,0.556409,-0.416262,0.101385,0.278791
-0.19224,-0.00340412,-0.677952,0.28801,-0.409088,-0.370557,0.295021,-0.37289,0.115203,0.00168287,0.308967,-0.317766,0.231395,-0.421412,-0.518348,-0.323675,0.514491,0.284231,-0.111235,0.129407,0.133962,-0.00339616,0.375218,-0.670277
0.228075,-0.0958616,0.414065,-0.580467,-0.265834,-0.393523,-0.517126,-0.0322895,0.458415,-0.114174,-0.526261,0.551503,-0.11866,-0.523108,0.661413,0.120168,-0.566415,-0.45613,-0.554325,-0.616496,0.150437,0.155638,0.457749,0.200919
-0.216477,0.114619,-0.672385,0.227334,0.236814,0.29026,0.176635,0.0455687,0.103467,0.608935,0.629472,0.048237,0.0946141,0.842469,0.753115,-0.147668,-0.439482,-0.325202,0.000958788,-0.41242,-0.479647,-0.370272,0.324993,0.0502631
-0.402192,-0.568712,0.238083,-0.00688344,-0.00216,0.223583,-0.250741,-0.0555176,-0.454625,0.482222,0.378609,0.0799499,-0.487455,-0.703064,-0.40501,-0.475038,0.180318,-0.573336,0.355818,0.219718,0.467349,-0.525907,-0.0288076,0.606577
-0.256592,-0.356105,-0.038523,0.108575,0.172447,-0.279294,-0.374676,0.28436,0.453295,-0.0839888,-0.691328,-0.747701,-0.460659,-0.213744,0.287042,0.50447,-0.423113,-0.556235,1.1544,0.58289,-0.0935195,-0.0886634,0.152882,-0.722242
0.0310183,-0.445821,-0.139599,-0.0613413,-0.126808,0.283333,-0.222466,-0.107108,-0.117687,0.42398,0.17028,0.224016,-0.0213635,-0.254083,0.228684,0.26434,-0.43288,0.402174,0.117002,-0.0961142,0.161232,0.071687,-0.426571,-0.227892
-0.134404,0.426833,-0.454921,-1.0139,-0.0274132,-0.519207,0.126958,0.349296,0.105698,0.140225,-0.462036,0.693363,-0.911002,0.450229,-0.243766,-0.181181,0.0160815,-0.0498682,-0.646244,-0.0651019,-0.0672683,-0.278813,-0.873721,-0.35961
-0.0856679,-0.498688,-0.328767,-0.476878,0.175268,0.2462,0.0704947,-0.11465,-0.364075,-0.338832,-0.473591,-0.532405,0.395408,-0.326657,-0.0660343,0.231401,-0.514029,-0.413223,-0.430406,0.234751,0.337282,0.332123,0.141496,0.2319
-0.384295,-0.800112,-0.380597,-0.848201,-0.422777,0.249495,-0.494232,-0.477931,0.20168,0.166391,0.187763,-0.221621,0.00893229,-0.102619,0.0463174,-0.614055,-0.247545,-0.230073,0.381037,-0.66442,-0.176431,0.216221,0.191107,0.106361
0.232388,0.0702892,-0.306449,0.233535,0.235159,-0.246691,0.0651181,0.680992,0.0454861,-0.398876,0.525973,0.184984,-0.0185811,-0.150978,-0.427857,-0.484685,0.323938,0.506714,-0.179381,0.421083,0.0441613,0.0308571,0.0789093,-0.0192545
-0.105979,0.372648,-0.620385,0.506607,-0.719848,-0.245132,-0.888209,-0.0845446,-0.527051,0.4526,0.490058,-0.348345,-0.436076,0.0033859,0.159446,0.0229271,-0.440778,-0.0691718,-0.255429,-0.695495,-0.237624,0.223604,-0.431321,-0.359079
-0.292257,0.158263,0.147504,0.338481,-0.580856,-0.240611,0.598074,0.0787234,-0.0401304,0.150555,-0.00406125,0.282695,0.258896,0.176497,-0.391297,0.239002,0.0955977,-0.0488353,-0.313109,0.312877,0.226028,0.154331,0.692849,-0.369261
-0.132369,-0.454181,0.32678,-0.3958,-0.273727,0.373406,0.176076,-0.0564174,-0.441621,0.355859,-0.361224,-0.615443,-0.141869,-0.292998,-0.601394,0.357526,-0.286527,-0.0210857,0.303466,0.018471,0.256975,0.386607,-0.440859,-0.54388
-0.322681,0.301397,-0.094487,-0.397286,-0.281999,0.439215,-0.162716,-0.484819,-0.209828,-0.0710645,0.210575,0.261441,0.608658,0.0223361,-0.403791,0.128771,-0.0107731,-0.476099,-0.101642,-0.294743,-0.0520972,0.115951,0.95874,0.44294
-0.107226,0.281764,0.00812148,0.0813533,-0.383359,0.507306,0.722778,-0.19611,0.150205,-0.0779208,-0.301952,0.425875,0.150777,-0.577947,-0.213958,-0.430223,-0.470476,-0.378692,-0.677433,0.0398781,-0.331299,0.24894,-0.152502,-0.549888
0.267938,-0.508846,-0.591265,-0.509256,0.217656,0.792729,0.12285,-0.105294,-0.670789,-0.637598,-0.423779,0.629545,0.0756826,0.380997,-0.0393004,-0.206778,-0.578924,0.198545,0.206497,-0.328333,0.16826,-0.0405518,-0.504025,0.392345
0.377003,-0.674979,-0.316581,0.0424742,0.272062,-0.152529,0.0112406,0.477793,0.248046,0.193871,-0.258098,-0.0476736,-0.277349,-0.44697,0.10378,0.14185,0.30944,-0.506702,-0.574449,0.177798,-0.536474,-0.340209,-0.162027,0.168475
0.227439,-0.429284,-0.24337,-0.325366,-0.5513,0.352158,0.0684997,-0.0543495,-0.528833,-0.434764,0.0201595,-0.231182,0.27509,-0.150867,0.00830183,-0.251057,0.79191,0.336162,-0.147048,0.0555887,0.00541755,-0.0959642,-0.691422,0.051553
-0.160126,-0.460764,-0.719562,-0.74765,-0.670675,0.249107,-0.0690494,0.292543,-0.574514,-0.30166,-0.527193,-0.194627,0.473705,0.0231774,0.490798,0.423919,0.790475,-0.632618,-0.363327,-0.768611,-0.271334,-0.529447,-0.151246,-0.478796
-0.43023,-0.634737,-0.515625,-0.168298,-0.971865,0.0314353,-0.392375,-0.0279639,0.351997,0.617448,0.460315,0.241863,-0.410863,-0.807244,-0.304648,0.728994,0.499689,0.422585,0.485351,0.222586,-0.0930393,0.558766,0.380558,-0.69093
-0.268562,-0.236787,-0.194579,-0.473126,0.0500327,-0.295662,0.303866,0.278548,-0.345961,-0.0580722,0.0782437,-0.240746,0.0723255,-0.0279553,0.0681031,-0.362934,0.401581,-0.19513,-0.248577,0.373884,0.0294291,0.341828,-0.341453,0.292269
-0.223349,-0.305046,-0.349654,0.355626,0.0274032,-0.425514,-0.632862,0.153948,0.269883,0.0744924,0.451352,-0.241801,-0.628874,-0.0482999,-0.462959,0.437764,0.305433,0.284243,0.135194,-0.792003,-0.160142,0.102047,0.252177,-0.649826
-0.173052,0.406336,0.230664,-0.749826,-0.445935,-0.123561,0.499882,-0.669489,-0.507131,-0.0460405,-0.858543,-0.0535576,0.380686,-0.119002,-0.641039,0.470343,-0.291875,-0.169574,-0.195047,0.371459,0.21987,0.888346,-0.536622,0.495549
-0.136236,-0.626879,-0.267458,0.0527094,-0.401393,-0.240887,-0.0302188,0.363525,-0.370142,0.580761,-0.0824753,-0.509418,-0.0655428,0.119781,0.466446,-0.316893,-0.317492,0.415674,-0.638208,-0.336868,-0.230654,0.224032,-0.41386,0.372188
-0.341032,0.0714987,-0.324621,0.204908,-0.449388,-0.074254,0.429757,0.525678,-0.161943,0.349951,-0.0508001,0.293025,-0.110557,0.111551,-0.404797,0.000106782,-0.124343,-0.0806065,0.45341,-0.357209,-0.0849966,0.605665,0.652222,0.580431
0.169484,-0.108662,-0.239594,0.30374,-0.489836,-0.0893043,0.382638,-0.292945,0.275383,-0.139849,0.0366703,0.248835,0.041316,0.313621,0.0158599,-0.354169,-0.479434,-0.1857,-0.005041,0.302106,0.390081,0.322166,0.251583,-0.489741
0.0598897,-0.696161,-0.145927,0.689255,-0.57828,-0.127601,-0.487718,-0.0291428,0.381186,-0.374527,0.351837,-0.0844694,0.464549,0.0734064,0.298846,0.258275,0.134291,0.497507,0.202447,-0.0810725,-0.442591,-0.163271,0.0530991,-0.244777
-0.547264,0.30369,-0.327969,-0.268891,0.338808,-0.252863,0.500985,-0.616915,0.0736901,0.464629,0.278051,-0.723588,-0.0592526,-0.333338,-0.332694,0.027933,0.447566,-0.272774,-0.801761,-0.0186008,0.476905,-0.0778011,-0.221291,-0.398435
0.0806203,0.168019,-0.321472,0.0539841,-0.603429,0.395268,-0.363293,0.198491,-0.0194733,0.171656,-0.0769909,-0.0907304,-0.395741,-0.261027,0.29082,-0.559566,-0.308384,-0.557876,-0.270079,0.315975,0.104077,-0.582915,-0.266414,-0.470529
-0.0640603,-0.805513,-0.379717,-0.459822,-0.121241,-0.57459,0.417525,0.560379,-0.388174,-0.105855,0.476571,-0.551614,-0.205802,-0.647276,0.32521,-0.0715203,0.0259665,-0.602598,-0.180193,0.241085,-0.54783,0.259372,0.567851,-0.212675
0.450425,-0.487865,-0.355607,0.00375505,-0.153113,-0.501713,0.586984,0.372284,-0.0925723,-0.215211,0.550254,0.13213,-0.492616,-0.286222,-0.365357,0.401361,-0.097049,-0.358008,-0.285184,0.275285,0.235613,-0.0681064,0.21055,0.0195801
0.463226,-0.322193,-0.0181893,-0.422162,0.00564841,-0.553744,-1.10964,0.0778979,0.257612,-0.146802,0.152987,0.176319,-0.533561,0.0543115,-0.862128,-0.497734,-0.314339,-0.564968,0.245463,0.043686,-0.0261958,0.157217,-0.124005,-0.419745
-0.316692,-0.19876,-0.635496,0.115613,0.873221,-0.205054,0.126369,0.071536,-0.404514,-0.575678,-0.787543,-0.58994,-0.271219,0.0872703,0.0925354,-0.232738,0.169141,-0.461993,0.186751,-0.585917,-0.276803,0.392203,-0.289523,-0.371483
-0.25774,0.194801,-0.151979,-0.307209,0.346183,0.369171,-0.160459,-0.379176,0.387745,-0.385026,0.336183,0.676182,0.157035,-0.340337,-0.153649,0.19184,-0.19731,-0.104277,-0.782969,-0.332384,-0.762934,-0.0603873,0.130968,-0.378335
-0.403926,0.117603,-0.431092,-0.634304,0.384351,0.366939,-0.0971089,-0.248836,-0.377106,-0.139051,-0.218997,0.0725235,-0.224791,0.141697,-0.437668,-0.0332673,0.363221,-0.350288,-0.0463982,-0.224928,-0.310184,0.33168,-0.394174,-0.446437
-0.0206956,0.480519,-0.286777,0.189741,-0.016312,0.227316,-0.519921,-0.265302,0.475414,-0.218128,-0.418497,-0.287959,0.133316,0.887983,-0.262193,-0.07357,0.158159,-0.068423,-0.284137,0.416635,-0.671199,0.412279,-0.952554,0.171876
0.256377,0.337176,0.0337491,0.345816,-0.333621,0.117286,0.488509,-0.0999107,0.323531,-0.351966,0.01157,0.336067,-0.369721,-0.120949,-0.0739486,-0.106659,-0.24054,-0.102442,-0.0566769,0.260153,0.159912,-0.362325,0.162904,0.298553
0.0341151,-0.342572,-0.433314,-0.300916,0.160236,0.428335,0.716428,0.505668,0.302894,-0.385635,-0.17686,-0.222546,-0.321163,0.106711,0.015637,0.370639,-0.150152,0.473228,-0.0361045,0.040178,0.274375,-0.0524422,-0.394749,0.478582
0.436409,0.317115,-0.0222363,-0.0593877,-0.086267,-0.210797,0.0882359,0.0989561,-0.532897,0.427602,-0.013662,-0.425255,-0.14769,-0.287687,0.705758,-0.428045,0.243243,-0.103557,-0.32584,0.0932916,0.525769,0.0473864,0.447542,-0.449409
0.370723,0.579562,-0.0573954,-0.841205,-0.306806,-0.326579,0.912181,0.688865,-0.81285,-0.595249,0.058925,-0.372117,-0.840496,0.57719,0.0175185,0.061739,-0.750521,0.0406481,0.283853,0.640647,-0.0264032,0.180551,-0.479687,-0.544765
-0.248533,-0.301801,-0.227137,0.44338,-0.461962,-0.220622,0.22471,0.568921,-0.474677,0.232895,-0.266461,-0.69724,0.275239,0.38749,0.0311194,-0.305212,-0.456375,0.0080741,-0.862142,-0.377631,-0.265377,0.350272,-0.831755,-0.443814
-0.188781,0.027287,0.0867374,-0.320252,0.451985,0.161935,0.485459,-0.569809,0.248923,0.351074,-0.117576,-0.456942,-0.706908,-0.488085,0.00266702,-0.156135,-0.199001,0.176361,0.283417,-0.672861,-0.859557,-0.0509057,-0.816218,-0.49338
-0.337756,-0.273625,0.109027,0.48375,-0.287827,0.368104,0.523912,-0.28678,0.259891,0.348454,0.311243,0.314294,-0.0533548,0.507238,0.00594455,-0.387986,0.127927,0.265463,-0.360639,-0.184141,0.652641,-0.255029,0.547427,-0.610856
0.185439,-0.177382,-0.288114,-0.502499,-0.228577,-0.260916,0.101159,-0.215969,-0.174473,-0.0298542,0.219745,-0.166127,-0.201264,-0.161889,0.393248,-0.470936,0.281306,-0.154721,0.378768,-0.128306,-0.482256,0.247244,-0.620815,0.0345674
0.0153459,0.0362749,-0.634858,0.285695,0.488972,0.0327799,0.0248237,-0.304351,-0.139883,-0.235537,-0.475779,-0.391409,0.150528,0.327874,0.429813,-0.155736,-0.453332,-0.700944,0.0880439,0.00585249,0.525256,-0.122201,0.274685,-0.329656
0.0593982,-0.218521,-0.213195,0.0167438,0.0260618,0.516287,0.25577,0.490621,-0.0270366,-0.0775456,-0.849916,-0.0740343,-0.293283,-0.701407,-0.563653,-0.116881,0.384976,-0.501757,-0.676692,0.190856,-0.483872,0.248429,-0.312116,-0.418918
0.119673,-0.0405212,0.362374,-0.289959,-0.561057,-0.355861,-0.355669,0.522944,0.193878,-0.017229,-0.38905,0.425238,0.432887,0.428909,0.0244974,-0.16379,-0.353352,-0.316155,-0.194773,-0.335246,0.428645,-0.344747,0.117012,0.465292
-0.107263,-0.205963,-0.312553,-0.154598,0.0638521,0.620975,0.57106,-0.794069,-0.202069,-0.466337,-0.562029,-0.209466,0.49658,-0.639587,-0.416836,-0.23343,-0.259287,-0.636523,0.330858,-0.401227,-0.717018,-0.345036,-0.288873,-0.173892
-0.144855,0.100805,-0.476696,0.27474,0.254956,-0.0441131,-0.00154696,0.411557,0.352491,0.194955,0.391155,0.0455913,-0.454313,-0.0484714,0.373251,0.18325,0.284925,0.389153,0.308191,0.100013,0.128018,-0.114343,-0.121872,0.471757
-0.530486,0.754757,0.403421,0.128621,-0.411602,0.420024,-0.868768,0.117402,-0.406649,-0.0136173,0.162705,-0.765675,0.117733,0.290365,-0.372806,-0.268872,0.498595,-0.32713,-0.358268,-0.0352821,-0.298101,-0.196244,-0.200996,-0.475939
0.0540088,-0.0402417,0.24145,0.318491,0.156404,-0.141066,-0.0594174,-0.20034,-0.586973,0.631697,-0.292026,-0.113224,-0.0715977,-0.430386,0.267386,-0.0207704,-0.302292,0.42477,0.080034,-0.150697,0.206565,-0.349016,-0.164003,0.330182
0.100399,0.308539,-0.0834105,0.304474,-0.137535,0.0256107,-0.150714,0.220222,0.45915,-0.195862,-0.0716682,0.285209,0.48157,-0.55078,-0.026025,0.353448,0.0246176,-0.235809,-0.417284,0.0552174,-0.377568,-0.0731824,0.212941,0.215566
-0.194831,0.244943,0.410894,-0.411819,0.618436,-0.564299,-0.654815,-0.163452,-0.288692,-0.707728,0.400928,-0.0680638,0.467356,0.211638,-0.206265,-0.668591,0.150243,-0.435445,0.650109,-0.0407107,0.0622249,-0.0631395,0.475815,-0.131814
0.405581,-0.566632,-0.250301,0.0354694,-0.115478,0.540555,0.459742,0.0754768,0.337583,-0.0390328,-0.167522,0.362182,0.35499,-0.435411,0.771423,0.2118,-0.492617,0.0908903,0.216894,-0.464684,0.319768,-0.402708,-0.279934,0.135164
0.478095,0.346077,0.393321,-0.212455,0.24457,0.247253,0.218617,-0.177021,-0.0758007,-0.390564,0.06596,0.385058,-0.373139,0.192018,-0.589643,-0.30968,0.135334,0.384163,0.232729,0.359069,-0.193968,-0.270815,-0.515714,-0.0760301
-0.0360742,0.3904,-0.257558,0.232428,-0.476875,-0.0853532,-0.46054,-0.387107,0.829823,0.332121,-0.307339,-0.378996,-0.458645,-0.368546,0.252638,0.299484,-0.798374,0.282632,0.101591,0.40698,-0.726747,-0.844334,0.197463,-0.345306
0.0742514,-0.10649,-0.476598,0.526306,0.255038,-0.133529,-0.0690231,0.336303,-0.253187,-0.68056,-0.708701,0.263875,0.0143443,-0.377759,-0.3257,-0.578527,-0.160625,-0.351845,-0.716268,0.608079,0.198854,-0.61792,0.189811,-0.207534
0.0717755,-0.408022,-0.259565,-0.152578,-0.706813,-0.0288087,-0.510881,0.327379,-0.264185,-0.190127,0.106784,-0.223602,-0.264236,-0.178459,-0.426273,-0.516255,-0.186243,0.133012,-0.516021,-0.255355,-0.0489008,0.0154124,0.272497,-0.472501
0.0564865,-0.23937,-0.270039,-0.400483,0.443066,-0.350257,-0.460501,-0.102837,-0.305874,0.396978,-0.29862,-0.0822937,0.462271,0.0160962,0.403087,-0.396987,0.198483,-0.243814,0.205545,-0.0204949,0.469066,-0.170653,0.317474,0.307099
-0.275411,-0.0840043,0.129313,-0.336912,0.349811,-0.728047,0.661267,-0.138188,-0.820599,0.0886455,0.378651,-0.0572472,-0.0540401,-0.102507,-0.483771,-0.729279,0.497065,0.256136,-0.166674,0.142177,0.0394218,-0.323836,0.457926,-0.62527
-0.503268,-0.746703,-0.0644292,-0.626827,-0.0170082,-0.168904,-0.103715,0.270042,-0.132525,-0.330505,0.0509417,-0.0458436,-0.289876,0.021394,0.198302,-0.0557878,0.095144,0.368616,0.25526,-0.335743,0.0645928,-0.45214,-0.329605,0.266145
0.00275509,-0.111176,-0.0909214,0.407733,-0.572245,-0.188395,0.195244,-0.465031,-0.370881,-0.355937,-0.517216,0.278138,-0.418171,-0.538137,-0.254564,-0.428891,-0.457865,0.0453822,-0.397158,-0.275711,0.314973,0.31007,0.175671,-0.209764
