0.328019,0.318931,0.235485,-0.291728,-0.0677763,-0.401331,-0.0919592,0.354921,-0.340163,0.10317,-0.168243,0.36474,-0.245594,-0.0683793,-0.00149716,0.417003,-0.347207,-0.223438,-0.341408,-0.448872,-0.200478,-0.101531,-0.434232,0.284343,0.220697,0.175876,0.206607,0.414622,-0.151823,0.500638,-0.156148,0.136476,0.167293,0.220469,-0.418647,0.380651,-0.343679,0.369982,0.273443,-0.481584,0.342991,0.495813,0.139639,0.347221,0.0226408,-0.480764,-0.00811286,-0.273961,-0.0368272,0.102571
-0.11097,-0.244195,-0.171543,-0.0190214,0.501058,-0.18808,-0.246286,0.213853,-0.115213,0.168151,-0.166999,-0.214733,0.423758,-0.415524,0.25745,0.166143,-0.489179,-0.0888336,-0.0806218,0.499663,-0.235334,-0.535966,-0.191209,0.489577,0.203125,0.24212,-0.375862,0.185809,0.236039,0.293176,0.1809,0.00967173,-0.139291,0.150412,0.52026,-0.145554,0.231154,0.326888,0.247857,-0.261411,0.0167449,0.364532,-0.473576,0.300743,-0.332831,0.471183,-0.209595,-0.490726,0.354058,-0.222921
0.305304,-0.217178,0.242037,0.37298,0.207096,0.476613,-0.496449,-0.336645,-0.0473752,0.0132492,-0.223795,0.233517,0.441083,-0.433374,0.123832,0.422921,0.131261,0.0657094,-0.221599,0.477715,-0.21133,0.305474,-0.110053,0.305749,0.306951,-0.0869571,-0.133589,-0.395151,-0.261128,0.277306,0.0883281,-0.142727,-0.425162,0.0688372,-0.0646569,-0.143536,0.222313,-0.296169,-0.201048,0.108919,0.413196,-0.494375,0.461867,-0.0277726,-0.175806,0.346192,0.320551,-0.088461,-0.266924,-0.265996
0.319754,-0.334681,-0.299814,-0.410325,0.138604,-0.0950318,-0.557523,0.159695,0.355722,0.376202,0.00041806,-0.0836607,0.313163,0.333493,-0.202967,0.0346972,0.301958,-0.484056,0.198211,0.30902,-0.340846,0.320092,-0.0125644,-0.448158,0.231257,-0.0586712,-0.353369,-0.0982541,-0.0513254,0.238037,-0.134187,-0.461509,-0.18338,0.122031,-0.471986,0.356967,0.334509,0.450491,0.116249,0.290677,-0.24764,-0.271839,-0.0987684,0.414535,0.101275,-0.191174,-0.0413364,0.138786,0.00114427,0.0848471
0.447762,0.000517867,0.426402,-0.39658,0.615926,0.478582,-0.592949,-0.200341,0.201925,-0.250816,-0.521038,0.180359,-0.250774,0.450734,-0.0389881,0.105704,-0.375891,0.0198239,0.0958297,0.38537,-0.430852,-0.240692,0.417164,-0.369669,-0.201845,-0.0874969,-0.374692,0.22928,0.339942,-0.202335,0.0469487,-0.341329,-0.477536,-0.150807,0.394323,-0.0045089,-0.0608673,-0.24494,-0.356479,0.051977,-0.272469,-0.0350848,-0.469896,0.388933,0.0145248,-0.190976,-0.275653,-0.148621,-0.277986,-0.15934
-0.288548,-0.278753,0.190265,-0.110417,0.505589,0.365457,-0.0476615,-0.395297,0.295733,0.170164,-0.083474,0.222309,-0.0190209,-0.255362,-0.196872,0.16827,0.255678,-0.217274,0.107761,-0.0489239,0.299186,-0.105161,0.340307,0.0202089,-0.278661,0.123608,-0.00670969,0.384915,0.128812,0.316279,0.309994,0.399173,0.0534525,-0.158111,0.436245,-0.0586188,0.360988,-0.296606,0.210655,-0.323362,-0.0379586,0.350234,0.151423,0.411183,0.467799,-0.0235939,0.143867,0.533726,-0.368642,0.120196
-0.127356,-0.349536,0.162654,-0.205136,0.444459,0.0432559,-0.220098,0.419797,-0.107162,0.20033,0.133102,0.442923,0.296394,0.394435,-0.365199,0.473404,0.152159,0.308116,0.028359,0.253676,0.0152622,-0.510768,-0.13341,0.243686,0.0468386,-0.493581,0.352203,-0.205659,0.0166954,0.24199,-0.0338591,-0.31339,-0.182292,-0.314705,-0.36662,-0.400381,0.120558,-0.48996,-0.468075,-0.414286,-0.20608,-0.380368,0.196894,-0.435001,-0.249332,-0.00390933,-0.0430447,0.291798,0.268493,-0.175139
0.291978,0.212514,-0.242535,0.154658,0.337978,-0.117698,0.158214,-0.41521,-0.34391,-0.0356895,0.314256,-0.395051,-0.459381,-0.304646,-0.218359,-0.00399152,0.175115,0.153183,-0.263044,-0.0254673,-0.132856,-0.424681,-0.467157,-0.0708224,0.125695,0.00286101,0.244892,-0.116731,0.280596,-0.00906778,0.160649,-0.0604312,0.0872354,0.0355526,-0.38512,0.251866,-0.221515,0.0420191,-0.416717,-0.247179,0.552553,-0.00715876,-0.469478,0.275956,-0.016131,-0.241922,0.0159046,0.020158,0.3372,-0.491954
-0.110134,-0.417626,0.0328119,0.292362,0.375414,0.54943,0.319951,0.0726853,-0.08143,0.333613,-0.231771,-0.0551037,-0.322517,-0.353227,-0.285321,-0.152577,-0.393344,-0.40266,0.290514,0.162517,0.323788,0.41867,-0.188094,-0.298248,-0.185514,-0.125957,-0.407361,0.369503,-0.327566,-0.312117,0.143804,-0.568516,-0.259087,0.178731,-0.088134,0.479839,-0.465249,-0.0288261,-0.255725,-0.183887,-0.0893685,-0.426947,-0.57609,-0.412436,0.297796,0.640762,0.0809721,-0.111248,0.384215,-0.3629
0.0563764,0.263594,-0.412301,-0.380176,0.476323,-0.41571,-0.0374421,-0.263217,-0.388335,-0.332409,0.473007,0.010427,-0.453383,-0.332388,-0.244629,-0.165531,0.220517,-0.501312,-0.169058,0.462044,-0.277201,0.550656,0.129505,-0.0735507,0.347993,0.297474,-0.26498,-0.339012,0.0170704,-0.51563,-0.0789029,0.162312,0.39432,-0.201447,-0.384188,-0.285304,-0.111921,0.415618,-0.264236,-0.479597,0.210241,0.0876838,0.239646,0.187364,-0.430002,-0.264577,-0.303085,0.231355,0.145953,0.27442
-0.0475503,-0.428973,-0.241836,-0.438388,0.538143,0.433902,-0.118521,-0.331819,0.116242,-0.236133,-0.314779,0.0160566,0.285758,0.13416,0.0697661,0.2115,0.222128,0.0688213,-0.459807,-0.419649,0.361325,-0.247591,-0.532349,0.467298,-0.262016,0.0209051,-0.349725,-0.124987,-0.042784,-0.351814,0.431744,-0.393282,-0.366093,-0.171666,-0.16377,-0.0530451,0.21464,-0.407231,-0.440908,-0.259285,0.477293,-0.186316,-0.0668161,-0.135055,-0.388585,-0.471892,-0.517055,-0.43258,-0.379361,0.0101713
0.114739,0.142659,0.376947,-0.456213,-0.207464,0.105641,-0.494716,-0.214068,0.48315,-0.2207,-0.363628,-0.0565393,0.0759949,0.333007,0.266838,-0.182165,0.136856,0.285429,0.1738,0.429102,-0.258526,-0.457002,0.0679678,0.0809627,0.227857,-0.313357,0.370216,-0.199886,0.106972,-0.463469,-0.0181421,-0.35535,0.443481,-0.251714,0.00287572,0.144918,0.444946,-0.30735,-0.528347,-0.150291,0.302335,-0.06384,-0.512171,-0.076367,-0.405945,0.310533,-0.228295,0.0610468,0.299403,-0.548829
-0.18474,-0.495422,0.190717,-0.0378297,0.403278,0.188985,-0.415123,0.113015,-0.361061,0.0829997,-0.440006,-0.221564,-0.154175,-0.432391,-0.411696,-0.159205,-0.178583,-0.00560266,-0.193543,0.420989,0.256056,-0.12112,0.0708426,-0.186111,-0.127088,-0.419943,-0.0974158,-0.0405576,-0.0395528,-0.276368,-0.310798,-0.456347,0.223787,-0.376925,0.377171,0.166092,-0.41539,0.408147,-0.117467,0.086155,-0.479093,-0.246344,0.113581,-0.38416,-0.432099,0.196894,0.222509,0.406965,0.390364,0.0116771
-0.058869,0.347408,-0.412302,0.292566,-0.000877286,0.35793,-0.117835,0.412718,0.411177,-0.442721,-0.440282,0.447652,0.0599232,-0.185106,0.0638962,-0.681223,-0.0974716,0.472619,0.249474,-0.335101,0.16722,0.215336,-0.550173,-0.537068,-0.583849,-0.328605,0.355973,0.324018,0.100625,-0.338153,-0.220414,0.0799035,-0.0988042,-0.564189,0.377081,0.410884,-0.231767,-0.470105,-0.491084,-0.486437,0.0566234,0.1631,-0.0775785,0.222589,-0.592141,-0.458244,0.0463263,-0.498797,0.0622402,0.167512
0.439002,-0.451562,-0.393752,0.190235,0.151353,-0.333941,0.407509,-0.296804,-0.313515,-0.299598,0.102886,-0.410504,-0.208418,-0.1944,-0.0483754,0.0786328,-0.231739,-0.18472,-0.23684,0.39088,0.178724,-0.272514,0.308357,0.286421,0.290987,0.351091,-0.356184,0.396749,-0.339111,0.0983524,0.135857,0.0694882,-0.364895,-0.0422489,-0.441247,0.166218,0.218881,-0.277733,-0.232926,-0.376862,0.326293,0.392746,0.388001,0.152427,-0.167133,0.338828,0.0970373,-0.391585,-0.297573,-0.0949297
0.432748,-0.0399604,-0.134026,-0.0506569,0.37852,-0.163879,-0.516227,0.0499647,0.311208,-0.473776,-0.526758,-0.179537,-0.243853,0.404138,-0.216567,0.445406,-0.392827,0.295494,0.374739,-0.148402,-0.132247,-0.4379,0.0386701,0.427685,-0.456896,0.209316,-0.0618128,-0.191152,-0.220242,0.442033,-0.0813978,0.159095,-0.304381,-0.283865,0.504587,0.490149,-0.180859,-0.122395,-0.445983,0.478397,0.507921,-0.243757,0.0127058,0.321142,-0.272205,0.358904,0.0791173,0.0312695,0.299608,0.0798834
0.165761,-0.302002,0.0720426,-0.394875,0.274441,-0.357492,-0.387921,0.323788,-0.170205,-0.37159,-0.382598,0.250167,0.418513,-0.252872,-0.365049,-0.387074,0.0583825,-0.339169,-0.0912686,0.114968,-0.0235068,-0.12438,0.0119389,-0.202579,0.150969,0.225055,0.491743,0.438902,0.336422,-0.533851,0.282845,-0.0586929,-0.371031,-0.323884,0.253647,-0.481805,0.151034,0.258843,0.395961,0.133125,0.252879,-0.125029,0.214417,-0.281908,-0.285141,-0.474713,-0.380445,0.0495536,-0.00177219,0.29692
0.218035,-0.186931,0.0880126,0.0824707,0.238776,-0.361707,-0.20539,0.442931,-0.0942918,-0.108387,-0.274785,-0.0378445,-0.165607,0.409873,0.363368,-0.479403,0.458222,0.482537,0.413798,-0.21821,0.476167,0.381159,-0.390913,-0.346079,0.433279,-0.118899,-0.0833201,0.356682,-0.0292653,-0.545361,-0.363094,0.222306,-0.466405,0.239048,-0.481213,-0.456399,0.195873,0.0156528,0.0978664,0.0418015,-0.0482794,-0.100532,-0.307953,-0.0826442,-0.482799,0.204341,-0.40058,0.35144,-0.0857404,-0.387715
-0.33,0.360607,0.15711,0.0696581,-0.280961,0.0732996,0.238953,-0.358392,-0.0608068,-0.287384,0.334754,0.348992,0.4122,0.491179,-0.0948365,0.411152,-0.318767,0.493223,0.476566,0.407309,0.311316,-0.130353,-0.260005,0.0251273,-0.422505,0.039603,-0.0470022,-0.0796166,-0.204702,0.316437,0.460647,0.106773,-0.233142,-0.226146,-0.0767404,-0.0952568,0.167159,0.456445,0.04939,0.405053,-0.348966,0.152568,-0.0291674,0.0270169,0.0678732,-0.309133,0.522692,-0.0194588,-0.364455,0.339567
0.0520209,0.316685,-0.214994,0.0259277,-0.0620353,-0.454971,0.139596,-0.244064,0.0486762,-0.19056,0.592372,0.269211,0.237842,-0.328586,0.024085,-0.124299,0.0386077,-0.0848412,-0.21416,0.153223,-0.115272,-0.359957,-0.0613225,0.101719,0.00929509,0.461009,0.0585254,-0.462094,-0.449402,0.151651,-0.0325953,0.256545,-0.243902,0.273283,-0.303325,0.13176,0.492864,-0.103241,-0.373499,-0.0943341,0.0153626,-0.429784,-0.183706,0.402586,-0.576745,-0.106031,0.403022,-0.023255,-0.0626926,-0.3251
-0.488141,0.272112,0.270141,0.0767509,-0.186025,-0.515165,-0.338732,0.0460234,0.244251,0.255559,-0.120102,-0.0269575,0.506248,0.1272,0.10324,0.0514395,0.0213516,-0.357426,-0.164178,0.0747085,-0.238123,0.00278147,0.0454383,-0.476923,0.175892,0.211842,-0.400049,0.322468,-0.321943,-0.566506,-0.225429,0.615437,-0.0132856,0.122802,-0.0596737,-0.418932,-0.147448,0.288444,0.00616108,-0.183774,-0.508231,-0.119604,-0.264445,-0.102994,-0.528539,-0.448361,-0.110127,-0.459445,0.0979819,0.184336
-0.318881,0.527518,-0.216536,-0.139175,-0.474094,-0.397363,0.47692,0.104941,0.490322,-0.440233,0.347479,0.104887,-0.226938,-0.329384,-0.036042,-0.478598,-0.191921,0.124516,-0.0708784,-0.335081,0.535066,-0.36681,-0.0864725,0.226321,-0.0250323,-0.232061,-0.0421785,0.0247802,-0.476187,0.188197,0.411239,0.407402,-0.202008,-0.498903,0.359518,-0.305937,-0.364194,-0.158973,-0.514202,-0.438347,0.432262,-0.510125,0.35992,0.0195791,0.244813,0.365603,0.390849,-0.00682332,-0.0690791,-0.236671
-0.397362,0.179068,-0.173439,-0.202745,0.284669,0.397059,0.395014,0.386616,0.488215,-0.529521,-0.315326,0.0888866,-0.37635,0.461715,0.30878,-0.0854688,0.0831654,0.0604055,-0.507603,-0.128384,-0.381395,-0.0419773,0.328252,0.470139,-0.54577,-0.425078,0.141437,-0.0708517,0.110326,-0.301597,0.287736,0.175277,-0.0976726,-0.167682,0.102831,0.453294,-0.283376,0.427754,-0.0157242,0.242487,0.440105,0.420567,-0.299719,-0.0907299,0.0756558,0.129158,0.404957,0.0549807,0.401948,-0.253351
0.283119,0.225866,-0.307953,0.387113,0.36731,-0.47124,-0.330613,-0.245858,-0.385483,-0.378558,0.0690309,0.0510634,0.164617,-0.0558599,-0.377495,0.0990251,-0.514121,0.203573,0.143282,-0.159937,0.443588,-0.162017,-0.537852,0.211504,0.15143,0.344628,-0.410924,-0.0811703,-0.425009,-0.44332,0.344599,-0.250886,-0.1567,-0.186597,-0.355539,-0.0359586,0.145017,0.405207,-0.261045,-0.176314,0.309718,0.355824,0.266336,-0.00537094,-0.00275916,-0.0980142,0.347676,-0.282851,-0.47029,0.393533
-0.369853,-0.54068,0.481153,-0.0229269,0.342192,-0.342953,-0.116672,0.168587,-0.46585,0.206163,0.224608,-0.311593,0.201238,-0.490217,0.138969,0.233355,-0.47587,-0.293807,-0.00794068,-0.355883,-0.50937,0.367638,0.324943,-0.460514,0.183564,0.3001,-0.0223508,0.42563,-0.501221,-0.556094,0.258245,-0.00885721,-0.352219,-0.331425,-0.259223,-0.4062,0.192211,-0.438076,0.28614,-0.276345,0.0194572,-0.0442829,-0.646634,-0.219862,0.432288,0.208356,-0.436528,-0.0443381,0.307336,0.267383
-0.140755,-0.408126,-0.495284,-0.332662,0.0726068,-0.450339,0.219912,0.0830039,-0.426028,-0.0236285,-0.0799492,0.416997,0.0893016,-0.0541,0.413276,0.0116457,-0.113974,0.235468,0.120971,-0.111585,-0.332804,0.498642,-0.441702,-0.0440392,-0.490997,0.463266,-0.376762,0.50678,0.052616,-0.65955,-0.0781904,-0.118698,0.467628,0.0808341,0.440524,-0.123889,-0.371693,0.216552,0.436871,0.376098,-0.224849,0.0246841,-0.205981,-0.197696,-0.195536,0.255414,0.194909,0.131689,-0.37307,0.480498
-0.418764,0.0240196,0.321412,0.118186,-0.187898,-0.100418,0.291926,0.295003,0.413598,-0.0379698,0.15322,0.458657,-0.342366,0.235,0.0382994,0.246766,-0.00846248,0.361503,-0.0389057,0.274949,0.18113,-0.293172,-0.352201,-0.0603605,-0.222567,-0.441723,-0.443436,-0.22047,0.0137705,-0.441061,0.387615,0.0704089,-0.134607,-0.416437,-0.418288,0.211292,0.428528,0.378799,-0.41763,0.258837,-0.0801817,0.168825,-0.0123541,0.141265,-0.48488,0.187263,0.197123,0.197832,-0.393214,-0.374146
-0.456373,-0.506247,-0.173582,0.0323238,0.0190482,0.0843188,-0.539034,0.266536,0.431822,-0.327203,-0.0458919,-0.312335,-0.54183,0.341065,0.0443663,-0.498782,0.0205893,-0.131855,-0.483482,-0.125629,-0.493389,0.351266,0.364899,-0.533553,-0.325392,-0.0418042,-0.422111,-0.394501,0.202146,-0.357345,-0.175687,0.355026,0.0136405,0.159219,-0.142154,-0.0580123,-0.324896,0.0957095,-0.402158,0.480475,-0.0402915,0.174523,-0.473226,-0.276704,0.0313187,-0.536977,-0.248392,-0.404398,-0.207823,-0.361222
0.450741,-0.533026,-0.314341,0.13299,0.136336,0.442933,0.0220597,0.273788,-0.429081,-0.330341,0.327997,-0.143056,0.00939273,-0.433826,0.248394,0.181326,0.474368,-0.0440491,-0.0122508,0.478572,-0.262826,-0.518095,-0.528969,0.476554,-0.407722,0.293379,-0.0483677,-0.39141,0.190563,-0.230727,0.0631543,-0.304606,0.269301,-0.18296,0.07585,0.454552,0.290934,-0.377611,-0.465358,0.140998,0.233724,0.295458,-0.279789,-0.304802,-0.0921982,-0.50515,-0.43651,0.0479179,0.497358,0.193231
-0.261926,-0.349993,-0.0627193,0.0961056,0.14195,-0.389093,0.219767,-0.472921,-0.079833,0.0629348,-0.209536,0.048593,0.319604,0.40498,0.190578,-0.0712476,-0.182417,0.241905,0.377485,-0.025885,0.283609,-0.128711,-0.267377,-0.312316,0.151484,0.239301,-0.0297654,0.390158,-0.447703,-0.172885,0.237671,0.238999,-0.0288781,0.149957,-0.0613891,0.375921,-0.195589,0.0270315,0.312104,-0.0200663,0.12522,0.382988,0.355891,-0.325805,-0.166432,-0.193857,-0.259354,-0.439463,-0.0265608,0.296799
0.0191451,-0.0479633,0.461861,-0.276819,-0.0212614,0.0687461,0.249841,0.0796301,-0.312452,0.405663,-0.458708,-0.359417,-0.26827,0.140112,-0.313974,-0.360891,-0.233459,0.167988,0.341248,-0.487584,0.385664,0.273305,-0.372193,0.260845,0.364457,0.103601,0.259832,0.284789,-0.183992,-0.114152,0.370114,0.380204,-0.301748,-0.179608,0.452451,-0.106793,-0.388672,-0.34217,-0.185404,-0.120302,-0.452462,-0.100296,-0.344691,-0.0398929,0.265362,-0.427189,0.156759,-0.485842,-0.244137,0.316885
0.322415,0.310813,0.419651,0.312407,-0.545669,-0.554406,0.423902,0.091668,-0.275214,0.335639,-0.310947,-0.306277,0.315671,0.0507126,-0.242881,0.0545476,-0.419536,0.229424,0.132758,-0.491664,0.0866138,0.0607191,-0.438851,0.220462,0.440697,0.0319177,-0.328021,-0.433877,-0.474622,-0.244569,0.366867,0.477854,-0.0678931,-0.502904,0.137048,0.315664,0.42846,-0.480046,0.280284,0.149243,0.0594048,0.225419,0.41182,-0.462154,0.43085,-0.596013,0.141579,0.254683,-0.0327999,-0.151122
0.0849316,-0.0616282,0.268808,-0.438883,0.00392293,-0.130013,-0.47314,0.266442,0.304555,-0.292478,0.186525,0.295934,0.213029,0.512941,-0.0563121,-0.444845,-0.177218,-0.352286,-0.218572,-0.0769818,-0.445874,-0.152133,0.0282604,-0.366671,-0.152869,-0.0387234,0.103589,0.0683044,0.254084,-0.456661,-0.087425,-0.226153,0.318435,-0.128295,-0.0512353,-0.304453,-0.471123,-0.143921,0.0640612,0.211594,-0.391652,0.249,-0.614996,0.452461,-0.034017,-0.289239,0.040093,-0.438975,-0.214321,-0.42802
-0.190686,0.13719,0.196473,-0.412358,-0.450951,0.0213859,0.235971,0.306408,0.141158,-0.0844837,-0.206868,0.376116,-0.400128,0.259721,0.318826,-0.596928,0.395879,-0.266426,-0.445774,0.417234,-0.383422,0.031731,-0.0526139,-0.00121678,0.228608,-0.595849,-0.363596,0.379119,0.0237748,-0.652628,-0.0677031,-0.437628,-0.230813,0.46959,-0.113853,0.211711,0.325209,-0.167394,0.132887,0.491427,0.432925,-0.053614,-0.563637,0.386856,-0.448923,0.342656,-0.176914,-0.180711,-0.0891592,-0.53402
0.15712,-0.529134,-0.381537,0.409389,0.199286,-0.0519259,0.405862,-0.203358,-0.415785,0.211221,0.199192,0.118154,0.0978589,-0.132204,0.0561727,-0.405803,0.386636,0.24581,-0.158774,0.334114,0.217147,-0.203689,0.0263142,0.29053,0.233975,-0.562295,-0.175083,-0.0426785,-0.0522926,-0.492601,-0.240098,-0.559884,0.257738,0.183726,0.140186,0.159209,0.259026,0.461932,-0.0719058,-0.0569209,0.34535,0.473096,-0.220051,0.37139,0.061733,-0.223218,-0.452824,-0.0794995,-0.505517,0.404099
0.0758849,-0.402925,0.177443,-0.360099,-0.0499494,-0.253232,-0.41528,-0.455296,-0.0453534,-0.0126647,0.349816,-0.0681972,-0.476727,0.518754,0.421756,0.185921,-0.042877,0.166217,0.331318,-0.248809,-0.349671,0.217369,-0.0221484,-0.280076,0.257559,-0.488802,0.283768,-0.118791,0.0351333,-0.0805829,0.441896,0.207121,0.381159,0.300447,-0.243082,0.147151,-0.040833,0.108117,0.25251,-0.227278,-0.217299,-0.349972,-0.393138,0.233206,-0.508449,-0.0298716,0.40912,-0.000457025,0.0375741,-0.0216948
-0.0275256,0.468344,-0.105044,-0.03346,0.285004,-0.285248,-0.261589,0.369848,-0.0792143,-0.433002,0.29478,0.067762,0.129271,-0.443482,-0.383097,0.106039,0.165771,0.0104917,0.146204,-0.207967,0.480944,-0.456684,-0.1886,0.459442,0.369892,0.121205,0.1331,0.292603,-0.363107,0.193778,-0.286365,-0.324972,0.324323,-0.235421,-0.17503,-0.366122,0.175726,0.0510993,-0.183689,-0.328477,-0.18177,-0.255526,0.241041,0.347194,0.443615,-0.304148,-0.397604,-0.136342,-0.0488757,0.147343
0.394055,-0.410188,0.278348,-0.280977,-0.183369,0.2927,-0.375273,-0.381388,-0.0131557,-0.109546,-0.16405,0.0465974,-0.15221,-0.209901,0.177679,-0.488266,0.0359456,0.0586851,0.317675,0.0252078,-0.18841,-0.129971,0.391128,-0.0347622,-0.334089,-0.55711,-0.344796,0.269175,0.454433,0.115836,0.189993,-0.322009,-0.454244,0.259834,0.297121,0.24263,-0.134955,-0.469445,-0.0985279,0.036399,-0.455066,-0.433229,-0.516683,0.508981,0.207553,0.0802968,0.0240571,-0.369063,0.174345,-0.266275
-0.276471,0.325492,0.447827,0.316006,-0.646094,-0.114709,0.209152,-0.393427,0.115657,0.389817,0.163335,0.0227299,-0.430577,-0.222432,-0.310571,-0.362232,-0.367706,-0.180309,-0.466017,0.0862528,0.090603,0.401767,0.011729,0.0519074,-0.282249,0.0288424,0.00287188,0.271832,-0.176818,-0.755587,0.0502549,-0.269332,-0.0653155,-0.27505,-0.0876807,-0.0985395,0.220552,-0.33478,0.294441,0.0278199,-0.285372,0.109258,-0.319548,0.133033,-0.15193,0.00764245,-0.0138652,-0.597929,-0.278884,0.0205637
0.193709,-0.417568,0.418321,-0.21707,-0.278989,-0.490246,-0.492245,-0.235177,0.342525,0.32786,-0.363512,0.474992,0.313065,-0.259001,-0.184202,-0.605963,0.259115,0.110714,-0.140031,0.331419,0.424567,-0.338589,0.121345,-0.443063,-0.5365,-0.468981,0.21184,0.19586,-0.225503,0.20262,0.286941,-0.255813,-0.462217,0.286848,0.219346,-0.442203,0.200816,-0.444819,-0.0312994,-0.00244298,0.0934366,-0.252099,0.250797,0.502627,0.0617279,-0.468804,0.311215,0.128518,-0.297757,0.345313
-0.0746029,0.413735,0.361699,-0.146389,-0.187798,-0.603401,0.131538,-0.146863,0.0882589,0.0590309,-0.163402,-0.449642,-0.0944136,-0.058573,0.431191,-0.049795,-0.198636,0.0649088,-0.341524,0.0210667,0.0484809,-0.139065,0.0583627,0.421217,-0.52585,0.288352,-0.114004,0.43089,-0.00763335,-0.725752,-0.366959,0.418187,0.443269,-0.431562,0.4183,-0.517227,0.267212,0.446902,0.168224,0.0665467,0.239074,0.160677,0.349471,0.21717,0.296606,-0.625623,0.282064,-0.571945,-0.152872,-0.45955
0.188752,-0.529614,-0.296727,0.386084,-0.555668,-0.115845,-0.311978,-0.146364,-0.280396,-0.292851,0.377081,-0.462262,0.38617,0.404169,0.260227,-0.513658,0.38723,0.391947,-0.39757,0.171787,-0.0559978,-0.369069,0.0289048,0.0453422,-0.0144158,-0.406024,0.165019,-0.366867,0.301762,-0.383512,0.0111216,-0.109866,0.0677586,0.143975,0.224369,0.402857,-0.0579675,-0.224592,-0.559239,0.270995,-0.276213,0.435791,0.247857,0.460083,0.0217167,0.159022,0.00488591,-0.450767,-0.0796857,-0.437628
-0.166804,0.271334,0.291105,-0.15832,0.224865,0.294865,-0.438402,0.108352,0.300377,-0.345047,-0.224924,-0.0526938,-0.10113,-0.466829,-0.415443,-0.107036,-0.0566018,-0.100609,-0.408835,0.340169,-0.341525,-0.374932,-0.28175,0.202176,0.222605,-0.264516,0.0852251,0.470566,0.410626,-0.433721,-0.169674,-0.110449,-0.513921,-0.393521,-0.298307,0.241956,0.163457,-0.246973,0.0280969,0.357152,-0.0268939,0.195955,0.364687,-0.0987121,0.283047,-0.454748,-0.402169,-0.212152,-0.440432,0.311223
0.370462,-0.462261,0.0514283,0.305843,-0.188744,0.261121,0.410211,-0.413328,0.157918,-0.222509,-0.0110743,-0.180132,0.323103,0.0413594,-0.462845,0.482974,0.167469,-0.434182,0.0617699,-0.0483535,-0.220845,0.17036,-0.294609,-0.192481,0.0644479,0.452654,0.332792,-0.0787879,0.493164,-0.0218671,-0.0824671,-0.403493,0.200882,-0.109034,0.246398,0.202718,0.370424,0.345565,-0.265828,-0.34379,0.313078,0.418945,0.202482,0.238132,-0.411747,0.278596,0.0767765,-0.528919,-0.216821,0.11306
-0.257431,-0.567885,-0.195547,0.168263,0.105353,-0.116709,0.214634,-0.193702,-0.418411,-0.0587351,-0.506266,0.48507,0.0209744,-0.280949,-0.165511,-0.476341,-0.177605,0.373329,-0.520058,0.41678,-0.350242,0.391845,0.0425687,0.0785888,0.104384,-0.157888,0.0291459,0.456204,-0.0426293,0.277779,0.365405,-0.351504,-0.506873,0.188006,0.121131,0.354912,0.221293,-0.151549,-0.411357,0.283768,0.360548,0.0958305,-0.0854314,0.200708,0.186075,0.437197,-0.35793,-0.312531,-0.486294,0.297402
-0.168332,0.322386,0.406833,-0.464234,-0.0986922,0.518105,-0.477371,0.351256,0.457934,-0.0427373,0.352836,0.0342295,0.208682,-0.144564,0.0482985,-0.46982,0.243733,0.221739,-0.0952029,0.254039,0.318617,-0.196109,-0.432958,0.0363409,0.154863,-0.41858,0.224476,0.379901,-0.392933,0.338994,0.508407,-0.521236,-0.350806,0.108319,-0.197747,-0.0651278,-0.123231,-0.0152029,0.372482,0.488565,-0.186992,0.116783,0.314261,-0.420442,-0.232802,-0.534912,0.18271,-0.0661485,-0.255529,-0.272137
0.316163,0.0557148,0.409953,-0.258559,-0.400387,-0.4511,0.438089,0.0694194,-0.0434112,-0.171779,0.0376645,0.11708,-0.39209,-0.0268243,-0.17142,0.423176,0.270515,0.359772,-0.0786837,0.283721,0.181143,0.318753,0.25779,-0.280809,0.137812,0.22889,-0.219097,0.259882,-0.234135,-0.0657773,0.315214,0.378507,0.407076,0.101899,0.227818,0.155837,-0.313358,-0.268085,-0.212002,-0.36502,0.284289,-0.357186,-0.195167,0.0537295,-0.178795,0.0818006,-0.274143,0.0229664,-0.418172,-0.269973
0.388699,-0.320135,0.375836,0.277466,-0.124983,0.0376599,0.316386,-0.439218,-0.126644,0.0697319,-0.388419,0.212463,-0.0217251,-0.0488282,-0.0240746,-0.234858,0.430152,-0.468188,-0.0744129,0.0443597,0.135414,-0.241402,-0.394218,0.406037,-0.328721,-0.38125,0.0161073,0.420576,-0.181062,0.440196,0.176215,0.197621,-0.362154,0.333609,-0.117027,0.413739,-0.12298,-0.394672,-0.524893,-0.0838908,0.094298,0.472991,-0.23893,0.438798,0.458206,0.484633,-0.163399,0.282156,-0.00546576,0.139056
-0.418431,-0.383183,0.00162946,0.122774,-0.148933,-0.17243,-0.164543,0.333214,-0.149082,0.397366,-0.467744,0.508501,-0.456883,-0.279106,-0.0848063,-0.319864,0.241082,0.206677,-0.0752127,-0.378805,0.257028,-0.445251,-0.291796,0.268291,0.103094,-0.0596418,-0.373339,0.22437,0.135821,0.559113,-0.285559,0.142943,-0.320485,-0.10033,-0.151135,0.0365698,-0.41231,0.480125,0.0464421,0.0306703,0.318948,-0.435793,-0.429286,0.0160321,-0.0751833,0.314698,0.26641,-0.158364,0.185155,-0.165308
0.534974,-0.15678,0.0820483,0.316934,0.0266588,0.298687,0.204879,0.318891,0.400169,0.0950066,-0.208527,0.000781676,-0.505624,-0.0608423,0.241531,0.402182,0.481278,0.355634,-0.0218122,0.235387,-0.0877557,-0.470664,-0.503488,0.311787,0.265676,-0.296378,0.214551,-0.344009,0.13634,-0.126082,0.329434,-0.19458,-0.329302,0.457021,-0.310353,-0.373301,0.356227,-0.332879,0.427205,-0.472998,0.48926,0.361865,0.237452,-0.404953,0.512331,0.391704,-0.353986,-0.482809,-0.253453,-0.484815
0.0613831,0.378542,-0.334573,-0.207934,-0.465604,0.238612,-0.0784928,-0.0990617,0.388881,0.518122,-0.422896,0.0317301,-0.294718,0.119879,-0.481796,0.168886,-0.0012765,-0.0442837,0.274869,-0.22568,0.436852,-0.158651,0.0415164,0.0655185,0.375761,-0.511152,-0.436158,0.460076,-0.0629514,0.206981,-0.31544,-0.182399,-0.0853708,0.181385,0.136194,0.109853,-0.131481,0.00318366,-0.303089,0.319043,-0.303684,-0.386166,-0.00741692,0.367851,-0.397098,0.0547089,-0.404208,-0.254246,0.447091,0.254753
-0.43373,0.322051,-0.223712,-0.27203,0.235739,-0.12535,-0.0745384,-0.126051,-0.40111,0.162773,-0.203386,0.00444974,-0.465702,0.324871,-0.490751,0.306932,-0.200845,0.357478,0.293921,0.236359,0.509231,-0.0277444,0.282562,0.336272,-0.285928,-0.377279,-0.308349,0.0222889,0.371992,0.615243,0.0156728,0.175153,0.153325,0.463677,0.34636,0.177553,-0.0500486,0.269901,-0.447017,0.349481,0.328465,-0.0116897,-0.19771,0.493481,-0.0531752,0.420035,-0.404528,-0.109588,-0.236541,0.511214
-0.304176,-0.189709,0.366683,-0.295947,0.164656,0.489122,0.131338,-0.0767202,0.392794,0.16213,-0.444452,-0.374993,-0.268163,0.0780072,-0.296771,0.50588,-0.175871,-0.0166771,0.447,0.458242,-0.0739732,-0.441167,-0.0723987,0.0886553,-0.307135,-0.0519321,-0.357741,0.163685,0.209015,-0.307262,0.267388,-0.373827,-0.0364037,0.424513,-0.410689,-0.130948,0.501311,0.00769164,0.426006,-0.41078,0.448588,0.384655,0.0986941,0.163908,0.326524,0.330597,-0.516343,0.0369589,0.181671,-0.243769
0.192221,-0.00368798,-0.00800788,0.102708,0.368718,0.206547,-0.200483,-0.227473,0.366244,0.501871,-0.272423,-0.367666,-0.211903,0.0785153,0.34386,-0.42055,-0.402769,-0.477114,0.288115,0.174443,-0.48093,0.205752,-0.124608,0.0866064,0.369722,-0.456702,0.191726,-0.0961717,-0.428924,0.423136,0.495352,0.408315,0.339092,0.502492,-0.246902,0.0688185,0.09667,-0.0717276,0.217433,0.0662855,-0.368013,-0.446418,0.179391,-0.229289,0.25339,-0.298878,-0.555569,0.303387,0.351099,0.466497
0.434841,0.100131,-0.0341924,-0.396258,0.166747,-0.0988721,0.150087,0.124443,-0.310189,0.335767,0.418585,-0.457254,0.248194,-0.209852,-0.345327,-0.0851379,-0.214093,0.06367,-0.0661177,-0.415214,0.436237,0.350676,0.278208,0.060799,0.489159,-0.468456,-0.184128,0.490794,0.440218,-0.306763,-0.145381,-0.477254,-0.464788,-0.183444,0.45431,-0.350687,-0.403603,0.181849,-0.167954,-0.336178,0.151247,-0.170662,-0.384922,-0.0938586,0.491319,-0.116941,0.490744,0.15662,-0.125273,0.418969
-0.114693,-0.128705,0.350113,0.156809,-0.017623,-0.412921,-0.40191,-0.42054,0.412514,-0.0858467,0.37697,-0.205272,-0.512953,0.118003,0.358465,0.258236,-0.153346,0.192932,-0.089767,-0.409617,-0.058623,-0.487902,-0.218486,0.114811,0.482173,-0.149864,0.151274,0.128868,0.191026,-0.325935,0.00705244,0.291275,0.135188,-0.380373,-0.211604,-0.0547637,0.192116,0.0955382,0.228733,-0.194355,-0.0449318,-0.205671,0.0623243,0.383703,0.237406,0.0420419,-0.3502,-0.444777,0.0471498,-0.436673
-0.475935,0.131758,-0.00314523,0.273599,-0.137008,0.200668,-0.496961,0.370261,0.42976,-0.0250211,0.142742,-0.454107,0.390891,-0.453198,0.255131,0.132901,0.00193416,0.254278,-0.106566,-0.467086,-0.297821,0.245476,-0.0498702,-0.493024,0.346794,-0.472013,0.315703,-0.0931882,0.135606,0.27846,-0.104794,-0.146725,0.295653,0.0669466,-0.300054,-0.542252,0.217932,-0.358207,0.148338,-0.0651217,-0.0993696,0.0568865,-0.479262,0.11169,-0.463839,-0.550823,0.180912,-0.061824,-0.542897,0.463997
-0.506128,-0.376021,-0.21046,0.209661,0.391047,0.219552,-0.142812,-0.101809,-0.407956,-0.201619,0.0123425,-0.502283,0.426536,-0.443436,0.192937,-0.313562,0.290798,-0.0792922,0.39647,0.346694,0.138389,-0.373343,0.445561,-0.522203,-0.289035,-0.395228,-0.138156,-0.223614,-0.0237043,-0.233718,-0.275385,0.163163,-0.117835,-0.176587,-0.43458,0.391118,-0.48309,0.0580132,-0.136317,0.415378,-0.436893,0.467853,0.122135,-0.380258,-0.509786,-0.468954,0.218806,-0.177517,-0.084346,-0.437016
0.0209352,0.0893671,-0.320947,-0.316098,-0.331827,0.266619,-0.279303,0.434863,0.307388,0.204969,-0.100308,-0.0299809,-0.403986,-0.0323189,-0.0867154,0.559827,0.418976,-0.437027,0.0584246,0.0285685,-0.0156032,0.426757,-0.243342,0.149227,-0.274184,0.498745,0.234475,0.236573,-0.0493632,0.396489,0.383868,0.438171,-0.337443,0.346518,0.133677,0.468328,0.380095,-0.337979,0.420137,-0.216591,0.495427,0.425143,0.450621,-0.359061,-0.0616233,0.224819,0.103032,-0.144191,0.396975,-0.173767
-0.413672,0.301564,0.178975,-0.0995855,-0.352584,0.204006,0.202114,0.212763,0.471126,0.273808,0.102191,-0.114177,0.0527963,-0.370899,0.0266534,0.065482,0.00560651,-0.287097,0.514053,-0.452244,-0.0132953,0.368517,0.015884,-0.474482,-0.442751,0.518712,-0.204194,0.0409036,-0.155464,0.0141763,0.480194,0.341554,0.0987744,0.469668,0.224281,0.461641,0.0157845,-0.251361,0.292536,-0.431798,-0.281472,-0.211074,0.0620349,0.299985,0.0996084,-0.366659,0.440053,-0.343269,-0.466457,0.26705
-0.275484,-0.0859092,0.229976,-0.184966,0.152191,0.358748,-0.35621,-0.0643924,0.00974345,0.354762,0.362,0.0457964,0.32165,0.418172,-0.115478,0.322956,-0.35516,-0.333281,0.362979,-0.129057,-0.0390059,0.00332442,-0.251681,-0.296811,0.286671,0.44577,0.33036,-0.344232,0.0493111,0.399464,0.478515,0.0763485,0.366494,-0.534586,0.00686994,0.306709,-0.159153,-0.415559,-0.282807,-0.110522,0.217175,0.32754,0.188479,-0.149237,-0.1267,-0.00372891,0.601666,0.00231502,0.449602,0.427887
0.482696,0.46284,-0.356312,-0.0787399,0.104401,-0.226378,0.345936,-0.069762,-0.492374,0.0240112,-0.123277,0.115011,-0.227907,-0.408206,0.0896995,-0.395161,-0.315345,0.233515,-0.140092,0.0431486,-0.133287,0.18301,-0.148099,-0.109141,0.483429,0.0315854,-0.0226323,0.0127914,0.260096,-0.435947,0.212469,0.221854,-0.144153,-0.44969,0.124024,-0.17391,0.496008,-0.174459,-0.327945,0.15925,-0.48853,-0.16647,-0.506294,0.16278,-0.376795,0.234806,-0.299878,-0.181361,-0.363358,-0.40295
0.436445,0.0558002,0.104534,-0.276992,-0.186031,0.301373,0.0845208,-0.173527,-0.314874,0.117128,0.195289,0.105321,-0.18289,0.132983,0.279065,-0.307147,0.137951,0.4485,0.181825,-0.361842,-0.492003,-0.224406,0.0666523,0.331199,0.483209,-0.0151753,-0.0585447,0.0709782,-0.074248,0.413992,0.402682,0.180791,-0.479206,0.475051,-0.0829564,0.318504,-0.0459577,-0.222685,0.101162,0.215892,0.331247,-0.436555,-0.0618165,0.366812,0.124463,-0.295247,-0.00636787,0.459917,0.0364052,-0.435169
0.337666,0.361226,-0.0124122,-0.124706,-0.30116,-0.234382,-0.316994,-0.28675,-0.208414,-0.437863,0.0584605,-0.152527,0.0256103,0.424996,0.334047,0.392117,-0.00909242,-0.181971,-0.394273,0.294931,-0.0130404,0.328284,0.280244,-0.145268,-0.337558,-0.0789669,-0.0460828,0.245286,-0.20993,-0.532049,-0.0972027,0.334584,0.191878,-0.124689,0.418698,-0.489103,-0.130818,-0.0504121,0.298724,-0.395449,0.335952,0.0703064,0.0695781,-0.279094,0.342388,0.266343,0.117904,0.0961337,-0.200858,0.487477
-0.279098,0.184904,0.334146,0.0275338,0.113997,0.277586,0.0959961,-0.280851,0.146078,0.37885,0.221949,-0.0163508,-0.109245,0.327807,-0.0989512,-0.387754,-0.402772,0.464729,-0.0914505,-0.0591736,0.0283065,-0.262202,0.341724,0.383075,0.0820579,-0.00469863,0.127926,-0.101294,-0.243434,-0.491032,-0.35904,0.374344,0.109869,-0.495981,0.467478,-0.454924,0.322671,0.175075,0.296921,0.151842,0.432397,0.244472,-0.473071,0.0154997,-0.398512,0.0995607,0.103381,0.17721,0.0762366,-0.394008
0.0553396,0.109135,0.225007,-0.352854,0.505271,-0.277948,0.0032611,0.0849754,-0.232566,-0.19762,-0.0663297,-0.273008,0.45632,0.477163,-0.1714,-0.0971208,0.0359203,0.198205,-0.437236,0.477492,0.276395,0.109497,-0.349128,0.142735,0.102006,0.001753,0.261668,-0.467339,0.398364,-0.412333,-0.349806,0.244785,0.274261,0.0963241,-0.441269,-0.00184189,-0.270461,-0.249642,-0.455922,-0.340372,0.171924,-0.493931,0.371609,0.310617,-0.332991,0.0199246,0.145428,-0.0677766,0.0510177,-0.474673
-0.133304,-0.473464,-0.323018,0.044607,0.225593,0.0725905,-0.211985,-0.208454,0.246049,0.0518085,-0.127269,0.291279,0.0900703,0.413668,0.248798,0.271239,-0.511731,0.491807,-0.478328,-0.422149,0.160526,-0.00481419,-0.171618,0.130296,0.302474,-0.0149509,-0.292127,-0.412496,0.399712,0.164712,-0.129043,0.0933136,0.0582997,-0.360305,-0.27856,0.231877,0.351781,-0.444153,0.102813,-0.125835,-0.360657,0.236691,0.337092,-0.437307,0.38765,-0.142811,0.0944473,-0.334,0.342706,0.0127483
0.250657,0.219369,-0.282905,-0.48358,-0.00332931,-0.418422,0.450241,-0.351407,-0.448147,-0.478548,0.0607102,-0.454132,-0.444485,0.376333,0.0251692,0.347447,0.291793,-0.0145778,-0.40788,0.244079,-0.00711635,-0.246935,-0.279808,0.404358,0.0385237,-0.317577,-0.230208,-0.312933,-0.0762354,-0.543674,-0.110936,-0.407073,-0.0602276,-0.140214,-0.235428,-0.266924,0.0132992,-0.262146,-0.276714,0.31814,-0.218979,0.506141,0.413624,-0.182143,-0.355008,0.427434,0.246915,-0.362695,-0.357162,0.288588
-0.000151498,0.316788,-0.00152738,-0.122865,-0.0225883,-0.380002,0.239749,0.273591,0.227071,0.24209,0.324331,0.27388,-0.136647,-0.25373,-0.478866,0.136582,-0.367765,-0.236997,0.43941,0.0453381,-0.420186,0.415295,-0.370296,-0.312269,0.292305,0.0580502,0.434898,0.301626,0.377659,-0.445514,0.396347,-0.451755,0.333835,-0.0501714,0.328888,-0.180845,0.117917,-0.218373,0.0429038,0.194212,0.259817,-0.414437,-0.426782,0.259805,0.464019,-0.195584,-0.238585,0.203318,-0.17992,-0.193295
0.188849,0.428452,-0.377213,-0.131513,0.362239,-0.360931,-0.414851,-0.0420758,-0.16392,-0.0209475,-0.43451,-0.166918,0.19519,-0.35672,0.454925,-0.432478,-0.338601,-0.182818,-0.372489,0.255138,-0.272027,-0.193042,0.390079,-0.225036,-0.393621,-0.413497,0.230604,0.366128,-0.264858,0.229583,0.476217,0.367726,0.518338,-0.0473033,0.0906615,-0.352048,0.0918927,-0.296159,-0.00609682,0.405662,-0.0656197,-0.15976,-0.336886,0.132647,-0.152459,-0.412916,-0.373996,-0.2825,-0.325427,-0.445918
0.0313005,0.318661,-0.363938,-0.195883,0.436817,-0.245642,-0.497403,-0.0515775,0.363617,0.408616,0.19013,-0.46271,0.393898,-0.411317,0.356505,0.341567,0.0623631,-0.400963,0.0257801,0.127762,-0.109961,-0.141711,0.372118,-0.464549,0.112004,-0.271042,0.500179,0.388419,0.20903,-0.619593,-0.276687,-0.173229,0.00951962,-0.287445,0.456333,-0.184148,-0.27296,-0.204061,0.291071,-0.182933,0.45158,-0.238637,0.217189,-0.238356,0.348951,-0.359182,0.037743,0.33132,-0.0836751,0.135358
-0.433913,0.334122,-0.141486,0.235672,0.568818,-0.28177,0.034145,-0.276138,-0.216211,-0.0559122,-0.2799,0.328019,0.338454,0.165527,0.469237,-0.247293,-0.0620254,0.331401,-0.308106,-0.367778,0.105887,-0.219737,0.251542,-0.312173,0.490741,-0.0832083,-0.152013,0.228038,-0.113854,-0.300921,-0.417156,-0.471172,0.307145,0.169182,0.203387,-0.167416,-0.10943,-0.252994,-0.128234,-0.246451,0.100486,0.253006,-0.432471,-0.102737,0.472569,-0.070441,-0.418087,0.28079,0.320326,-0.110207
0.0243972,0.494647,-0.175632,-0.252019,0.565376,0.158198,-0.0926732,0.402248,0.031764,0.315137,-0.502285,-0.137422,0.150189,-0.466519,0.232011,-0.301696,-0.43821,-0.292696,-0.174953,-0.0139885,0.133267,-0.0590993,-0.00985731,0.39914,0.277336,-0.244008,-0.0801652,0.494686,-0.428915,-0.339108,0.0305977,-0.150252,0.110026,-0.269689,-0.196194,-0.382095,-0.461214,-0.0152062,0.0529101,0.159459,0.250151,-0.193961,-0.480774,0.0359733,0.556493,0.48381,0.16915,-0.0897612,0.232532,-0.351445
0.455852,0.259784,0.437011,0.157989,0.330114,-0.440183,-0.274822,-0.389382,0.185897,-0.388099,-0.425701,-0.0200942,-0.108416,-0.392857,0.442702,-0.123817,-0.493762,5.40384e-05,0.188536,-0.00883834,0.0624711,0.0288786,-0.341935,0.294394,-0.105379,0.130716,0.0934995,0.347939,0.160696,-0.293123,0.0553609,0.392688,0.00499242,-0.154937,-0.354357,-0.393421,0.390584,0.0528531,-0.132105,-0.339781,-0.0435923,0.443795,0.273411,0.162916,0.170547,-0.194285,0.282001,-0.217161,0.123339,0.0183892
0.438922,0.389404,0.406965,0.0609885,-0.109105,0.404899,-0.0840096,-0.221872,0.45555,0.189603,0.213331,-0.343203,0.175112,-0.297652,-0.492564,-0.286969,-0.405824,0.393901,0.220563,0.0728935,0.387852,-0.472549,0.45773,-0.0162521,0.0143167,-0.0737586,-0.326933,-0.349439,-0.108404,0.0775782,-0.0520371,-0.342386,0.0140923,-0.523035,-0.0513092,-0.470895,-0.24913,-0.40396,0.0689317,-0.100842,-0.10071,0.152444,0.259564,-0.32592,0.511953,-0.333352,0.188196,0.272705,-0.339321,-0.491122
0.253011,0.440181,0.116423,0.411982,0.0430115,0.406857,-0.387002,-0.338252,0.119488,-0.300037,-0.458964,-0.162594,-0.310999,-0.223019,-0.429638,-0.352206,-0.132213,-0.423116,-0.241994,-0.168004,0.285003,-0.0701437,-0.47464,-0.0686878,-0.181532,0.159812,0.459078,0.494343,0.00946408,0.268113,-0.164079,0.0634978,0.110515,0.362097,0.392889,0.461943,0.250887,0.31185,0.0959923,-0.0647472,0.0572162,0.366602,-0.0719768,-0.267408,0.140626,0.282087,0.352794,0.0581538,0.253339,0.451857
-0.221252,0.150788,0.3363,0.189552,-0.266953,-0.458935,-0.211217,-0.500569,0.157107,0.0637835,0.465685,0.506675,-0.361712,-0.0397923,-0.00978303,-0.0225796,0.25619,-0.282057,-0.375591,-0.283091,-0.115866,0.360118,-0.234983,-0.181347,-0.526624,0.282677,-0.174677,0.23204,0.285679,-0.39318,0.0550521,0.454101,0.144217,0.472481,-0.0724249,0.100033,-0.226546,-0.4793,-0.251935,-0.358293,0.271338,0.0592555,0.152667,0.233556,0.397806,-0.216068,0.0235306,0.236864,0.407975,0.272424
0.237762,-0.0787317,0.314055,0.308079,-0.120068,0.359733,-0.137919,0.368236,-0.0669132,-0.520697,-0.232812,0.264465,0.288438,0.20064,-0.16298,-0.436866,0.344247,0.247051,-0.38695,-0.245178,0.0354112,0.356672,0.212442,0.168886,-0.413313,-0.330997,-0.0274319,0.434926,0.157754,-0.672194,-0.270288,-0.50498,-0.088761,0.0760435,-0.356164,0.230981,-0.0718772,-0.191993,0.339544,0.0194966,-0.349965,0.298628,-0.51945,0.169695,-0.28307,0.134988,0.389887,-0.279142,-0.244609,-0.28645
0.159739,-0.376366,-0.015188,0.19719,0.433823,-0.0684213,-0.561569,-0.236305,-0.504788,0.304052,-0.349166,-0.444555,0.174594,0.233465,0.0601418,-0.0869675,-0.210081,-0.38854,0.15975,0.366962,-0.094958,0.228549,-0.373784,-0.185385,0.0518844,0.27493,-0.0177599,0.422627,0.325526,0.127724,-0.520696,-0.24328,0.256529,0.216419,-0.23142,0.393342,-0.380833,0.429246,0.0987498,0.343019,-0.325824,0.344895,0.171146,-0.352668,0.0989216,0.295374,-0.324988,-0.166475,-0.205275,0.0694891
-0.174508,0.279373,-0.169369,-0.182965,-0.0533451,-0.285484,0.0961583,0.26035,0.513584,-0.0997026,-0.47102,0.495025,-0.306168,0.205897,0.413824,0.0595341,-0.0206624,0.431971,-0.0591359,-0.209348,-0.326072,-0.468167,-0.0506715,-0.475643,0.0490007,-0.246031,-0.0376069,-0.0102087,-0.126654,-0.623895,0.175137,0.162868,0.32958,-0.195899,0.262086,-0.41481,-0.144842,-0.490366,0.239729,0.16301,0.0359555,0.0946236,0.218546,-0.252354,-0.313245,-0.525814,-0.175541,-0.436732,0.122217,-0.397564
0.268678,0.417113,-0.0998295,0.129293,0.49271,0.134929,-0.331733,0.192632,-0.16191,0.0656565,0.141158,-0.257715,0.364324,-0.37729,-0.417636,-0.371225,0.345625,0.105998,0.125058,0.521417,-0.497316,0.435679,0.266911,-0.00688244,0.317361,0.0107278,-0.308181,-0.40369,-0.203516,-0.117651,-0.469133,0.0148969,0.0953283,0.0270714,-0.177677,0.371991,-0.200992,-0.0289707,0.280945,0.0397874,-0.360374,0.136318,0.446899,0.289785,-0.279534,0.080036,-0.290217,-0.121486,0.101651,-0.193873
-0.286496,-0.47899,0.154918,-0.506319,0.451619,-0.349495,-0.0669744,0.202708,0.406862,0.280976,-0.241216,0.0766423,0.388643,-0.13882,0.078294,-0.409959,0.294578,0.0666882,-0.0528756,-0.39864,-0.183711,0.47644,0.198732,0.407483,-0.130678,0.310603,0.0481512,0.395692,-0.219143,-0.15141,-0.331066,0.0799962,-0.327101,-0.0968604,0.389833,0.0444913,-0.00622403,-0.0781032,0.322317,0.158715,-0.173401,0.468181,-0.294948,-0.507047,0.150973,-0.198681,-0.199444,0.0992716,-0.199386,-0.166725
-0.0181507,0.0742001,0.100675,0.0306543,-0.195625,0.152762,-0.473088,-0.323244,-0.413216,-0.370852,-0.180626,0.017575,-0.278927,0.0194188,0.441192,-0.125246,0.282656,0.287916,-0.254013,0.566268,-0.375379,-0.00651225,-0.262843,0.39044,0.384901,-0.145452,0.172305,-0.465501,-0.242034,-0.452338,-0.290926,-0.169899,0.00869934,-0.156128,0.106565,0.296264,0.305189,0.304071,0.355414,0.0130044,-0.0954657,-0.395139,-0.520331,-0.297878,0.258572,0.51616,-0.118915,-0.0421721,0.454717,-0.415893
0.419536,-0.275434,-0.247972,0.335327,0.0499346,-0.00457617,0.257013,-0.46548,-0.246774,-0.36559,0.238005,-0.14691,-0.441394,0.191582,-0.224061,-0.531019,-0.358934,-0.410311,-0.0785169,0.461139,-0.0435354,-0.455856,-0.34605,-0.472631,0.483786,0.459235,-0.144907,0.286554,0.429345,-0.233788,0.230724,0.154378,-0.445504,-0.098443,-0.138417,-0.353274,-0.204558,-0.508323,0.12227,0.131539,-0.465152,-0.00954283,-0.0529809,-0.117836,0.350113,-0.222688,-0.295607,0.405785,-0.168401,0.0515782
0.408789,0.120878,-0.352887,0.111289,0.399814,0.362658,0.309798,0.481751,0.288725,0.302436,0.0537917,0.206956,-0.286759,0.426354,-0.0849478,-0.250156,0.396392,0.0878431,-0.268257,0.294342,-0.113235,0.262147,-0.452526,-0.0218165,-0.256697,0.433715,-0.267402,-0.219441,-0.148924,-0.145068,-0.374302,0.0847204,0.510894,-0.0826418,-0.376187,-0.427601,-0.408465,0.337252,0.0432984,-0.283253,-0.0133525,0.485937,-0.484081,-0.210303,-0.12401,-0.00834572,-0.148842,-0.0069711,-0.308277,-0.163048
-0.128997,-0.32414,-0.43285,0.129609,0.254731,0.390591,0.156089,0.2888,-0.194803,0.430934,-0.262373,0.0617966,-0.492909,0.36867,-0.413517,0.208083,-0.464595,-0.154236,0.13897,-0.472879,-0.424513,-0.0658427,-0.501191,-0.111025,0.264782,-0.075767,0.477303,-0.469913,-0.288138,-0.441424,0.0105832,-0.123677,0.017886,0.0634342,0.0497351,0.471234,0.387976,-0.0307724,-0.367667,0.166034,0.49426,-0.10016,-0.413225,0.150736,0.113171,-0.314989,-0.103386,-0.482488,-0.228644,-0.486024
-0.217273,0.210143,-0.394375,0.002349,0.415438,-0.0135849,0.412698,-0.375148,-0.315615,0.0561145,0.156184,0.141564,-0.353938,-0.156144,-0.375071,0.325266,-0.0375033,0.280627,0.391405,0.474502,0.448634,-0.325257,0.00617948,0.140684,0.372112,-0.0695573,0.496237,-0.0887957,0.163272,0.0902658,-0.27369,0.112417,0.161862,-0.0489484,0.147489,0.174301,0.48016,0.104318,-0.14755,0.42421,-0.0323689,0.242701,-0.31554,-0.181122,0.0550773,0.27498,-0.0215901,0.463721,0.393253,0.199186
0.44032,-0.251311,0.142453,-0.106592,-0.228935,0.0692131,0.343752,0.344792,0.227954,-0.22793,-0.301984,0.258356,-0.387771,0.469268,-0.333734,-0.596417,-0.0993029,-0.153936,0.12212,0.295063,0.0656627,-0.0179722,0.0171462,0.0301578,0.545373,-0.515981,-0.457758,0.178546,-0.472752,-0.31761,0.0380403,-0.590794,0.296072,0.476247,-0.176567,-0.427726,0.318532,-0.50143,-0.288047,0.141396,0.371205,0.0624756,-0.436285,0.39299,-0.0998026,-0.0457253,-0.468917,0.439725,-0.290142,-0.194059
-0.0962336,-0.193995,-0.143344,-0.140713,0.310972,0.253232,-0.430166,-0.283146,-0.129319,-0.223396,0.238991,0.063286,0.397991,0.395126,0.281389,-0.49455,0.374644,0.268208,0.0495549,0.422393,0.179633,-0.0300118,0.448669,-0.0788119,0.525014,0.0185328,-0.170208,-0.215087,0.226206,0.0364852,0.27557,-0.529511,0.407608,0.463438,0.125221,0.368787,0.412031,-0.4675,0.0702826,0.0751941,-0.409921,-0.102928,0.265182,0.256309,0.216502,-0.165573,-0.402724,-0.0603995,0.248798,-0.43674
0.240466,-0.263091,-0.22325,0.200124,0.477878,-0.300081,-0.45272,0.514298,-0.514246,-0.286268,-0.482974,-0.396563,-0.321518,0.304478,0.0322095,0.326934,-0.114241,0.340604,-0.126802,-0.0159359,-0.0639268,-0.39118,0.229609,-0.269616,0.548633,-0.131453,0.223644,-0.340833,-0.409222,-0.17037,-0.424022,-0.0124889,0.318826,-0.247607,-0.218035,0.100451,0.350915,0.278016,-0.273359,-0.290635,-0.0799509,0.162314,-0.440728,-0.0266576,0.446721,-0.114187,-0.455685,-0.217254,0.263825,0.493344
0.490983,-0.466698,-0.16897,0.290016,-0.0799701,-0.190951,-0.00305617,0.0583284,0.178877,-0.448847,0.229643,-0.352777,0.138913,-0.433593,0.186113,0.0768139,0.462082,0.0582638,0.171015,0.365113,-0.462514,-0.218996,-0.450026,0.0758368,0.519618,-0.538026,-0.187719,-0.29514,-0.0753857,0.334391,0.0435086,0.250318,-0.115904,0.439667,-0.388761,-0.411744,-0.160056,-0.225078,-0.482944,0.208631,-0.413822,0.377678,0.169507,0.274319,0.572407,0.132022,-0.533615,-0.410876,-0.296985,-0.440562
0.19991,0.114599,-0.418833,0.152078,0.0325913,0.191601,-0.304246,0.192654,0.356849,-0.331676,0.0533749,-0.374767,0.159032,0.313745,-0.327639,0.241152,-0.470216,0.437803,-0.129774,-0.180571,-0.440847,0.382436,-0.330331,0.159784,0.446514,-0.112634,-0.326582,-0.0434708,-0.20406,-0.132394,0.286529,-0.0920985,0.278459,0.51453,-0.363189,0.179257,-0.245046,-0.368629,0.332807,0.46749,0.319724,-0.231251,-0.179284,-0.455658,-0.337503,0.391707,-0.430704,0.421364,0.250945,0.42633
0.232725,-0.28375,-0.0828618,-0.369915,0.181326,0.0424928,0.42047,-0.0366668,-0.495023,0.243668,-0.0819747,0.234001,-0.0777694,0.37412,-0.382869,-0.519715,0.0772223,0.076119,0.198685,0.533194,0.273971,0.232239,-0.419493,0.168457,0.538053,0.411699,-0.29818,0.139488,0.375807,-0.0561759,0.321729,-0.354614,-0.347434,-0.155028,0.390569,0.46875,0.34576,-0.348182,-0.0833081,0.369606,-0.0560335,-0.47916,-0.456481,-0.44427,-0.448433,-0.272582,-0.29037,0.135082,0.503916,-0.430496
0.40098,0.15439,0.433233,-0.474934,0.12481,-0.505419,-0.384566,0.31357,0.390482,0.132476,-0.00252637,0.249074,0.491028,0.221331,-0.041961,0.256594,0.0661106,0.0123174,-0.199196,0.471286,-0.400579,0.12322,0.139661,-0.0898157,0.455245,0.0666459,0.249166,0.29975,0.343929,0.258053,-0.0780464,0.0461272,-0.115294,0.31708,-0.000663727,0.409312,0.288895,0.0795925,0.077619,-0.0715027,0.361676,0.389791,-0.270261,0.127179,0.0711851,0.229329,0.0593215,-0.416246,0.297879,-0.324649
-0.0186376,-0.0345773,0.0834492,-0.453577,0.0622422,0.394603,-0.132687,0.397832,-0.327421,-0.253786,-0.43565,-0.0357043,-0.321883,0.273052,0.494454,0.146903,0.0176977,-0.240906,0.00642606,-0.434733,0.0904025,0.226362,0.459178,-0.499335,0.556028,0.29988,0.0847588,-0.325174,0.127746,-0.163003,-0.315954,-0.270747,-0.0557901,-0.177499,-0.383478,0.209758,0.118138,0.0908601,0.12138,-0.426408,0.125035,0.345914,-0.561518,-0.129103,0.480139,0.0455774,0.195319,-0.0360618,0.442688,0.424677
0.466974,0.369398,-0.242887,0.15754,-0.313167,-0.159034,0.0457756,0.199561,0.137796,0.214745,-0.400928,-0.294626,0.328324,0.236502,0.0280713,-0.351524,0.202587,0.0455263,-0.334297,-0.0521237,-0.197514,0.435657,0.451037,0.0574105,0.163421,-0.107006,0.310725,-0.454493,-0.324885,0.0679986,-0.502402,-0.502958,0.267021,-0.122391,0.394567,-0.449306,0.169109,0.315957,-0.233739,0.0267926,-0.13457,0.291601,-0.364963,0.113987,-0.248583,0.276792,0.310576,-0.237194,-0.0265457,-0.321651
-0.0549584,-0.278424,0.154707,-0.331489,0.0318897,-0.268577,0.119748,-0.067332,-0.3564,0.453392,0.399057,0.484761,0.43574,0.23103,0.293924,-0.354688,-0.378167,-0.287356,-0.140947,0.428549,0.368384,-0.319821,0.296135,-0.454037,0.0734271,-0.451529,0.0103526,0.344444,0.252729,0.343465,0.0942907,-0.252129,-0.345447,-0.061276,0.0597158,-0.0881411,-0.473568,0.305462,0.158012,0.0940514,0.0151562,0.404842,-0.39723,-0.0646336,0.261524,-0.279253,-0.328304,-0.0257746,-0.224043,-0.31378
0.401801,-0.0153767,0.256612,0.0962532,-0.105067,0.00745115,0.194183,-0.276785,0.411706,0.309826,-0.0560202,-0.225015,0.259929,0.174391,0.244555,-0.0643866,0.032691,-0.24881,0.0283501,-0.330649,-0.287729,-0.325329,-0.213801,0.179202,0.379505,-0.17572,0.295202,-0.232364,0.0552414,-0.402286,0.0742757,0.303796,0.497216,-0.00078466,-0.167097,-0.0269812,-0.0299091,0.152142,-0.232432,-0.0576629,0.283037,0.0859654,0.293124,-0.0830315,0.405152,0.481339,-0.236184,0.187191,0.362995,-0.0819743
0.256677,0.226898,-0.0175652,0.193045,0.264204,-0.0627076,0.0731837,0.375176,0.168303,0.269399,0.20214,-0.233915,0.462799,0.110067,-0.453126,-0.295432,0.0274117,-0.467248,-0.174991,-0.30986,0.327101,-0.266256,-0.278737,0.0171477,-0.325097,0.210175,-0.423937,-0.282559,0.173318,0.370087,-0.0821331,-0.240368,-0.300285,0.237234,-0.330476,-0.127716,-0.314067,-0.417013,0.0419135,-0.159153,0.168651,0.270941,-0.235806,0.465957,-0.0259217,0.337985,0.179364,0.00192229,0.184718,-0.465384
0.425115,-0.431594,-0.337815,0.0518013,0.422091,-0.204769,-0.118163,-0.345539,0.375311,0.220581,0.236011,0.232385,-0.165714,0.491065,0.307229,0.308501,-0.239404,-0.0215151,-0.210949,-0.0696215,0.467837,-0.378564,0.441389,-0.27291,-0.151814,0.146795,-0.058921,0.159711,0.149084,-0.579363,-0.00471183,-0.138211,0.48323,0.350587,-0.101365,0.267017,0.137629,-0.385589,-0.315033,-0.211047,-0.255979,0.489327,-0.253508,-0.306665,0.1991,-0.0385727,-0.0153539,-0.335887,0.0937242,0.0239915
0.00576105,-0.12688,0.385801,-0.515814,-0.261012,0.198619,0.257565,0.229405,-0.235331,-0.198104,-0.0595587,0.110717,-0.0936357,0.295318,0.180367,0.0866858,0.242539,0.0732148,0.188502,0.440956,-0.0621472,-0.139924,-0.309956,0.469905,0.385915,-0.146855,-0.00921298,-0.412418,0.331997,-0.605427,0.0825953,0.0662696,0.481316,0.456072,0.492651,0.179485,-0.424077,0.358605,0.291364,-0.147337,-0.271359,0.480685,-0.535508,-0.374978,-0.226567,-0.380373,-0.170018,0.399246,-0.514454,-0.0555455
-0.251594,0.109102,0.123509,-0.493326,0.15335,0.169014,0.0978781,-0.155021,0.0419195,0.157368,-0.0846201,-0.184986,0.385596,0.20138,0.397897,-0.363875,-0.382245,-0.367061,0.370004,0.323451,-0.229922,0.107051,-0.387672,0.0577336,0.208234,-0.481529,-0.438098,-0.3932,-0.0914728,0.395874,0.141539,0.169425,0.185563,0.390756,-0.378628,0.18678,-0.0880207,-0.131899,-0.167185,0.159727,0.108782,0.479032,-0.386126,-0.223894,-0.221355,0.448643,-0.179659,-0.127664,-0.436726,0.215471
0.512493,0.472853,0.0167822,-0.200414,0.475284,0.00600152,0.444067,-0.118807,-0.380782,-0.297634,0.483263,0.0497728,-0.292251,0.170368,0.270485,-0.324761,0.238914,-0.191281,-0.00688914,0.0580849,0.0985132,-0.0329613,0.228442,-0.0649669,-0.159443,-0.376601,0.29233,-0.0986824,-0.434473,-0.152917,0.0858369,0.00436699,0.290932,0.0133901,-0.407017,-0.383582,-0.476776,-0.126958,0.0837686,0.0411316,0.353326,0.212048,-0.0613983,0.105821,0.22771,0.421536,0.148392,0.511492,-0.084666,0.468787
0.404832,-0.0919797,-0.291164,-0.245809,-0.361814,-0.243941,-0.346167,0.0128854,0.328669,-0.455613,-0.00275214,0.452635,-0.463003,0.328553,-0.112317,0.296524,0.307234,0.281044,0.437148,-0.131571,-0.367244,0.341854,0.163771,0.328678,-0.0174267,0.169889,0.394236,-0.423492,0.398792,-0.503779,-0.416511,0.454121,0.0518207,-0.413955,-0.231427,0.279266,-0.391377,-0.130788,-0.245422,-0.479175,0.407739,-0.262101,-0.444164,0.161409,-0.34782,0.439165,-0.42706,-0.212109,0.189534,0.117528
-0.293311,-0.232161,0.0578246,0.136184,-0.118303,0.163832,0.253124,-0.0422355,-0.269699,0.310205,-0.0936492,0.310212,-0.239377,0.339942,0.343474,-0.0999183,-0.38557,0.136887,0.0249334,-0.212266,0.29117,-0.38231,-0.251288,-0.166142,-0.354858,0.0778873,0.148313,0.471776,-0.41307,-0.555059,-0.307389,0.00714818,-0.315729,-0.286033,-0.187938,0.327854,-0.202124,0.427438,0.181625,0.32742,-0.462165,0.45006,0.260285,0.479143,0.453282,-0.298179,-0.479434,0.0417645,0.131199,-0.302295
0.386282,0.262804,-0.0738653,0.348062,-0.318733,-0.213921,-0.195587,0.121039,-0.376463,0.35006,0.153711,0.194175,0.360667,0.411338,0.265367,-0.265956,0.305131,-0.294043,-0.340607,-0.440465,-0.0314505,-0.0569837,0.1626,0.389459,0.276612,0.00508733,0.461764,0.0613883,-0.0559372,0.130727,-0.487575,0.0786332,-0.233562,-0.0665072,0.0676161,-0.31287,-0.228126,-0.0244309,-0.406724,0.449226,-0.312763,-0.110264,-0.434451,0.27276,0.0877948,0.440003,-0.232763,0.135988,0.024931,0.436023
0.158571,-0.0882109,0.330798,-0.331178,0.177744,-0.258784,-0.130497,0.222146,-0.0580551,-0.15857,0.0627076,-0.215717,-0.243255,-0.377967,-0.0448612,-0.419415,-0.308652,0.363581,-0.251479,0.201107,0.453402,-0.234847,0.225777,-0.224227,0.354577,-0.142248,0.35385,-0.453979,-0.0828026,0.496905,-0.0414166,0.0717989,-0.349904,0.519149,-0.347597,0.271254,0.36195,-0.268559,0.440788,-0.0383091,-0.0117838,-0.407088,0.136953,0.378214,0.383434,0.290602,0.464487,0.378456,-0.0456533,0.108003
-0.0168514,-0.568091,-0.104319,-0.181668,0.0867964,0.251833,-0.451486,-0.0462708,0.330817,-0.0938948,-0.138605,0.301423,-0.0949437,-0.194826,-0.165973,-0.5293,0.403932,0.35937,0.163602,0.0180617,-0.295581,0.498548,0.0371562,0.161729,-0.34832,-0.151221,0.486062,0.226171,0.364871,-0.273007,0.274504,0.021301,0.332467,-0.257239,0.238078,-0.0787583,0.0734942,0.474693,0.487112,0.469441,0.324773,-0.0093439,0.0123207,0.208833,0.445177,0.0356726,0.0602526,-0.194565,0.00680293,-0.508694
0.124044,-0.161218,-0.256862,0.17094,0.224983,-0.222145,0.281775,0.0387462,0.0505929,0.364386,-0.488189,-0.0543325,0.168155,0.0612014,-0.401953,0.0615811,0.203343,0.457324,-0.12945,-0.117415,-0.431336,-0.217259,-0.0743424,0.109763,0.33211,0.269737,-0.0718186,-0.0403529,-0.373304,0.344225,-0.211229,0.190814,0.158222,-0.392095,0.204243,0.432312,0.215183,0.300461,-0.483839,-0.0385237,-0.0957971,-0.33792,-0.202671,-0.0483455,0.381734,0.250705,-0.222417,-0.49452,0.322788,-0.30623
-0.174858,0.165019,-0.170711,0.375466,0.205218,0.251462,-0.0955735,-0.47637,-0.0764435,-0.323483,0.260171,-0.167187,0.471319,0.332869,0.511755,0.202543,0.0307797,0.473493,0.471232,0.086492,-0.125558,0.454558,0.407156,0.14007,-0.132564,-0.281756,-0.171576,0.44342,-0.208566,0.431681,-0.0259695,0.430693,0.404195,0.271515,-0.0688128,0.208071,0.492767,-0.329957,0.097538,-0.198246,0.181905,0.434925,0.00539326,-0.44936,0.0489286,0.194241,-0.251119,-0.171316,0.279958,-0.27209
0.269982,0.349105,0.233291,0.139541,-0.440211,-0.503011,0.223414,-0.246156,0.357104,0.341034,-0.0607272,0.288825,0.171737,-0.505028,-0.257014,0.230295,-0.100059,0.29138,-0.308623,0.329969,-0.0802938,0.49278,-0.436992,0.207368,0.135215,0.191358,-0.060413,-0.305075,-0.236869,-0.104184,-0.0200804,-0.154282,0.15177,0.0416566,0.0027067,0.0640228,0.43831,-0.500752,0.259848,0.140215,-0.141942,-0.43392,-0.0718851,0.497518,-0.346123,0.0805219,0.530267,-0.0707975,-0.362529,-0.323801
-0.206525,-0.262563,0.133596,-0.2061,0.0129756,0.309864,0.416934,-0.318597,0.414762,-0.127293,0.166651,0.166381,-0.00422963,0.195295,-0.334466,0.0952238,0.018532,0.0616,0.451278,-0.131087,-0.379252,-0.268292,-0.329252,-0.453968,0.0620039,-0.245167,0.112666,0.0655492,-0.134831,-0.452849,-0.21122,-0.287432,-0.268306,0.0889854,-0.483502,0.247008,-0.48981,-0.230687,0.241842,-0.483271,-0.0216195,0.265548,-0.307086,-0.243618,-0.530451,-0.333378,-0.0121997,-0.201053,-0.161311,0.00633888
-0.066179,0.140335,0.480752,0.374819,0.0628386,0.352323,0.310079,0.18986,-0.113964,0.414481,-0.495396,0.404365,0.322124,-0.310414,0.0649318,0.224672,-0.194012,0.0425345,-0.135965,0.150229,0.230771,0.394755,0.0520396,0.0254257,0.116344,-0.514859,0.359307,0.308307,0.0328658,-0.407787,0.119495,-0.0839579,-0.453573,-0.375421,-0.180381,-0.284238,-0.0126553,0.0960828,-0.136989,0.47072,0.481078,0.395573,0.128779,-0.458464,-0.455259,0.361455,0.0171343,0.350939,-0.470191,0.045941
-0.248615,-0.0392482,-0.164703,-0.312437,-0.0640434,0.225725,0.340966,-0.0339778,0.446179,0.558802,0.282557,-0.234578,0.395781,0.014059,-0.329717,-0.274461,-0.283149,0.0726205,-0.0250975,0.412272,0.0848489,0.00712736,-0.187682,0.105526,0.0618797,-0.432514,-0.39529,-0.282216,0.022551,0.128973,0.198709,0.174872,-0.338061,0.437063,-0.410253,-0.15834,0.22771,0.292411,0.169292,-0.34718,0.319366,-0.344815,0.0164645,-0.314147,0.470313,0.0898766,-0.0532473,0.477645,-0.395103,-0.209984
-0.310017,-0.029692,0.394511,-0.363573,-0.518574,-0.186877,0.196109,-0.250873,-0.338073,0.0637427,-0.133915,-0.495398,0.0784337,-0.0869992,-0.0725289,0.189182,0.188576,0.152701,-0.074844,-0.219697,0.0677927,-0.248939,-0.0989189,-0.399239,-0.016651,-0.261066,0.452966,-0.157822,-0.138804,0.0205953,-0.429587,0.382251,-0.254472,0.494953,-0.0915764,0.512393,-0.204313,-0.201943,-0.0839289,0.141819,0.00795884,-0.231013,0.248915,0.166086,0.371812,-0.0377063,0.201917,-0.299342,0.155578,-0.415326
-0.1727,-0.196325,-0.362592,-0.004905,-0.0653593,0.265916,0.146991,0.205912,-0.347165,0.25854,0.0323372,0.118712,-0.451338,-0.397682,0.485768,-0.331799,-0.256478,-0.362749,0.178206,-0.0643352,-0.378071,0.109605,0.194675,-0.434945,0.309101,0.448683,-0.419626,-0.434372,0.450929,0.261925,0.30849,-0.450251,-0.475412,0.0622264,-0.0235974,-0.103483,0.088554,-0.0148311,0.489163,-0.319484,-0.0237246,0.390336,0.312595,-0.127585,0.0126729,-0.0270166,0.408671,-0.130914,-0.267378,0.410525
0.0804783,0.236869,-0.0876691,0.330312,-0.363222,0.110144,0.032036,-0.251599,-0.269109,0.437147,-0.45113,0.334062,0.421925,-0.120451,-0.241105,0.555033,-0.224772,0.421104,-0.382246,0.411297,0.186581,0.393063,-0.132591,0.519452,-0.261221,0.0722141,-0.412313,-0.259658,0.25124,0.347689,-0.257321,-0.352949,0.16278,-0.00501443,0.139232,-0.15385,0.129661,-0.217241,0.311301,0.313461,0.265559,0.0393297,0.240077,0.319253,0.0382447,0.319919,0.434767,0.541631,-0.109108,-0.156716
-0.107521,-0.32601,-0.495318,0.171931,0.470051,0.360928,0.0866521,-0.18211,-0.138588,-0.402025,-0.471459,0.138795,0.190426,0.215882,0.0452075,0.0737276,-0.343798,-0.0642566,-0.194226,-0.196749,0.0734861,-0.0816576,0.391436,0.229182,-0.213985,0.161272,0.438204,0.235352,-0.503438,-0.369013,-0.211092,-0.0443805,0.393351,-0.0904906,-0.459294,0.139161,-0.221356,0.417357,0.239332,0.0767003,0.503283,0.48583,0.473771,0.482032,-0.114411,-0.279349,-0.299212,-0.300071,0.0384306,0.283157
-0.310869,0.0781953,0.285082,0.396756,0.213079,-0.188547,-0.0306249,0.0181204,0.410506,-0.497935,0.241348,-0.138301,-0.334832,-0.442949,-0.364603,-0.389713,0.139832,-0.0151483,-0.205494,-0.224117,0.262363,-0.358556,-0.287927,0.0657044,0.272025,-0.527913,-0.394033,0.244397,0.451795,0.457727,-0.18754,-0.484571,0.295061,-0.0465045,0.291957,-0.0671195,-0.107645,-0.0237151,-0.338921,0.332904,-0.133553,-0.110474,0.45032,-0.189603,0.338592,0.363767,-0.491618,-0.151399,-0.0834618,-0.249527
0.453628,-0.515318,0.277897,-0.299457,0.378238,-0.197656,0.0523605,-0.028977,0.125059,-0.30855,0.223,-0.103395,0.327563,-0.223337,-0.475216,-0.511556,-0.363105,0.191208,0.183085,0.301158,-0.126139,-0.146343,-0.192104,-0.0743891,-0.265611,-0.470762,-0.0869166,0.0187435,-0.0306348,-0.237645,0.504393,-0.441532,0.0651288,-0.098135,-0.208402,-0.274835,0.025464,-0.17404,-0.147632,-0.11121,0.344438,0.448781,-0.105264,0.10142,-0.27887,-0.384788,-0.522207,-0.0923211,-0.387742,-0.0963222
-0.340904,-0.142388,-0.202206,-0.110885,0.548991,-0.315259,0.147916,-0.12634,-0.140549,-0.133885,-0.526537,0.255536,0.342296,-0.00183089,-0.426246,-0.0339378,0.0670329,-0.219117,0.263582,0.309466,-0.532264,-0.122883,0.138528,0.544179,-0.149389,-0.536935,0.137331,0.342659,-0.352079,0.110637,-0.0655716,0.294435,0.196722,0.200688,-0.113351,-0.200929,-0.3627,0.212189,-0.471245,0.281696,-0.0436304,0.213346,-0.500111,-0.0236337,-0.0777805,0.239112,-0.337017,-0.0307594,-0.208368,0.241619
-0.28623,0.206078,-0.383818,0.186642,0.615381,0.115883,-0.46781,-0.427956,0.0805279,-0.412393,0.0203011,0.0120949,0.385309,-0.351958,0.330499,0.310135,0.107664,-0.449227,0.525348,-0.377882,0.336818,-0.0656872,-0.178027,-0.315063,0.300596,-0.451101,-0.0719312,0.467078,-0.0982802,0.526596,0.393922,0.411306,-0.316996,-0.11251,0.391181,0.0899421,0.246144,0.260929,-0.290714,0.0465389,-0.044378,-0.258042,0.295164,-0.437122,0.433046,0.0582098,-0.426905,-0.0279883,0.133361,-0.137121
0.0632017,0.225523,0.363736,0.350399,-0.231061,0.427502,0.311985,-0.403091,-0.0119115,-0.190589,-0.117305,-0.00477691,0.0134785,-0.391557,-0.315765,0.358243,-0.339126,0.12768,-0.42788,-0.427462,0.0323924,-0.162619,0.00921553,-0.443249,0.535178,0.041865,0.081747,0.474438,0.258706,0.238328,0.270618,0.153214,-0.180806,-0.12225,-0.0833708,0.406959,0.291882,-0.0192608,-0.324829,-0.145487,0.14034,-0.352082,0.444267,0.179186,-0.200031,0.44009,-0.304845,-0.140698,0.322598,-0.108782
0.29013,0.109939,0.220538,0.0365268,0.0168857,0.158778,0.0998741,0.317925,-0.120135,-0.453263,-0.0829697,-0.0322646,-0.234758,-0.0790762,-0.322986,-0.050149,-0.358225,0.353248,-0.0733275,0.237807,0.295361,-0.380998,0.22507,0.166013,-0.233066,0.404176,0.340716,-0.0313072,-0.502825,-0.53237,-0.267902,-0.559429,0.316747,0.515673,-0.249558,-0.25742,0.473474,0.361876,-0.0713841,0.146137,0.350451,0.184922,-0.397582,0.013943,-0.161755,0.317164,-0.0894982,-0.435731,-0.278655,0.329364
0.542593,-0.161199,-0.451765,0.226209,0.0933195,0.0845396,-0.3545,0.416497,-0.0159206,0.173951,-0.488666,-0.242905,0.347739,0.404968,-0.218758,0.0150607,-0.329732,0.0639685,-0.242904,0.507457,0.430823,-0.497939,0.446153,0.0600379,0.188276,0.0808886,-0.317739,0.243263,-0.27066,0.124443,-0.197526,-0.134699,0.0380194,-0.28518,-0.125845,-0.00375457,0.0339772,-0.173657,0.291747,0.473167,-0.223214,-0.365518,0.466959,0.154459,-0.0984674,-0.289945,0.0860641,-0.00642071,-0.114903,0.0162892
0.463044,-0.323051,-0.0517085,0.428933,0.411195,0.380013,-0.359485,0.511684,0.190228,-0.0117902,-0.106664,0.4818,0.156279,0.323646,-0.33421,0.0886258,0.222731,0.389905,0.0679109,-0.349556,-0.409903,0.404356,-0.0173704,-0.39397,0.411071,-0.177579,-0.357708,-0.401907,-0.0830237,-0.358111,0.479297,0.280116,0.226017,0.1565,0.052903,0.182107,-0.0788921,-0.418638,0.277921,-0.0710454,-0.240306,-0.471878,0.377102,-0.441337,-0.283282,0.0538504,0.357689,0.344137,0.305555,-0.204976
0.230572,0.118509,0.483773,-0.273496,0.270063,0.592202,-0.280088,0.0717695,-0.507682,0.27315,0.0563688,0.183146,-0.362416,-0.374312,0.194456,0.407224,0.403852,-0.10208,0.215053,-0.302344,-0.356639,-0.430595,0.254713,-0.220227,0.307411,-0.0853517,0.132127,-0.0142924,-0.254365,0.516816,-0.222155,-0.408647,0.0563313,-0.0924618,-0.343429,-0.12042,0.154306,0.193078,0.283481,-0.33252,-0.231669,-0.0696316,0.0362251,-0.295535,0.19673,0.246195,-0.146343,-0.0543158,0.204241,-0.418055
-0.11509,0.124234,0.205844,0.422894,0.552834,0.267847,0.282042,-0.182193,0.161154,0.0756087,0.456724,-0.285112,0.274151,0.108272,-0.449206,0.239225,-0.201115,0.273285,0.126065,0.404071,0.352,-0.305515,0.269022,0.0970572,-0.405103,0.17339,0.179533,0.0601132,0.488063,-0.00128536,0.392326,0.151619,0.141655,0.104659,0.429678,0.434096,0.0550972,-0.334461,-0.0889691,0.0687573,0.268007,-0.484171,-0.365829,-0.395642,-0.44902,-0.12251,0.33045,0.470515,0.152001,0.23526
