0.229131,-0.42021,0.259837,0.328766,-0.309691,0.00689193,0.347612,0.380074,-0.105887,0.0485989,-0.160418,-0.464874,-0.30461,0.10898,-0.0124895,-0.089372,-0.197425,-0.254749,-0.107779,-0.274801,-0.405022,-0.445727,-0.374186,0.772561
-0.115197,-0.0341747,0.291648,0.429202,-0.645771,-0.293777,-0.156661,-0.147794,-0.385661,0.531592,-0.239245,0.652915,-0.816074,0.427073,-0.563777,0.421518,-0.940158,-0.334169,0.150135,-0.275478,-0.54466,0.394821,-0.640016,-0.240929
-0.34065,0.233558,-0.569984,-0.724532,0.790672,-0.0187327,-0.0191767,0.696336,0.638402,-0.403188,0.119749,0.678633,0.702506,-0.773173,0.256022,-1.08762,0.0609904,0.190626,0.558743,0.273043,-0.530008,0.135789,-0.139798,-0.478146
0.263255,-0.25645,-1.07149,0.60829,-1.17034,-0.30818,-0.636472,0.0384404,-0.220947,0.867307,0.486777,-0.532334,0.271907,-0.510287,0.392527,0.0318957,0.688667,-0.275091,0.25521,-0.995863,0.446925,0.460955,0.700718,-0.113879
0.556541,-0.552549,0.150073,0.0958245,0.574538,-1.06744,0.219117,0.554943,0.523339,0.20174,-0.0766142,-0.82184,0.165178,-0.167935,0.506112,-0.646727,0.56275,-0.013746,-0.235403,-0.678504,0.00976564,-0.461252,0.753847,-0.596246
-0.0195145,-0.129991,-0.145183,-0.680455,0.0337064,-0.14023,-0.730633,-0.849574,0.663761,-0.155625,-0.236396,0.424207,0.201584,-0.552022,-0.600715,0.78335,0.304468,-0.395334,-0.47276,0.192988,0.356704,0.113683,-0.367831,0.374418
0.601745,-1.13073,-0.447401,0.766781,-0.0445888,0.134923,0.0693177,-0.0982179,-0.279901,0.661865,-0.5633,-0.324734,-0.0269804,0.608212,-0.446258,0.0258707,-0.953403,0.175839,-0.326344,-0.0171191,-0.751506,0.745573,-0.228664,-0.587415
-0.463736,-0.157084,-0.495541,0.113246,-0.977311,0.45,0.497855,0.216776,-0.647082,0.634965,-0.465168,-0.571996,0.222636,-0.851497,-0.699411,0.645142,-0.15358,-0.246024,0.177514,0.412174,0.382924,0.571764,-0.195759,-0.404523
0.291981,-0.0492892,-0.405952,0.296613,-0.499148,-0.167353,0.126511,-0.149024,-0.135593,-0.198959,0.324229,0.391778,0.0657802,-0.16562,0.220882,0.215541,0.135277,0.01732,-0.782711,-0.431428,-0.702537,0.371346,0.0751738,0.433909
-0.928113,0.471222,0.168014,-0.318853,0.568837,0.678657,0.3622,0.20985,-0.222289,-0.838696,0.267121,0.0868371,0.361473,0.0896428,0.300291,-0.111857,-0.963472,-0.580651,-0.274555,0.295584,0.42363,-0.328518,-1.03869,0.271356
0.291102,-0.277402,0.166759,0.118605,-0.432371,-0.468772,0.644355,-0.591844,-0.48319,0.499801,-0.29436,-0.62336,0.614677,-0.30052,-0.563386,0.738666,0.075651,0.256606,-0.0650954,-0.130406,-0.361417,0.63998,0.159081,0.383571
0.596751,-0.0405944,-0.388924,0.652645,-0.352187,-0.75166,-0.104654,-0.968106,-0.195575,-0.0402415,-0.240453,-0.114468,-0.492084,-0.158159,-0.437826,0.0403226,-0.263077,-0.0359261,-0.373562,0.757773,0.279209,0.339328,0.462208,0.562714
0.108492,-0.207915,0.26475,-0.00477469,0.1207,-0.442825,-0.458866,0.218144,-0.607833,-0.79827,0.0116276,0.360265,-0.565109,-0.0927037,0.537364,-0.119858,-0.901018,-0.213227,0.186548,0.901449,-0.218666,0.833752,0.445646,-0.507391
0.371579,-0.0207942,0.198255,-0.356835,-0.413081,-0.607506,-0.622482,-0.163356,-0.984584,-0.568451,0.562625,-0.32544,-0.48129,-0.00435261,0.459349,0.0854474,0.0425707,0.298585,-0.391357,-0.490565,-1.00917,0.173959,-0.0104448,-0.548255
0.153186,-0.00515242,0.544392,-0.0618593,-0.512388,0.348899,-0.0220069,-0.0456608,-0.672283,-0.204801,0.248747,-0.087959,-0.165955,-0.187288,-0.24708,-0.287094,-0.0182874,0.0554259,0.2596,-0.261029,-1.1986,-0.754955,0.545406,0.242181
-0.335631,-0.349353,0.246171,0.499254,0.604867,-0.166315,0.72692,-0.415588,-0.101461,-0.470142,-0.780534,-1.02573,0.0479679,-0.929234,0.194566,0.0229563,0.0523611,-0.385762,0.667995,-0.547111,-0.628974,-0.0948915,0.00352948,-0.594588
0.156984,-0.992424,0.272033,0.233626,-0.98492,0.640593,-1.07567,-0.800363,-0.400662,-0.0638016,-0.527272,0.414813,0.692539,0.0710863,-0.354006,-0.405219,-0.783897,-0.550656,0.793669,-0.13278,0.179957,-0.0123945,0.175099,-0.201509
0.29682,-0.678776,-0.804323,-0.121768,0.125431,-0.743256,0.181265,0.423936,-0.050765,0.0641287,-0.381823,0.471862,0.724812,-0.574342,0.515693,-0.89654,-0.208377,-0.230121,-0.259665,-0.703148,0.440243,0.50782,-0.502467,-0.571535
-0.228909,-0.154362,-0.585534,-0.041562,-0.449228,-0.551222,-0.175503,-0.287484,-0.516771,-0.265215,-0.140748,-0.230001,-0.659117,-0.281695,0.326581,-0.520244,-0.588305,-0.403534,-0.461743,0.261619,-0.637415,0.0743605,-0.528918,0.420387
0.0314458,-1.41289,0.0639042,0.0324932,-1.08617,0.137973,0.814704,0.312899,-1.04797,-0.257679,-0.11566,0.0309295,0.437831,-0.114412,0.076147,0.613773,-0.516559,-0.169815,0.494886,-0.0685713,-0.782485,0.530096,0.0492246,0.0188329
-0.966629,0.361994,-0.391025,-0.617557,-0.713394,0.686137,-0.28701,0.126818,0.142307,-0.379527,-0.924269,0.541998,0.0460834,-0.271481,0.190467,0.397568,0.586358,0.190106,-0.329385,0.145677,0.468451,-0.17554,-0.959256,-0.184874
-0.240147,-0.263712,0.195985,-0.297512,-0.345819,0.511196,0.270917,0.406695,-0.200187,-0.386245,-0.74993,-0.365086,0.264153,-0.437033,-0.531982,-0.413656,-0.337356,-0.615329,-0.378894,-0.197077,0.731463,0.603537,-0.838258,-0.358131
0.0954312,-0.749704,0.614493,0.147015,0.103912,0.488039,-0.402372,0.343816,-0.315976,0.568108,0.20189,-0.540908,0.296137,0.108946,0.597114,-0.602306,0.411414,-0.0389048,0.502841,-1.13277,-0.274416,-0.458458,0.242468,-1.06086
-0.722305,0.0900799,-0.394547,-0.201214,-0.570363,0.679515,-0.298272,-0.332842,0.469336,-0.625225,-0.584682,-0.148545,-0.22961,-0.924734,-0.464528,0.148542,-0.213024,0.115117,-0.837976,1.06698,0.154815,0.777635,0.121455,-0.250175
-0.920714,0.381759,-0.603336,0.553631,-0.29628,-0.0480695,0.141723,0.907965,-0.0803355,-0.153881,-0.862253,0.537325,-0.710547,0.146077,-0.649991,0.504372,-0.319998,0.30178,-0.163025,0.0727476,-0.856807,0.316472,-1.12423,-0.073193
-0.175897,-0.195828,-0.215608,-0.30636,0.319126,-0.243077,-0.0652078,-0.778529,-0.126525,-0.725838,-0.168327,0.171209,0.0433034,-0.600566,-0.545193,0.15678,0.768392,-0.488797,0.638843,-0.334254,0.274251,-0.759172,-0.653,-0.792277
-0.36993,0.311078,0.460031,-0.203369,0.0137909,-0.112142,0.47366,0.485927,-0.377031,-0.181275,0.477556,-0.195341,-0.00473931,-0.49048,-0.0442769,0.4343,0.192764,0.0320992,0.00250098,-0.403673,0.105765,-0.0484072,0.161288,0.536228
-0.479613,0.644921,-0.490921,-0.0452874,0.444201,0.59094,0.486469,0.028971,-0.317941,-0.208088,-0.73786,0.0481884,0.106321,-0.816707,-1.10096,-0.426429,0.0181679,-0.258189,0.184618,-0.629759,0.907543,0.598145,-1.02116,-0.420562
0.200799,-0.956922,0.545733,0.380753,0.654024,0.743428,0.0147289,-0.307791,-0.230951,-0.731829,-0.828535,0.116107,0.440973,0.588762,-0.586831,0.517147,-0.178159,-0.0550107,0.919106,0.0309404,-0.521942,-0.818023,-0.384695,-0.854339
-0.424195,-0.819867,0.420857,0.0329355,-0.987579,0.500016,0.117644,-0.472889,-0.301299,0.221317,-0.92976,0.199867,-0.226234,0.0586615,-0.117685,-0.0768297,-0.490287,-0.383628,0.435323,-0.31718,-0.340111,0.743986,0.436075,-0.623068
-0.722706,-0.161118,0.430429,-0.717271,0.112522,0.248257,0.06248,0.47537,0.216347,-0.312903,-0.113312,0.0927113,0.231166,-0.474305,0.0270266,-0.835824,0.231735,-0.00263629,0.118059,0.0603604,0.205136,-0.34004,0.192709,-0.12843
0.603767,-0.530691,0.0151715,-1.23093,-0.363651,-0.446699,0.809542,-0.933496,0.0630074,0.630232,-0.303405,-0.0781574,0.135581,-1.16453,0.154633,0.206669,0.288309,0.438892,0.092843,-0.746204,0.360415,0.936375,0.508236,-0.840957
-0.423639,0.296677,-0.49249,-0.461615,-0.742475,-0.0580645,0.0932294,0.219145,-0.341173,0.526215,-0.22423,0.093889,0.0479571,-0.641432,-0.539068,-0.296976,-0.309141,-0.201542,-0.272777,-0.029539,-0.0345073,0.413176,0.0207268,-0.57456
-0.676444,-0.24346,-0.55364,0.319641,0.163261,-0.210546,-0.209735,-0.286823,0.0397481,-0.0950584,-0.338106,0.188323,0.462623,0.265078,0.120799,0.0693527,-0.353965,-0.090984,-0.0640385,-0.754203,0.144731,-0.506195,-0.305601,0.0637385
-0.343016,-0.303162,0.305888,0.380203,0.376499,0.306069,0.38884,0.388921,-0.459433,0.188931,-0.0649537,-0.260325,0.39294,0.00603693,-0.694948,-0.172206,0.0967145,-0.394159,0.376853,0.393848,-0.0413895,-0.414526,-0.36859,0.156531
-0.156117,-0.470743,0.454604,-0.499382,0.829891,0.738063,1.00992,0.20188,0.195853,0.201228,-0.876144,-0.607389,-0.656056,-0.921496,0.393037,0.282089,-0.545019,0.130881,-0.0725409,-0.417296,0.129701,0.329305,-0.121326,-0.859938
0.123384,-0.702992,-0.478323,-0.0805808,0.43808,-0.719281,-0.0715631,0.154116,-0.948439,0.185928,-0.218396,-0.609218,-0.25537,-0.42653,-0.381585,-1.13493,-0.414482,0.235336,0.11881,-0.704624,0.709506,-0.31265,-0.211543,-0.443584
-0.236861,-0.492162,-1.01441,-0.0540656,0.612508,-0.83807,-0.639829,-0.367895,0.290198,-0.324446,0.416432,0.153833,0.173466,-1.12955,0.101003,-0.0987643,0.504091,-0.300888,0.582935,0.13732,0.217948,0.25459,0.107813,-0.0617093
0.385598,0.419208,0.677196,-0.102873,0.534169,0.311514,-0.0305365,0.0280014,-0.907569,-0.559178,-0.159437,-0.729439,0.341634,0.60503,-0.343091,-0.727541,-0.933506,-0.149346,0.925254,-0.0394734,0.659538,-0.617866,-0.812341,-0.379114
0.640287,-0.723434,0.122587,-0.0830668,0.0303303,-0.332372,-0.976254,-0.196425,-0.358372,-0.315852,0.834134,-0.682686,-0.382892,0.0602018,-0.746662,0.0253552,-0.325162,-0.297404,-0.0829038,0.287683,0.196738,-0.280926,0.129602,0.24874
-0.0317741,0.452437,0.409141,-0.173453,0.500882,0.0809818,-0.120077,-0.170041,0.373152,-0.347815,0.129312,-0.539265,-0.494597,0.486982,-0.0783257,-0.311678,-0.150623,-0.235207,0.280086,-0.411544,-0.274475,0.360874,-0.0725687,-0.59726
-0.736391,0.312431,0.0343724,-0.404398,-0.177078,0.527166,-0.210992,-0.0856394,0.417821,0.0106605,-0.619794,-0.12138,0.455692,0.195489,-0.662704,0.245329,0.125924,-0.23435,-0.661061,-0.855662,-0.45806,0.046242,-0.298041,0.230832
-0.206576,0.361431,-0.179278,-0.250766,0.367489,-0.317278,-0.931583,-0.365008,-0.397046,0.413206,0.312029,0.595854,-0.0110007,-0.323984,0.260871,-0.474116,-0.284775,-0.579876,0.2279,0.035595,0.00385766,-0.440395,-0.0394165,-0.386457
0.447288,-0.0656262,0.00619121,0.815557,0.790879,-0.637221,-0.297801,0.223692,0.0607767,0.360297,0.437741,-1.12475,-0.195293,0.18897,0.42348,0.0887997,-0.301766,-0.0636165,-0.313085,0.7693,-0.535794,-0.684904,0.501798,-0.71255
0.632279,0.290073,-1.192,0.465132,-0.645012,-0.965018,-0.388814,0.114106,-0.163877,-0.241939,0.473864,-0.941435,0.881252,0.303469,-1.06007,0.621987,0.776801,0.100138,0.414111,-0.134072,0.417394,-0.310444,0.342599,0.866482
-0.787292,0.437417,0.245145,-0.365531,0.0955713,0.563412,-0.334236,0.690202,-0.716377,0.517203,0.162108,0.765839,-0.460694,0.0333894,-0.243548,-1.01272,-0.283825,0.34048,-0.135827,0.143351,-0.233929,-0.273684,-0.311117,0.399261
0.357569,0.00384352,-0.0966613,-0.652148,0.487987,-0.558312,0.149436,-0.622317,0.431347,-0.464557,0.298515,0.192288,0.1861,-0.295429,0.140146,-0.449927,-0.587419,0.1004,-0.212448,0.181633,0.293785,0.0584816,-0.310143,0.309133
-0.439529,-0.56596,0.0531307,-0.105735,0.0225329,0.440542,0.42479,0.502292,-0.110154,-0.731771,0.164858,0.00427687,0.544332,-1.01754,-0.347351,0.866507,0.515624,0.251989,0.13345,-0.186755,-0.692203,-0.329682,-0.586924,-0.233165
0.469789,-0.328727,-0.245182,0.580176,0.246511,-1.04574,-0.432476,-0.49504,-0.172485,-0.396624,0.466992,-0.979081,0.190465,-0.15491,-0.835738,0.354076,0.499554,0.170626,0.471134,-0.106296,0.592628,0.464972,0.276093,-0.202319
0.489753,-0.203686,0.271047,-0.605272,0.592166,-0.884378,-0.132354,-0.879954,0.00104721,0.233913,0.868237,-0.264239,0.595746,-0.769367,0.273244,-0.46022,-0.293006,-0.589109,0.502456,-0.773392,0.0277523,-0.78799,0.0269681,-0.12044
-0.154521,0.438236,-0.186976,-0.658743,0.0297476,-0.139436,-0.190179,-0.314645,-0.801987,-0.0966691,-0.0922247,0.679335,-0.361807,0.0982146,-0.453863,-0.612419,-0.423989,0.0930176,0.203025,-0.448395,-0.576011,-0.112592,-0.692246,1.35203
0.0406661,0.235362,0.28245,0.0730889,-0.336825,-0.0501281,0.233782,0.151519,-0.374462,-0.539878,-0.266166,-0.628386,-0.53035,-0.60085,0.227146,-0.0460531,0.0674137,-0.475736,-0.0407243,0.0727538,-0.00345341,-0.495441,-0.637623,-0.132596
-0.595054,-0.0401078,-0.420637,-0.183918,-0.106331,-0.49975,0.31278,-0.341879,-0.504142,-0.255026,0.25157,-0.231501,0.22552,-0.611464,-0.0803237,0.220306,-0.0268981,-0.409019,-0.527242,-0.269794,0.378272,0.420961,-0.6459,-0.0565852
-0.202074,0.532758,-0.246575,-0.58968,-0.299089,0.0846823,-0.78049,0.251098,-0.0598563,-0.121345,-0.302769,0.327248,-0.724426,-0.571639,-0.0253928,0.292559,-0.126804,-0.44164,0.000219289,0.509684,0.0309003,0.262723,0.233215,0.14298
-0.653228,0.0795692,0.479922,-0.342387,0.471503,0.658317,0.019868,-0.110908,0.467253,-0.866582,0.210704,-0.225559,0.482143,0.590856,-0.229769,0.0130213,0.348483,-0.153222,0.30804,0.171045,-0.580869,-0.489922,-0.217651,0.00762378
-0.470762,0.257434,-0.142239,-0.38315,-0.105017,-0.291327,-0.0973167,-0.267407,-0.356308,-0.654495,-0.455333,-0.473767,-0.435338,-0.189897,-0.563919,0.252025,0.3213,-0.0530487,-0.0909604,-0.281082,-0.432579,-0.620976,-0.266367,0.10246
-0.0715602,0.0358102,-0.101182,-0.301777,-0.345207,-0.437752,-0.386711,0.027816,0.305644,-0.36983,-0.162538,0.188031,-0.342218,0.13955,-0.474777,-0.401981,0.159412,0.113404,0.134953,-0.571916,0.439893,0.358265,-0.251623,0.186307
0.199411,0.10697,0.275448,0.253648,-0.252451,-0.159656,-0.352707,-0.366082,-0.0996401,0.130609,0.241628,-0.186869,-0.460557,-0.507424,0.185198,0.189939,-0.268281,-0.0047451,0.135627,-0.211109,-0.237187,0.318429,-0.15644,0.0463413
-0.496263,-0.109049,0.171621,0.264657,0.175997,-0.381389,-0.748947,-0.525273,0.473431,-0.217276,0.193615,-0.352529,-0.691884,-0.584827,0.531336,-0.028992,-0.423423,0.227872,0.180468,0.161476,-0.401557,-0.0788523,0.442782,-0.808104
-0.516016,-0.135476,0.261898,-0.307559,0.589804,-0.376081,-0.320169,-0.381173,-0.816192,0.0832154,0.266027,-0.131536,0.133241,-0.449039,-0.292235,-0.91013,-0.0250285,-0.191618,0.136129,-0.22542,0.229895,-0.693729,-0.131443,0.49223
0.177521,0.271999,-0.0964307,0.562665,0.143614,0.0475868,-0.760448,-0.660006,0.695643,0.201916,0.343612,0.341329,0.27213,0.309125,-0.748209,-0.109815,-0.886049,-0.192507,-0.800632,-0.0399489,-0.879449,-0.269078,0.617274,0.346512
-0.766889,-0.281466,-0.734593,-0.688606,0.448433,0.016295,-0.114663,-0.425474,0.204105,-0.138718,-0.524397,0.917037,0.101062,-0.4104,0.574231,-0.780216,0.404536,-0.246296,-0.0638541,-0.0274894,0.40849,-0.00737062,-0.90381,-0.475586
-0.117053,0.214209,0.155579,-0.2368,-0.46166,-0.295114,-0.546923,-0.00648232,0.18616,-0.637625,-0.00118335,-0.193627,0.000675246,0.0944347,-0.410746,-0.501972,-0.327812,-0.374458,-0.650676,-0.325786,-0.506405,0.0762175,-0.456645,-0.282879
0.261331,0.200605,0.47669,-0.470665,-0.30563,-0.149987,-0.622905,-0.446445,0.712666,0.515688,-0.0950321,0.586176,-0.239686,0.313312,0.0931017,-0.119965,0.312202,-0.185829,-0.713256,-0.441564,0.200892,-0.512249,-0.03036,-0.303907
-0.545505,0.0957481,-0.220869,0.0600262,-0.396089,-0.48941,0.370787,0.419625,-0.22373,0.56865,0.270148,-0.152487,-0.470644,-0.394529,0.927305,-0.313526,0.354969,0.397263,-0.488644,-0.237338,-0.873438,0.455833,0.0220359,0.560544
-0.141587,-0.492172,-0.31918,-0.524835,-0.107294,-0.11889,0.459711,-0.619757,0.297969,-0.382692,-0.278418,-0.174181,0.031274,0.143832,0.0145184,0.184796,0.174628,0.0983326,-0.432294,0.503267,-0.0774688,-0.419786,0.333758,-0.806815
0.456817,0.0284565,-0.738443,0.545561,-0.459365,-0.0575455,-0.507456,-0.35195,0.230124,-0.205904,-0.284635,-0.559322,-0.593782,0.249255,-0.590509,-0.245228,-0.924499,0.340398,-0.45401,0.754227,-0.626296,0.474726,0.775718,0.182792
0.489381,-0.853124,0.0408995,-0.58018,-0.250298,-0.683684,-0.206928,-0.218994,0.618676,0.39751,0.26015,1.0694,-0.0924887,-0.744753,-0.178457,-0.0504506,-0.561022,0.0932892,-0.864034,-0.527413,0.580173,-0.157003,0.785777,-0.658982
-0.54459,-0.404703,0.103641,-0.646218,0.27629,0.110067,0.0429323,-0.0395457,-0.410514,0.357907,-0.523277,-0.308235,0.275336,0.230796,0.339255,-0.0791541,-0.0542351,-0.354519,-0.392216,-0.483676,-0.409308,0.347954,-0.501858,-0.0610698
-0.15703,0.0284204,0.560502,0.507888,0.369436,-0.0519175,0.310266,0.0325259,-0.385629,0.00872376,-0.0112893,-0.0354876,0.147354,0.222157,0.2805,0.527123,-0.0570623,-0.259839,0.395059,0.0284659,0.205341,0.210836,-0.429856,0.164852
-0.853587,0.294935,-0.478978,-0.00152938,0.5821,0.0684624,-0.772233,0.117871,-0.301245,-0.902913,-0.0361813,-0.139178,-0.618568,-0.783639,0.30962,-0.716832,0.668673,0.290091,0.744481,0.703979,-0.858817,-0.589849,-0.291171,-0.436566
0.284178,0.129997,0.398378,-0.610937,0.444234,-0.405573,0.631446,0.161656,0.429738,0.676479,-0.332715,-0.799186,0.274956,0.173359,-0.572937,-0.726092,-0.19689,-0.0371047,-0.0058785,-0.807489,0.08517,-1.05012,0.472861,-0.452709
-0.287119,0.163639,-0.786413,-0.302234,0.943562,-0.475459,-0.00948551,-0.731355,0.479035,-1.13984,0.0377013,-0.470962,0.835849,0.121885,-0.476425,0.438532,-0.62829,0.393866,-0.481334,1.13678,-0.380965,0.124568,-0.138486,0.589024
-0.36204,0.587107,-0.335951,-0.429462,0.132951,0.148527,-0.300265,-0.4686,-0.261345,0.781451,0.157378,0.544385,-0.339563,-0.356661,0.353466,0.168957,0.133492,0.0443356,-0.198538,-0.214804,0.0597255,-0.0749865,-0.259351,-0.396499
0.525922,0.192354,0.401359,0.21649,0.150648,-0.176448,-0.900883,0.0546393,0.400329,-0.306597,-0.00205927,-0.480443,-0.639662,0.626806,-0.34384,-0.113296,-0.254259,0.150385,-0.598326,0.557761,0.131224,0.16468,0.111832,-0.225487
-0.556165,0.625001,-0.155591,-0.351366,-0.447522,-0.34098,-0.113939,0.0573663,0.439019,0.34492,-0.634974,-0.0966799,-0.133142,0.385831,0.383368,-0.410562,0.593405,-0.0849463,-0.00952956,-1.14739,-0.434092,-0.875445,-0.566984,0.450557
-0.690127,0.339198,-0.829809,-0.206013,-0.0847607,-0.541246,-0.498334,0.209598,0.141935,0.167348,-0.326877,-0.695211,-0.617023,-0.216473,-0.253143,0.159798,0.431233,0.262255,0.39158,-0.727493,-0.548876,-0.2663,0.169625,-0.675946
0.560857,0.496212,0.198108,0.651716,-0.665179,-0.515482,-0.100361,0.0718097,0.0103294,0.592048,0.0949947,-0.351869,-0.319101,-0.311796,-0.326634,0.220429,0.25172,0.271856,-0.791933,-0.00136736,1.08114,0.0824699,-0.0545693,0.459748
0.555595,-0.503444,0.205433,-0.704748,0.028888,-0.883916,-1.0108,-0.560959,0.626228,-0.435071,0.457745,0.674189,0.628327,0.042637,-0.631358,-0.738567,0.476047,-0.437465,-0.0461719,0.444845,0.222703,-0.878966,0.573724,0.320434
0.602638,0.352658,-0.040422,0.0107746,-0.759841,-0.860761,0.465204,0.394692,-0.794811,0.563309,-0.620119,-0.531696,-0.700033,-0.317802,0.390863,-0.730649,0.272214,-0.489131,0.267829,-0.138078,0.422822,0.392272,0.893067,0.0301312
0.587385,-0.860653,-0.606618,0.326643,-0.363782,-0.0923266,0.660737,-1.07846,-0.126057,0.402038,-0.936946,0.144439,-0.160447,-0.495923,0.280584,-0.0366801,-0.842371,-0.523439,-0.138214,-0.00924644,0.735236,0.128379,0.663648,0.325777
-0.181668,-0.617269,0.641039,-0.804294,-0.443073,0.750716,0.506848,-0.0497683,-0.199913,0.0686962,0.655572,-0.233556,-0.747556,0.86546,-0.387085,0.296911,-0.728869,0.310464,-0.600741,0.344386,-0.78214,-0.772077,0.108867,0.539932
-0.50875,-0.230822,0.207922,-0.601957,0.119136,0.269118,-0.423156,0.0616926,-0.369157,0.0502941,-0.611682,-0.386629,-0.412425,-0.0112209,0.153472,-0.335456,-0.441637,-0.589718,0.18125,-0.481384,0.235163,-0.523505,0.34623,-0.0397046
0.16236,-0.0168528,0.425664,-0.0392294,-0.981116,-0.161234,0.391552,0.503494,0.363725,0.338111,-0.110617,-0.0238526,0.304467,-0.861526,-0.485079,-0.271991,0.248144,0.295979,0.110818,-0.11195,-0.190163,-0.135292,-0.498361,0.0269185
0.254357,0.220315,-0.778433,0.220357,-0.599499,-0.676522,-1.28976,0.331155,-0.547802,-0.315598,0.465511,0.528819,-0.0255787,-0.553814,-0.266777,-0.516898,0.498602,-0.50491,0.397047,-0.859778,0.0706974,0.28505,0.113803,-0.347036
0.274826,0.148829,-0.632355,0.67224,-0.50647,-0.730973,-0.232727,-0.720145,0.769399,-0.830228,0.0475127,-0.119004,0.61919,0.525892,-0.659482,0.591909,-0.499101,-0.00429618,0.308207,0.319818,-0.951223,-0.241578,0.622522,0.232419
0.246028,-0.947899,0.757111,-0.390577,-0.740509,-0.245247,-0.772006,-0.460018,-0.259295,-0.317053,-0.303116,0.912118,-0.597983,-0.0161231,-0.608248,-0.244373,-0.887498,-0.185072,-0.515658,-0.10734,-0.383355,0.420074,0.65528,0.157047
0.260639,0.139577,-0.687668,-1.21325,-0.831471,0.616857,0.816075,-0.617237,0.311807,0.41884,-0.0764303,0.696777,-0.591968,-0.640334,0.470949,0.450839,-0.22121,0.261938,-1.26936,0.276331,0.356007,-0.21066,-0.0247805,0.836522
0.3267,0.94005,-0.601227,0.790831,-0.0739205,-0.582742,-0.733343,-0.0935245,0.0354091,0.47688,-0.612394,0.0493627,0.382349,0.152262,-0.248835,-0.814136,-0.42019,0.401197,0.716654,-0.981834,-0.104666,0.0752358,-0.688167,-0.0216401
-1.09034,-0.239522,-0.229801,-0.414956,-0.272848,0.241515,0.0196515,-0.454831,-0.370802,-0.651438,0.206982,-0.713998,0.347441,0.332706,-0.344968,0.298904,-0.105371,-0.0565918,-0.211971,0.545905,-0.446819,-0.0917526,-0.809565,-0.269478
0.0902863,-0.265192,-0.747264,0.41132,-0.108493,-0.579752,0.354217,0.292674,-0.109076,-0.508962,-0.649337,-0.312069,0.359359,-0.518393,0.426462,-0.49726,0.235968,-0.278891,-0.680468,-0.292016,-0.691917,0.19336,0.57021,-0.721632
-0.729297,0.117463,0.638031,-0.0384574,-0.781675,-0.414418,-0.778853,0.0943109,-0.194147,0.0118494,-0.429121,-0.311958,0.30599,0.343534,-1.25066,0.22861,0.641836,0.0197076,0.768842,0.0652694,-0.956208,-0.144074,-0.637754,-0.0881989
0.14193,-0.128568,-0.436579,0.16595,0.519236,-0.936021,0.0600997,-0.219864,0.53056,-0.196522,-0.110211,0.380517,0.00382519,-0.142277,0.456763,-0.441892,-0.122158,0.023936,0.200367,-0.343857,0.0826981,-0.0334617,0.183816,-0.574901
-0.673992,-0.117553,-0.428943,-0.44291,0.173841,0.0895363,-0.578343,-0.288443,-0.304247,0.610151,-0.245883,0.014306,-0.523823,0.491126,-0.082275,-0.367562,0.472084,0.302678,0.403795,0.212686,0.103656,-0.722559,-0.90279,0.24608
-0.358349,-0.253255,-0.705579,0.0170434,-0.660933,-0.0162603,-0.500204,0.339726,-0.204403,-0.376045,-0.339097,0.0114771,-0.478181,-0.187788,0.128273,-0.107754,-0.476486,-0.1975,-0.430436,-0.145033,-0.495179,0.112078,-0.566555,-0.0785542
0.136828,0.15101,-0.375965,0.655192,-0.148784,0.160667,-1.02439,0.302945,-0.278061,0.198973,-0.85549,-0.826913,-0.837502,-0.131102,-0.43219,-0.0357425,0.0477291,-0.411139,-0.262908,0.377569,0.661351,-0.389535,0.578549,0.283096
0.175646,-0.852993,0.259258,0.203397,0.533451,-0.364747,0.344581,0.469314,-0.205096,-0.295265,-0.164004,-0.267758,-0.218337,0.731262,-0.676993,-0.644865,0.258488,0.384565,0.731115,-0.521358,-0.531091,0.485439,0.159381,0.252181
0.87205,-0.554399,0.701075,0.662203,-0.772584,-0.240996,-0.137773,-0.577759,-0.258441,0.497806,0.0183494,-0.768372,-0.298753,0.720014,0.0976455,-0.21754,-0.0292259,0.171453,-0.330855,0.109513,0.138773,-0.00855204,0.609784,-0.367095
0.510256,-0.363882,-0.153412,-0.507353,-0.164602,-0.223901,-0.265817,0.108156,-0.890199,0.151391,0.0296303,-0.167737,0.170321,-0.809544,-0.303778,-0.917261,1.14046,0.0656689,0.19061,-0.197413,0.913543,0.279788,0.355996,-0.558853
-0.3094,0.111414,0.349705,0.398222,-0.216362,-0.606535,-0.419219,-0.020916,0.0813385,-0.629467,0.550616,-0.19156,-0.525675,0.265666,0.327213,-0.346322,0.37945,0.190815,0.157554,-0.647291,-0.273357,-0.0869946,0.619355,-0.240469
-0.255369,-0.328987,0.592642,0.429444,-0.0723932,0.400977,-0.882277,-0.119355,-0.878868,0.489506,-0.462124,-0.155869,-0.584625,0.119348,-0.795426,0.385612,-0.582483,0.443403,-0.0578429,0.311867,-0.406152,-0.0506895,-1.11619,0.427948
-0.833529,0.131825,-0.00447445,0.126263,-0.147934,0.76166,-0.16858,0.735902,0.168207,0.0266993,-0.434238,0.613527,-0.103681,0.187697,-0.884082,0.859352,-0.813358,0.156567,-0.142432,0.645349,-0.181095,-0.0233061,-0.811905,0.0181295
-0.0873313,-0.339793,0.281568,-0.069018,0.0779368,-0.359447,-0.00776255,0.0879723,-0.762028,0.0227978,-0.161285,-0.337499,-0.52682,0.0155969,0.33098,-0.505941,-0.116207,-0.404444,-0.478289,-0.0395397,-0.076271,-0.131522,0.228527,-0.00935187
-0.973167,0.553669,-1.17178,0.56765,0.234286,0.671048,-0.727185,1.01067,-0.54351,0.0806133,0.394144,0.526502,-0.282532,0.267094,-0.163922,0.805362,-0.632013,0.0260578,0.21397,-0.0452748,-0.722754,-0.871427,-0.318881,0.691902
-0.203806,-0.478116,0.110029,0.0118406,0.174044,-0.577264,0.252643,-0.636525,0.0416357,-0.486799,0.692839,-0.830579,0.583434,0.5954,0.151733,0.346779,0.540299,0.0155067,-0.0329766,-0.463836,-0.441792,-0.182891,-0.0170303,0.214677
-0.500942,0.455916,-0.662402,-0.968337,0.286359,0.0578392,-0.128301,-0.102254,0.600383,-0.57964,-0.180827,0.0683652,-0.535853,0.0467684,0.389128,0.546605,-0.305399,-0.30631,-1.17055,0.0571855,-0.45593,-0.803604,0.243966,0.157432
-0.425462,-0.884134,0.356621,-1.02321,0.396893,-0.564827,0.152142,0.31456,0.442183,0.669436,0.518169,-0.140467,0.627569,-0.974373,-0.278165,-0.904976,-0.178998,0.243829,0.490684,-0.158715,0.57309,-0.707849,0.45996,-0.212096
0.420937,-0.542396,-0.371847,-0.92684,0.30583,0.428752,0.232989,-0.762435,-0.142652,-0.254507,0.513181,0.611247,0.012548,-0.762127,-0.0279403,-0.325462,-0.345634,0.0229517,0.483613,0.316465,0.137577,-1.12828,-0.247106,0.269903
-0.348865,0.0844955,-0.872025,0.243973,0.66503,-0.416983,-0.0765923,-0.203187,0.287338,-0.362111,-0.680934,-0.372616,0.374921,-0.0956116,-0.678822,-0.0661623,-0.419684,0.339543,-0.837983,0.216396,0.358482,-0.425801,0.129704,0.11022
0.0565075,-0.533491,0.0687773,-0.546678,-0.320575,0.00789814,-0.274868,0.236392,0.159105,0.0581799,0.173034,-0.59685,-0.00261433,-0.252119,0.0236178,-0.0664668,-0.106908,-0.00525385,0.181369,-0.124013,-0.323918,0.0865549,-0.395316,-0.347962
-0.0545453,0.527159,-0.850372,0.197954,0.00377625,0.279496,-1.01561,0.885969,-0.294334,-0.433216,-0.689382,-0.187818,-0.325353,0.667364,-0.573992,0.48443,-0.182882,0.400733,-0.96086,0.682328,-0.00607604,-0.048495,-0.847986,-0.242468
-0.160138,-0.173626,-0.073381,-0.0747123,-0.586141,0.499972,0.58204,-0.0695326,0.0380728,-0.832285,-0.187231,0.411578,0.835309,-0.710722,-0.256312,0.015767,0.0982741,-0.334733,0.705043,0.0338554,0.0451573,-0.252639,-0.854914,-0.202685
0.121116,-0.377611,0.313556,-1.05528,0.216533,-0.452464,0.457006,-0.446442,-0.0471937,-0.990274,0.376753,0.583766,-0.269378,-0.50741,0.726951,0.457953,0.593161,0.21341,-0.438111,-0.768301,0.413033,-0.732354,0.68116,-0.721439
-0.274433,-0.733409,-0.135874,-0.221714,-0.225522,0.162074,0.324958,0.291595,0.140695,-0.00545843,-0.606724,0.0682523,0.426642,-0.68189,0.0317369,-0.105033,-0.249844,0.238286,-0.118206,-0.452581,0.117293,0.602647,-0.260438,-0.577536
0.289918,-0.0453632,-1.22204,0.116772,-0.458105,0.143352,-0.945501,0.526347,-0.308362,-0.200602,-0.0367903,0.31559,-0.986775,-0.21671,0.558678,0.0909716,-0.353797,-0.249123,0.485274,-0.0624339,-1.0491,-0.334461,0.721824,-0.17888
0.110519,0.0524233,-1.01494,0.308615,-0.0880813,0.400347,0.370088,0.48557,0.392744,0.0981657,-1.31986,0.487322,-1.05818,-0.072954,-0.64289,0.16263,-0.0325585,-0.399068,-0.854148,-0.282173,0.39908,0.292279,-0.353092,-0.213385
-0.173373,-0.283027,0.387807,0.34861,0.0138995,0.0221123,-0.0310929,-0.185514,0.671507,-0.323708,-0.316962,0.480733,0.193732,0.157517,0.340481,-0.0329146,-0.386135,-0.0826242,-0.500318,-0.317052,-0.0718625,-0.456932,0.326991,-0.575523
0.0146732,-0.605622,0.508361,-0.409761,-0.627642,0.0532948,-1.02092,-0.633936,-0.333717,-0.132385,0.592643,0.594147,0.233837,0.958024,-1.07511,-0.899079,-0.981108,-0.549936,0.295542,0.992685,-0.469282,-0.189484,-0.00669514,0.954715
0.18176,0.339142,-0.688429,0.580103,0.126597,-0.48756,-0.585483,0.659561,-0.464035,-0.261828,0.812111,0.157006,-0.0341947,-0.359745,-0.039987,-0.459831,-0.0831665,-0.344689,0.679087,0.514639,-0.789167,0.399245,-0.297891,0.703965
-0.0569791,-0.584722,0.136551,-0.38053,-0.583856,0.229093,0.302105,-0.459856,-0.102749,0.0383257,0.364379,-0.110167,0.0123795,0.0322294,-0.059096,0.144689,0.329188,-0.376258,0.203461,-0.255405,0.0734568,0.0891866,-0.448685,-0.00266616
0.0105162,0.00978685,-0.148634,0.415676,-0.452408,0.394936,0.439942,0.0119795,-0.356408,-0.33074,-0.657185,-0.37417,-0.440448,-0.289676,0.485554,0.712444,0.0518212,0.339655,-0.470519,0.833498,-0.711053,0.106524,0.022208,-0.603062
-0.173999,-1.15062,-0.204842,-0.43402,-0.531867,-0.237926,0.766646,-0.085675,-1.22818,1.03865,0.688594,-0.154937,-0.756124,-0.42047,0.635522,-0.562617,0.142802,-0.429348,0.396441,-0.524473,0.501599,0.0580816,0.0670608,-0.41398
-0.593672,-0.0631488,-1.18105,0.245238,0.00407181,-0.00597106,0.647583,0.132769,0.288639,-0.367514,-0.134451,-0.156996,0.0862162,-0.892862,-0.18194,0.511549,-0.241549,0.183968,-0.206569,-0.306294,0.126932,0.28448,0.329948,0.090336
-0.642279,0.325321,0.677372,-0.701329,-0.0824641,0.193164,0.490053,-0.883624,0.867046,-0.231082,-0.970843,0.703004,-0.57222,0.444752,-0.726593,0.905274,-0.658336,-0.206318,-0.994425,0.0555195,-0.277949,-0.631874,-0.961203,0.650886
-0.629141,0.922154,-1.40173,-0.344724,0.344636,-0.0875938,0.339605,0.408894,0.60715,-0.945439,-0.0730991,0.217836,-0.415884,-0.84601,-0.337418,0.280492,0.645681,0.0881535,-0.682736,-0.292834,-0.774499,-0.726702,-0.540743,0.818575
-0.875314,0.905629,-1.24201,-1.31251,1.01086,-0.35216,0.0925303,0.185558,0.86846,-0.517084,0.820671,0.476577,-0.544974,-0.613913,0.641736,0.313271,-0.0177281,-0.0162797,-0.9465,-0.100665,-0.648894,-0.806788,-0.96832,0.6813
0.0388151,0.200583,-0.149386,-0.382444,-0.150639,0.0774943,-0.302786,0.569054,-0.194815,-0.180286,0.807344,-0.769602,-0.67215,-0.162307,0.280336,-0.306431,-0.245316,-0.445032,0.0758724,-0.598958,0.0517204,-0.867871,0.272239,0.66026
-0.874447,-0.364603,0.239267,0.00796609,-0.233473,0.742683,-0.160486,-0.208335,-0.0236901,-0.35696,-1.25631,-0.394811,-0.349301,-0.208698,-0.777063,0.685831,0.191907,0.077338,0.211267,0.692412,-0.251905,0.699087,0.0201689,-0.874729
-0.183037,-0.163112,-0.148661,-0.0882129,0.866106,-0.560644,-0.617669,-0.274584,0.37951,-0.347182,0.538722,-0.260156,-0.252897,0.0380422,-0.730516,-0.983289,-0.00706084,0.374338,0.243438,0.66555,0.187601,-0.636995,-0.218505,-0.68791
0.552947,-0.587508,0.29623,-0.679234,-0.0855146,-0.552222,1.05039,-0.728913,-0.516753,-1.01371,0.329818,-0.322498,0.397708,-0.233952,-0.549881,0.429068,0.526086,-0.488338,0.234544,-0.420634,0.669527,-0.400231,0.66802,-0.596652
0.0423672,0.129228,0.315004,-0.158678,-1.15933,-0.0733758,-0.311957,-0.650412,-0.48902,0.150518,0.400797,-0.0944355,-0.488371,0.252743,-0.532839,0.678765,-0.534223,-0.0914765,-0.70114,0.390615,0.0752449,0.153349,-0.191892,0.55837
-0.247769,0.411814,-0.228002,-0.44421,-0.878961,0.576516,-0.782157,0.371078,-0.472703,0.394119,-0.0776942,0.309971,0.0384404,-0.0424807,-0.751181,-1.0204,0.192279,0.130525,-0.245725,0.322655,0.093757,0.533706,-0.330054,0.618255
-0.613586,-0.54226,-0.5241,-0.765655,0.464108,-0.757546,-0.0713226,0.0819627,-0.744572,0.443025,0.678479,0.252381,-0.929073,0.58871,-0.288203,-0.633102,0.228501,-0.356048,0.483773,-0.0117916,-0.57965,-0.363999,-0.00134993,0.887768
-0.74636,-0.656368,-0.0934413,-0.104284,0.0469459,-0.167125,0.68536,-0.788427,0.814446,-0.545681,0.78011,0.542126,0.414052,-0.484971,0.828474,-0.274567,0.236505,0.0212102,0.471903,-0.469706,-0.29532,-0.736893,0.270026,-0.810668
-1.02167,0.0127617,-0.253885,-0.21864,0.192797,0.454195,0.121806,0.188793,0.732209,-1.01559,0.131613,0.466643,0.136529,-0.545121,0.92049,0.0673711,-0.854488,0.283721,-0.0156195,-0.218659,-0.652092,-0.40274,-0.503953,-0.0508788
0.307839,-0.0871186,0.77102,0.417608,-0.882045,-0.370817,-0.379995,-0.492854,0.329001,0.0900575,0.716267,-0.701809,-0.555177,0.0494582,0.323203,0.374981,0.0999356,-0.160542,-0.357494,-0.708713,-0.133681,-0.173405,0.22306,-0.550678
0.530801,-0.540597,-0.104534,-0.774313,-0.432798,-0.503058,-0.31379,-0.752909,0.166622,-0.481322,0.223244,0.151232,0.398413,-0.82873,-0.50562,0.208673,0.506787,-0.161056,-0.233845,-0.492148,0.561388,0.83348,0.0376055,0.153273
-0.493123,0.402998,-0.492171,0.296278,-0.919233,0.757292,-0.74377,-0.293505,0.103653,0.407902,-0.10198,0.47551,-0.350502,0.159547,-0.73639,0.473414,-0.422348,-0.483934,-0.333324,0.554755,0.256373,-0.0388323,-0.947364,0.331477
0.62825,-0.307057,-0.417886,0.786699,-0.43706,-0.965987,0.419995,-0.204593,-0.356134,0.779271,-0.193915,-0.637143,-0.329275,-0.0756305,-0.227974,-0.297438,0.399784,-0.285822,-0.797914,-0.816019,-0.484626,0.194724,1.1787,0.349378
0.3204,0.513463,0.511435,-0.204475,0.10099,-0.713961,-0.601407,-0.362159,-0.580499,-0.539627,-0.0133869,0.223274,-0.792501,0.285843,0.158873,-0.379945,-0.730103,0.382488,-1.15536,0.817477,0.108989,-0.194262,-0.0803552,0.521553
0.702499,0.332788,0.170372,0.449333,-0.685595,0.0728138,-0.13458,-1.25894,0.794102,0.30515,-0.765817,-0.204832,0.049413,0.0500307,-0.971514,0.586392,-0.999554,0.239714,-0.568916,0.0929236,0.594561,0.00324864,0.872053,0.109243
0.0924686,-0.449837,0.547385,0.444825,-0.412848,-0.650416,-1.15641,-0.598259,0.425808,0.594761,-0.345624,-0.0294368,-0.179758,0.755051,-0.447291,-0.318139,-0.913131,0.304345,0.725531,-0.335494,-0.111498,-0.326247,0.491522,-0.753156
0.368686,0.297105,-0.669284,0.214223,-0.668743,-0.522911,0.24359,-0.523535,-0.635066,0.404812,0.649412,-0.023372,-0.335053,0.296495,-0.672155,0.529514,-0.760436,-0.278414,-0.202561,0.151965,-0.665013,-0.600518,0.0472779,0.583104
0.0843871,0.363301,0.757248,-0.0129793,0.886771,-0.743541,-0.690627,-0.23805,0.388067,0.0558159,0.746759,0.676372,-0.639899,-0.428669,0.0999941,-0.748471,-1.17018,-0.0919255,0.474813,-0.199036,0.531571,-0.603224,-0.0304844,-0.257366
-0.452624,-0.0595814,0.651809,0.0970956,0.901286,0.149985,0.213441,-0.81669,0.755349,-0.866105,-0.0975766,0.163235,-0.138298,0.382752,0.432849,-0.104301,-0.879768,-0.316975,-0.0623751,-0.0549916,0.750508,-0.0896064,-0.589565,-0.987329
0.608609,-0.289093,-0.784077,-0.205714,-0.795574,-0.646693,-0.694823,-0.849686,-0.0910059,-0.413263,-0.358769,-0.873164,0.81652,0.241279,-0.736145,0.934847,0.562876,-0.226266,-0.712987,-0.282419,0.337075,0.57826,0.896625,-0.291289
0.326631,-0.275997,-0.422317,0.142066,-0.10689,-0.207045,-0.0579745,-0.110928,-0.526362,0.167637,-0.126587,0.367905,0.57482,-0.0862768,-0.536507,-0.469888,0.403864,0.404567,0.577243,0.602283,0.284585,0.252413,0.257096,-0.394051
-0.0956002,-0.805343,0.521823,-0.322379,0.405682,0.228932,0.104362,-0.338334,-0.103138,-0.59656,0.0686548,-0.522312,0.656882,0.123243,-0.163828,-0.675154,-0.293893,0.288473,0.11771,-0.463244,-0.508295,-0.754888,0.0990288,-0.753239
0.204656,0.867292,0.545901,-0.430246,0.715755,-0.0977737,-0.330113,0.0244414,0.668953,-0.780443,-0.480448,-0.396799,-0.79514,-0.173452,-0.334467,0.385689,-0.62275,-0.242248,-0.249366,0.587902,-0.19672,-0.739721,-0.40166,-0.956749
-0.269688,0.331893,0.586179,-1.13424,-0.0538003,-0.0778629,-0.0177617,-0.403799,0.428547,0.13456,-0.044357,0.282123,0.307818,-0.586423,0.168374,-0.862315,-0.33267,0.0368854,-0.708806,0.352662,-0.0283778,-0.273091,-0.796807,0.146189
0.132854,0.269919,-0.228757,0.220625,-0.293814,-0.430062,0.175763,-0.63046,0.188638,0.661323,-0.957079,-0.332356,0.470412,0.656105,-0.623232,0.250878,-0.756129,0.289718,-0.274636,-0.845885,-0.314674,-0.03761,0.607597,-0.43406
-0.49122,-0.245489,0.717347,-0.67363,0.627443,-0.0554449,0.289328,-0.125053,0.479528,-0.597965,0.377439,0.0878556,0.240462,-0.192345,0.70149,-0.558769,-0.238239,0.155453,0.405151,-0.947333,-0.646791,-0.14275,-0.561214,-0.790054
-0.226278,-0.148401,0.0548017,-0.140736,0.501971,-0.123259,0.781279,-0.224214,0.302836,-0.534728,-0.612658,-0.0212122,-0.271086,-0.250861,0.618464,0.0870133,-0.265584,0.316368,-0.670554,-0.597607,0.251933,-0.363377,0.315094,-0.161119
0.743421,0.0672386,0.459011,0.941592,-0.253876,-0.619255,-0.441183,-0.440107,-0.422285,-0.00210163,-0.726158,-0.535975,-0.754483,-0.0652421,-0.0773678,-0.00738437,-0.403877,-0.406575,0.00544566,1.05111,0.0580202,-0.0878252,0.282898,-0.622669
-0.766649,0.604732,-0.0693046,0.612369,-0.620684,0.250716,-0.202363,0.509836,0.217048,0.342025,-0.4939,0.143087,-0.697008,0.728577,-0.31515,0.101854,-0.629878,0.339506,-0.358844,0.0789546,-0.844201,0.125356,-0.631488,-0.192302
-0.599892,1.3332,-0.712409,0.0800329,-0.459133,0.216261,-1.1233,0.484669,-0.752312,-0.32336,-0.697308,-0.533614,-0.863488,0.474706,0.0229849,-0.421087,-0.549065,-0.116928,0.416226,-0.51443,-0.0254818,-0.358511,-0.521131,-0.130549
-0.430391,-0.0256389,-0.409037,0.228096,0.363202,0.134737,-0.619828,-0.519415,0.291231,-0.102421,0.380326,-0.228058,-0.545684,0.145779,-0.233824,-0.51117,0.174307,-0.580316,0.355266,0.51395,0.449281,0.240315,-0.801393,-0.567904
-0.345966,-0.739118,0.0188177,-0.79566,-0.0845307,-0.158019,-0.12039,0.235893,0.00748413,-0.512663,-0.401061,0.602967,-0.0598699,-0.895434,-0.034552,0.119681,0.2971,-0.192017,-0.291171,0.297296,-0.238312,0.423152,-0.274016,-0.357695
-0.440127,-1.11048,-0.432965,-0.61031,-0.0651609,-0.236057,-0.281288,-0.0358858,-0.329795,0.198057,0.565275,-0.297256,0.559076,-0.641922,-0.685548,-0.488498,-0.335494,-0.0440837,0.221125,0.865944,0.324067,0.748848,0.10503,0.282205
0.101217,0.518354,0.814575,0.449959,0.593393,0.482509,0.633722,-0.407702,-0.278856,-0.814722,-0.0267298,-0.911679,-0.0577766,0.987737,0.230019,0.112521,-0.492514,0.179295,-0.43824,0.89919,-0.595327,-0.736739,-0.434223,-0.187054
-0.738723,0.5023,-0.226194,0.463817,-0.00967166,-0.00797348,-0.310091,0.25409,0.736792,-0.826343,-0.903798,-1.03911,0.65178,0.41024,-1.02943,0.688947,0.919453,0.353261,0.0116238,-0.427653,-0.177221,-0.120565,-0.218506,0.244833
-0.329075,0.797213,-0.95202,0.245302,-0.0781475,-0.37168,-0.617785,-0.188072,-0.0427113,0.178118,-0.0589084,-0.932452,-0.278474,-0.3079,0.138432,-0.191077,0.66368,-0.0922188,0.252236,-0.854072,-0.838729,-0.746782,-0.316587,-0.0981889
-0.911674,0.474779,0.232913,-0.225972,-0.331294,0.680933,-0.129267,0.555292,-1.14141,-0.704148,-0.166073,-0.755353,0.209944,0.553674,0.0234376,-0.554843,-0.623837,-0.287377,0.113764,-0.0122947,-0.739576,-0.0988421,-0.628412,0.308376
0.377066,-0.722343,0.665114,-0.566161,-0.455561,0.263423,0.246282,-0.0905422,-0.368892,0.397244,-0.279868,0.124634,-0.369961,0.313833,-0.0486211,0.140784,-0.595324,-0.310225,-0.608575,-0.374086,0.469336,-0.325748,-0.111118,0.363251
0.519946,0.256245,-0.501485,0.307351,-0.105524,-0.449276,-1.06545,0.183851,0.433379,0.0235175,-0.770427,-0.2811,-0.0141868,0.132012,0.27511,-0.0669512,-0.0479844,0.206595,-0.350839,-0.630129,0.48728,-0.192434,-0.0883491,-0.826931
0.441057,-0.519128,-0.201498,-0.407398,0.367868,-0.420673,0.593869,-0.65875,0.120478,-0.963341,0.0510378,0.195918,0.269901,0.206552,0.235804,-0.360894,-0.183088,-0.328924,-0.496291,0.433309,0.587446,0.428625,0.0506285,-0.0719624
0.331011,-0.705853,-0.016411,-0.91991,-0.271163,0.281969,0.216899,-0.554859,-0.16324,-0.787903,-0.112502,-0.401499,0.0453813,-0.0554493,0.482915,0.704404,0.389351,-0.0620711,-0.020476,0.283309,0.109535,-0.173243,0.345947,-1.1341
-0.614435,0.214921,-0.398524,-0.000560439,-0.333878,-0.0841074,0.228582,-0.653886,-0.00359049,-0.535242,-0.485494,0.184204,-0.599861,0.279542,0.300657,-0.500492,-0.199201,-0.0943651,0.227615,-0.204237,0.0737497,-0.324565,0.222173,-0.00467101
-0.624477,-0.348882,-0.122429,0.137828,-1.15626,0.484575,0.312944,0.543615,-0.979562,0.831116,-0.37009,0.469715,-0.759205,-0.102701,-0.175023,-0.418375,0.643133,-0.559911,0.504003,-0.934372,-0.361598,0.123423,-0.203323,-0.451911
0.444362,-0.458201,-0.0574745,0.315352,0.387598,-0.482172,-0.338134,0.475915,0.28395,-0.146991,0.0668169,-0.466072,-0.286006,0.347749,0.850031,-0.290167,0.428698,-0.412761,0.723148,-0.687207,-0.704913,-1.07591,-0.104207,-0.361369
0.114544,0.428434,-0.127346,0.122015,0.361665,0.315679,-0.309161,-0.272358,-0.49577,0.355086,-0.676226,0.742733,-1.12488,-0.252311,0.461304,-0.705319,-0.948214,-0.315427,-0.463928,-0.372338,0.304531,0.0330516,-0.880309,0.101273
0.376912,-0.179041,-0.306755,0.71164,-0.688896,0.0137953,-0.642871,-0.880419,-0.567821,-0.0541514,-0.223948,0.410846,0.0291983,-0.623675,-0.835366,0.678589,0.0283158,0.0315164,-0.358308,0.159379,0.822829,0.868533,-0.329141,0.138962
0.464144,0.296384,0.297037,0.690718,0.541768,-0.561599,0.266941,-0.447593,0.584092,0.449867,-0.637749,-0.582463,-0.465742,0.290347,-0.142561,-0.0473657,-0.874611,-0.242061,-0.895628,-0.0922936,0.414901,-0.996941,0.171584,0.372247
0.0609625,-0.42683,0.280053,-0.319974,0.0627853,-0.358366,0.621334,-0.576971,0.134048,-0.442246,-0.670599,-0.385758,0.767916,-0.0184811,-0.219282,-0.361798,0.121862,-0.485717,0.700467,0.0410709,0.829782,-0.51927,-0.482589,-0.398404
-0.296992,-0.50337,0.671098,-0.535113,-0.155855,-0.294694,0.389726,0.404931,-0.811201,-0.325895,0.337984,-0.557799,-0.31577,0.564482,-0.0398698,-0.464988,-0.249816,-0.378579,-0.535176,-0.194462,0.173489,-0.00823082,-0.62856,0.552407
-0.196294,-0.317478,-0.140132,-0.0136543,-0.42381,-0.0570913,0.288262,0.150423,-0.410605,-0.257237,-0.574165,-0.051411,-0.171053,-0.151667,-0.426948,-0.0629844,0.062664,-0.28953,-0.493031,-0.552465,-0.0481901,-0.295519,-0.403818,-0.302005
-0.292559,0.0432787,-0.369954,-0.485465,0.204744,-0.725413,-0.173147,-0.245915,0.0919184,-0.387221,-0.0814674,-0.785644,0.885056,0.0734252,-1.09124,-0.526667,0.442299,0.435704,0.452898,-0.195507,-0.0919741,-0.0905317,0.237817,-0.586178
-0.448596,-0.47711,-0.758451,0.437031,-0.348767,0.324811,0.668942,-0.133159,-1.02154,0.135038,0.026166,-0.433398,0.0888941,0.434703,-0.527625,-0.234177,0.211991,0.205493,-0.39428,-0.804962,0.165311,-0.0783446,-0.576483,0.775592
-0.882072,-0.442935,-0.162253,-0.903522,-0.675318,-0.592755,-0.0533437,0.836525,-0.808544,0.502448,1.11483,-0.467642,-0.958928,-0.676498,0.685044,0.199863,0.726446,-0.481248,-0.393284,-0.945146,0.026702,0.236411,-0.390143,-0.447037
-0.356379,-0.26544,-0.250683,0.0113817,-0.363337,0.841504,-0.0762546,-0.116913,-1.13818,-0.522304,0.475247,0.0750923,0.602236,-0.0175136,-0.28867,-0.175014,0.0903063,0.180396,0.906466,-1.00719,-0.627734,0.792988,-0.868245,-0.536104
-0.0758337,-1.04814,-0.232782,-0.312214,-0.335075,-0.407839,0.0429436,0.203485,0.466787,0.0950657,-0.224851,-0.407741,0.383275,-0.709879,0.18662,-0.37209,0.256468,0.265885,-0.263979,-0.636205,0.0280785,-0.399229,0.305735,-0.670721
-0.274807,-0.277691,0.0499817,-1.021,-0.526916,-0.051966,-0.827998,0.730822,-0.00563402,-0.286132,0.937937,0.812863,-0.726529,-0.343923,0.570324,-0.427487,0.701843,0.206863,-0.210324,-0.0511781,-0.104798,-0.323018,-0.569342,0.0962708
-0.548374,-0.440221,0.159661,-0.389389,0.305814,0.0237638,-0.382797,0.178784,-0.40544,-0.0887387,-0.530236,0.310731,-0.337119,0.193269,-0.50696,-0.0731616,-0.285253,-0.0731717,-0.520942,0.216262,-0.623146,0.272885,-0.301935,-0.671606
-0.697897,-0.882968,-0.298269,-0.969492,-0.189739,0.515682,-0.148885,0.204043,-0.00728518,0.274752,0.062817,-0.327687,0.065258,-0.67674,0.310872,-0.562548,-0.385316,-0.0036026,0.0111622,-0.280875,-0.281806,0.128229,-0.305034,-0.812482
0.0539119,0.0449844,-0.381977,-0.71408,0.853984,0.147585,-0.0124819,-0.132398,0.0941769,0.405206,0.597587,-0.21603,-0.236091,0.118464,-0.356397,-0.7486,-0.296824,0.248672,0.165782,-0.062294,0.443696,0.16192,-0.280609,-0.0623932
0.0876711,-0.428205,-0.493409,0.0846115,-0.19388,-0.0574542,-0.207414,-0.608607,-0.416425,-0.0973078,-0.0474846,-0.458123,-0.311682,-0.275705,0.298576,0.186792,0.306888,-0.334376,-0.316372,-0.0727243,-0.242013,0.0576035,-0.145867,-0.0134656
-0.030414,0.314055,-0.328521,-0.00364799,0.0595979,-0.266951,-0.654977,-0.570985,-0.445699,0.327125,0.564307,0.118845,-0.710411,-0.431864,0.382053,-0.132846,-0.108359,0.221276,-0.372127,0.572131,0.349105,-0.359482,0.0950327,0.464196
-0.231396,-0.0883514,0.335825,-0.129664,-0.390158,-0.589287,-0.575247,-0.0519384,0.282452,-0.528528,0.236849,0.538536,0.657749,-0.526713,0.207596,-0.741629,0.430247,-0.172223,-0.229728,0.531512,0.458976,-0.0504168,0.00497974,-0.256345
-0.831741,-0.0935265,0.152363,0.104496,-0.396912,0.387219,0.304282,0.0145186,-0.563725,0.0333368,0.0563422,0.378022,-0.935474,-0.121115,0.564918,-0.415089,-0.285202,0.305415,-0.516455,0.369969,0.125677,0.0130259,-0.729973,-0.321317
0.20994,-0.602322,0.181784,0.0942176,-0.437889,0.373157,0.810223,-1.05434,-0.13813,-0.629646,-0.395196,-0.00779623,0.0605905,-0.510617,0.709643,0.558423,0.164386,0.167346,-0.202034,-0.330314,-0.417316,0.225019,0.730231,0.291274
0.391177,-0.00509184,0.166494,0.201564,0.329951,-0.540126,0.0241297,0.301344,0.292795,-0.400143,-0.0770799,-0.648329,0.0745675,0.35584,-0.473204,-0.767008,-0.548339,0.266002,0.59214,-0.304667,-0.505362,-0.799973,-0.375067,0.288131
0.444664,-0.428473,-0.54184,-0.485779,-0.198009,-0.253931,-0.473775,-0.0653533,0.0636808,0.565225,-0.287626,0.0816238,-0.0693602,-0.0520416,-0.265401,0.443143,0.330778,0.0873424,-0.176356,-0.24342,0.0333444,0.0555915,-0.26794,0.550517
0.830342,0.461685,0.0529727,-0.13025,-0.501527,-1.10155,-0.155276,-0.759891,0.882353,0.315704,-0.0157538,-0.450027,-0.42773,0.57416,-0.685428,-0.0880542,-0.895553,-0.403588,-0.639134,0.429768,0.632685,-0.290925,1.05819,0.0682099
-0.520841,0.852253,0.227654,0.404572,-0.233859,0.213956,-0.294785,0.871744,-0.455174,0.806203,-0.221278,0.0311551,-0.383711,0.600323,0.161846,-0.834414,-0.115147,-0.51494,-0.730621,-0.32513,-0.538374,-0.951765,-0.462158,-0.177858
-0.644103,0.0257248,0.183197,0.169397,-0.529417,-0.599392,-0.179429,0.0462409,-0.596371,-0.182162,0.210221,-0.528365,-0.213956,-0.360092,-0.0710165,-0.135164,-0.505201,-0.0234523,-0.506412,0.0883335,-0.642494,-0.393259,-0.06341,-0.326575
-0.461317,-0.345643,-0.44931,-0.586318,-0.215831,0.100892,0.453011,0.911461,-0.558063,0.614478,0.971154,0.482795,-0.77721,-0.674406,1.10065,-0.770696,0.655862,-0.280854,-0.0283934,-0.653197,-1.06049,0.50495,0.328426,-0.547189
0.247944,-0.877763,0.060024,-0.61715,0.0448781,-0.384439,-0.174108,-0.831621,0.529318,-0.950663,-0.218758,-0.354243,0.454547,-0.42409,-0.723352,0.639335,0.0998564,0.167525,0.834934,0.199892,0.3118,-0.126013,0.113118,-0.832222
-0.357648,-0.233643,0.399858,0.153142,-0.148211,0.119688,-0.250022,-0.619888,-0.534168,-0.514363,0.0783875,-0.294563,0.228543,-0.366972,-0.127028,-0.463917,0.144308,-0.58085,-0.64675,-0.535914,-0.129594,0.252636,0.227272,0.354121
0.199423,-0.811463,0.189804,0.194988,-0.0396356,-0.135443,0.772636,-0.392898,-0.843352,0.345987,-0.203322,-0.561786,-0.727088,0.697314,-0.369989,0.265498,-0.063335,0.260588,0.31781,-0.215534,-0.742936,0.131217,0.161616,0.443176
-0.405722,0.274718,0.126621,-0.160024,0.462113,-0.218416,0.0660786,-0.517399,-0.541553,0.185716,-0.0375832,0.347645,-0.465044,-0.452676,-0.162959,-0.898643,-0.263716,-0.578813,0.127229,-0.0915978,0.0532549,0.154631,-0.0649862,-0.480336
