-0.313119,0.451054,-0.182848,0.411928,-0.218715,-0.135758,-0.338637,0.275221,-0.0924975,-0.217222,0.296589,-0.363313,0.0155598,0.479829,-0.198956,0.0654027,-0.132092,0.0108492,-0.0950056,-0.444317,-0.31424,-0.117976,-0.0903054,-0.318926,0.273244,0.0973626,0.495516,-0.0238819,0.107433,0.0587495,0.434233,0.375467,0.111409,0.404507,-0.040408,0.367994,0.176865,0.0645619,-0.174659,-0.00618001,0.462038,-0.357917,-0.184539,-0.353231,0.0986437,0.0175136,-0.263743,0.311525,-0.214524,0.215803
-0.0217603,0.327617,-0.674514,0.196592,0.213968,0.545647,0.375483,0.668901,-0.509911,0.41133,-0.215681,0.345356,-0.716007,-0.141925,-0.153207,-0.177632,-0.230313,0.288058,-0.534019,0.273288,0.303293,0.062124,-0.446433,0.224598,-0.111159,-0.87306,-0.0358088,0.0432062,0.870362,-0.639785,0.241351,-0.00269036,-0.374133,-0.585643,0.585417,-0.998942,0.775627,0.133659,0.0786077,0.476445,-0.49611,0.43829,0.178076,-0.209051,-0.864536,-0.48491,0.0215162,-0.157603,0.274208,0.591731
-0.166467,0.578622,0.649836,0.12087,-0.207017,0.0675557,0.198931,0.568153,0.456082,-0.143345,-0.332736,0.250673,0.13838,-0.0727757,0.0648308,0.702498,-0.666397,0.303465,0.0620732,0.018521,0.638235,0.0857029,0.430585,0.452211,-0.593357,-0.411304,0.327591,0.570161,-0.108924,0.406598,-0.281802,-0.00990869,-0.388674,0.306266,-0.226685,0.389898,-0.684608,-0.264006,-0.0351995,-0.141831,0.211906,0.313467,0.0136181,0.0623918,0.0937298,-0.398608,-0.415329,0.152554,0.122071,0.215534
-0.216523,0.313615,0.138983,0.25228,-0.653297,-0.357807,-0.135001,0.610593,-0.0701061,-0.206333,0.283701,0.475956,0.0876011,-0.461905,0.520372,-0.28688,-0.178332,-0.21759,0.135468,0.444101,-0.751737,0.662317,0.0540072,-0.711087,-0.344119,0.41642,-0.09318,0.0299195,0.383573,-0.444079,0.140113,0.743023,-0.176741,-0.0751853,0.0655777,-0.207906,0.558304,0.0104821,-0.545143,0.464068,0.0999953,-0.132749,0.186541,-0.152198,-0.148731,-0.351465,-0.0649446,0.561402,-0.197543,0.176638
0.384719,0.549002,-0.0463981,-0.0799021,0.0352046,0.396119,-0.33724,-0.165116,-0.0176526,-0.411537,-0.570647,-0.471525,0.0551098,0.579067,-0.135122,0.160058,-0.581524,0.511772,-0.818196,0.391989,0.359977,-0.0212888,-0.0942402,0.452747,0.522595,-0.51851,-0.158727,-0.040798,0.153025,0.428534,0.0067006,-0.496206,0.446186,-0.0126577,-0.365271,-0.829387,-0.477701,-0.161776,-0.228026,0.111615,0.143999,0.0438118,0.608444,0.181177,-0.00791668,0.126385,0.0797974,-0.372937,0.700113,-0.109514
0.164268,0.560177,-0.548116,0.363743,0.190913,-0.282593,0.194594,-0.274197,0.118651,0.213601,0.182183,-0.227059,-0.575148,0.152613,0.439664,0.0580975,0.49596,-0.0573985,0.79586,0.450816,0.326031,0.161601,0.0637524,0.496722,-0.248038,0.305397,-0.329764,-0.609488,0.022369,0.238504,0.0504487,0.637297,0.118986,0.528291,-0.171742,0.00560766,-0.338994,0.37574,0.248615,-0.0105667,0.089468,-0.0987278,0.0648785,0.56519,0.294446,0.206261,-0.310534,0.101357,-0.464511,-0.347727
-0.0245601,-0.868436,-0.134925,0.236413,-0.511339,-0.222074,0.0819935,0.546948,0.037228,-0.26995,0.190048,-0.022615,0.0425023,-0.625058,0.0534708,0.270278,-0.00313137,0.920358,0.0895025,-0.340905,0.0436467,0.632366,-0.76057,-0.333632,0.565614,-0.559959,0.0853681,0.028262,-0.500588,0.0208594,0.54624,0.578073,0.747869,0.363477,0.728412,-0.0271524,0.843187,-0.346976,-0.263651,0.202201,0.566744,0.21528,0.622526,-0.361497,-0.286144,-0.431807,0.154682,-0.329985,-0.40138,0.155146
0.612674,0.29735,-0.197565,-0.264251,-0.114277,-0.641406,0.47706,0.302421,0.331858,0.271605,0.872512,-0.757156,-0.535928,0.362985,0.742507,-0.585211,-0.479158,-0.778823,-0.0134105,-0.214145,0.086228,-0.446891,0.449579,0.228583,-0.554468,0.640702,0.366214,0.806665,0.515803,0.92317,0.212687,-0.543575,-0.650123,-0.312849,-0.171438,0.37612,-0.277227,0.406887,-0.721696,0.493017,0.0546587,0.0125265,-0.548746,-0.440504,0.331246,-0.448196,-0.130527,0.0733636,0.833643,-0.624328
-0.499191,0.400793,-0.393604,-0.208191,0.29223,-0.309889,-0.323822,-0.230562,-0.402358,0.527461,-0.495366,-0.20299,0.0662572,0.142371,-0.044221,-0.105792,0.389084,0.104433,0.692418,0.247281,0.218144,0.32419,0.0625479,0.0865033,-0.543596,0.180554,0.438263,0.0525839,-0.563919,-0.296474,-0.376609,-0.0804584,0.343838,0.459362,0.552983,-0.0700267,-0.268228,-0.0603926,-0.361039,0.504103,-0.154218,-0.567728,0.416724,-0.0334858,-0.166024,-0.148516,0.251827,-0.462719,-0.496319,0.113749
-0.365065,-0.18721,0.0410178,-0.360704,-1.02677,0.566135,-0.124562,0.710861,-0.340525,-0.919209,0.880308,0.10426,0.248558,-0.017083,-0.0223285,0.247804,0.27668,0.638974,-0.745003,-0.712943,0.0965779,0.48279,-0.835811,0.150751,0.107814,0.0098784,-0.0415458,0.267676,-0.151104,-0.248942,-0.115474,0.19706,0.197576,0.311901,0.900214,-0.569195,1.06229,-0.681106,-0.317484,-0.390504,0.441233,0.167441,0.31838,-0.401303,-1.05191,-0.248486,0.093689,-1.16594,-0.176726,-0.514719
-0.202099,-0.133344,0.46073,0.170463,-0.780139,-0.403272,0.275575,-0.506138,-0.557811,-0.264737,0.963014,0.648041,-0.0418408,-0.550656,-0.609485,-0.228495,-0.107341,0.595834,0.128502,-0.7966,0.0328624,0.372101,-0.206226,-0.635143,-0.350918,0.964373,-0.0544114,0.584157,0.190076,0.524465,-0.53718,-0.339708,-0.704637,0.196915,-0.35744,0.71701,0.164342,0.137789,-0.356249,0.486875,0.243557,0.489206,0.810523,-1.39008,-0.656686,-0.602308,-0.226228,-0.178363,0.18079,0.789503
0.538871,0.323438,0.382386,0.0435853,0.510959,-0.325169,0.40688,-0.350834,-0.288095,0.0247618,0.323958,-0.0762276,0.350089,-0.00406108,0.0112078,-0.0142377,0.15693,-0.355501,0.485865,0.234964,0.0255102,0.504266,0.225597,0.0994725,-0.201714,-0.0752629,0.119015,-0.0578656,0.427974,-0.0694635,0.308568,-0.596545,0.11066,-0.286751,-0.368875,0.0208868,0.391564,-0.235426,0.322144,0.516377,0.0316781,-0.265334,-0.0813871,0.357241,-0.170352,-0.339682,0.272308,-0.359807,0.412693,0.542111
0.464779,0.597948,0.22476,-0.0908715,0.141609,0.4801,0.542295,-0.623133,-0.315287,-0.290758,0.560925,-0.357991,-0.423974,0.706297,0.440041,0.154859,-0.0279293,-0.248104,0.0625088,-0.651341,-0.148413,-0.0595032,0.620314,0.304241,0.37264,0.148943,-0.262489,0.40189,-0.209321,0.419868,-0.423505,-0.0790416,-0.593377,-0.273148,-0.423846,0.557948,-0.517238,0.318966,0.289027,0.375304,-0.304981,0.519074,0.0206617,0.0378947,-0.175852,0.590942,-0.376078,-0.568791,0.768159,-0.414198
0.223141,0.374719,0.60767,-0.278574,0.0708391,-0.233129,0.715562,0.640069,0.442124,0.461787,0.594845,0.163791,0.297377,-0.462035,0.510571,0.176439,-0.335401,0.316149,0.274529,0.295735,-0.518057,0.951494,0.138217,0.0420034,0.0950909,-0.224299,-0.427828,0.50343,0.546794,0.231239,-0.563207,0.323884,0.18155,0.634819,-0.451972,-0.275767,-0.0458246,-0.458589,-0.516377,0.529497,-0.437466,-0.531011,0.367955,-0.0843372,-0.169395,-0.644885,0.243145,0.0898975,0.04976,0.591253
-0.235539,0.498913,-0.519415,-0.380297,0.314733,-0.53772,-0.165052,0.322797,-0.168007,0.0623989,0.189159,0.454834,0.197251,-0.0636075,-0.293379,-0.180792,-0.208538,-0.129474,0.0136013,0.58903,-0.212592,0.064952,0.486529,-0.556682,0.218484,-0.53114,-0.047422,0.00732006,-0.582632,0.275527,-0.309993,0.553262,0.117258,-0.117857,-0.301018,-0.217683,0.109862,-0.277858,0.528427,0.416204,0.372597,-0.0570373,-0.377462,0.603493,-0.315641,0.215698,-0.591918,0.145237,0.27049,0.488957
0.304705,-0.388459,-0.785611,-0.362831,0.469653,-0.4257,-0.304555,-0.866429,-0.361712,-0.454871,-0.620456,0.563873,-0.136065,0.628337,-1.14814,-0.254097,-0.144473,0.321691,-0.338602,-0.187378,-0.517379,-0.73574,-0.519796,0.748807,0.31875,0.329521,0.0418212,-0.38539,-0.23773,-0.889444,1.10034,-0.322932,-0.0989619,0.337981,0.631823,0.332723,0.199863,-0.150054,0.14672,-0.44754,0.0278282,0.591163,-0.256355,-0.728606,-0.520185,0.209221,0.109436,0.815965,-0.603813,0.516889
0.423358,-0.334353,-0.093892,0.151605,0.458669,-0.16166,-0.0319467,-0.144319,0.268933,0.330312,0.256941,0.28633,-0.0779118,-0.266022,0.0166782,-0.456499,-0.00731539,-0.310604,-0.265556,-0.0448583,0.402508,-0.388865,-0.574825,-0.397777,-0.394127,-0.378424,0.42221,-0.566159,-0.236689,0.166068,-0.471976,-0.0526887,0.41891,-0.477391,-0.229406,0.472452,-0.0285026,0.0311126,-0.0736521,-0.301527,-0.0339011,0.157675,-0.436343,-0.149084,-0.172766,0.470047,0.130619,-0.0202945,-0.375725,-0.47927
-0.143252,-0.22675,-0.281263,-0.367662,0.222833,0.430651,-0.384191,0.359562,-0.284495,-0.448894,0.139923,-0.292445,-0.345208,-0.375242,0.183362,0.357875,0.0510474,-0.284426,-0.0416348,0.078038,-0.056131,-0.167517,0.167063,-0.0817654,-0.03118,0.310808,0.343872,0.51069,-0.116129,-0.258332,0.142227,0.140534,0.0708443,-0.489107,0.0424356,0.107839,0.0560655,0.545011,0.103227,0.239975,0.590918,-0.106314,-0.0497228,0.481606,-0.163244,-0.0296874,0.363382,-0.0529403,0.0250777,-0.220777
0.184144,0.532331,0.211097,-0.0336416,1.04803,-0.057134,0.103646,-0.409192,0.536119,-0.46377,-0.0253484,0.250115,-0.38,0.61228,0.451423,1.01384,-0.680969,-0.869072,-0.773537,0.0896695,0.0676831,-0.441577,0.480868,1.05874,0.583987,0.715975,-0.322802,-0.24302,-0.845318,0.675593,-0.185234,-0.1651,0.453909,0.638364,-0.277398,-0.844234,-0.682526,-0.387933,-0.803544,0.26864,-0.107527,-0.171849,-0.132843,0.691739,-0.444249,-0.601596,-0.505282,-0.15293,0.300705,-0.967704
-0.184463,0.0457227,-0.0528455,0.59655,-0.421583,-0.0836459,0.392788,0.0598015,0.0516882,0.539285,0.0724293,0.353397,0.122934,0.480976,-0.856396,0.394668,0.727645,0.0265345,0.212315,0.54131,0.443677,-0.146516,-0.378697,-0.235521,0.216952,-0.596729,-0.196906,0.112093,0.102278,-0.671446,-0.345958,-0.568724,0.492298,0.0690027,0.393699,0.650588,0.48298,-0.116224,0.537218,-0.108207,-0.199009,-0.0446801,-0.458703,0.434811,0.0962922,0.0113984,0.505801,-0.348388,-0.332372,0.507404
0.637911,0.0548466,0.476936,0.28622,0.780396,0.718947,0.527602,-0.257073,0.155551,-0.299698,-0.715889,0.170543,-0.52209,0.246083,-0.661473,-0.0257428,0.21177,-0.169882,-0.597305,0.543041,-0.250603,-0.522255,0.335737,0.545373,-0.23525,0.333191,-0.29429,-0.895965,0.452019,-0.389913,0.476113,-0.459845,0.618472,-0.102459,0.663573,-0.263618,-0.0990021,-0.106114,0.684324,-0.18282,-0.286733,0.410342,0.393945,0.138671,-0.32958,-0.104343,0.0132299,0.610616,0.677973,0.207717
0.578573,-0.786149,-0.532903,0.351778,0.542803,0.297065,0.417248,-0.288107,-0.528865,-0.0242373,-0.0816456,0.350044,0.279401,0.309126,-0.315888,-0.937975,-0.332399,0.449317,0.293609,0.378594,-0.279284,0.627794,-0.351709,0.212625,0.0669374,0.722981,0.432411,0.304003,-0.262931,-0.696185,0.634516,0.528228,0.561771,0.316849,0.464425,0.385524,-0.181189,0.303623,-0.491323,-0.640741,0.569716,-0.581089,-0.242591,-0.463476,-0.324243,-0.196608,-0.317604,0.49899,-0.164894,-0.232241
0.568743,0.985091,-0.354696,0.443019,0.344694,0.318523,-0.140425,-0.0561785,0.0817223,-0.117155,0.108935,-0.0430113,-0.65883,0.888743,-0.829149,0.560479,0.15591,0.00245974,-0.0347994,0.416436,-0.808982,0.690671,0.591988,0.419047,-0.342783,-0.453529,0.158642,0.452358,0.424632,-0.764979,0.0214415,0.102507,0.434219,0.43103,-0.365507,-0.154397,-0.39268,0.667859,-0.767702,-0.531343,-0.74629,-1.12678,0.424238,1.26989,0.371716,-0.509865,-0.0189473,-0.375778,0.452929,0.342239
0.346415,-0.00475488,-0.168434,-0.271156,0.0417118,-0.520217,-0.267324,0.401735,0.200639,0.0212568,-0.357206,-0.103521,-0.554707,-0.279511,0.203638,1.00882,-0.661028,-0.499097,-0.0825881,-0.282257,0.493643,-0.850378,0.657033,0.221419,0.61182,-0.769719,-0.258563,-0.662683,-0.0314802,0.39224,0.0564208,-0.14642,0.554669,-0.190719,-0.118511,-0.303553,0.390622,-0.069843,0.642748,-0.230619,-0.159321,0.0212258,0.0117466,0.809112,0.407967,0.775828,-0.473869,-1.03397,0.673992,-0.332795
0.27336,-0.653251,-0.265869,0.171285,0.128214,0.239426,0.118251,0.375559,-0.425946,0.49856,-0.249409,0.0183831,0.429061,-0.319265,-0.301608,-0.141012,0.633199,-0.134578,0.697141,0.0859921,-0.68325,-0.0105327,-0.538726,-0.404077,-0.235232,0.0824246,-0.148706,0.206177,-0.273987,0.133744,0.223234,-0.24252,0.344362,0.319025,0.569055,-0.432241,0.339256,-0.420129,0.33088,-0.417619,0.404431,0.345476,-0.329968,-0.609076,-0.33247,-0.285613,0.144014,-0.0898643,0.19103,0.320055
-0.0223818,-0.658923,-0.337949,0.706827,0.618747,-0.615271,0.839693,1.04893,-0.0676489,-0.140292,-0.240293,-0.930622,-0.755171,-0.45372,1.0434,0.70142,0.0715069,-0.510208,-0.184645,-0.207974,0.890093,-0.844316,0.164729,-0.226457,-0.501888,-0.786585,-0.00418631,0.622963,-0.105088,-0.162645,0.0862148,-0.53954,0.690855,-0.0284488,0.562324,-0.918543,-0.312221,-0.38088,-0.310614,-0.0107504,-0.0951632,-0.123834,-0.555307,0.576388,-0.31756,-0.155198,0.254803,-0.0918885,0.72337,0.311046
0.0311432,-0.773753,0.359927,0.50151,0.573862,0.189158,-0.590026,-0.341669,0.174941,-0.928019,-0.618208,-0.507891,-0.366795,0.341632,0.548137,0.26594,-0.219071,0.0196523,0.702955,0.880457,0.625277,-0.609944,-0.776703,-0.00856718,-0.220441,-0.0282205,-0.333299,-0.734183,-0.442286,-0.636831,0.320611,-0.256971,1.00446,0.517045,0.815654,-0.518828,0.668432,-0.692762,-0.424719,-0.74417,0.733077,0.646452,0.3179,-0.0741656,-1.07446,-0.313077,-0.250932,-0.839171,0.0831069,-0.411136
-0.272756,0.630423,-0.204677,0.237765,0.521082,-0.227357,-0.197264,0.219466,-0.170042,-0.182438,-0.38263,0.563657,-0.534544,0.378997,0.124596,-0.29464,0.299589,0.336731,-0.623285,-0.324605,0.312111,-0.204873,-0.206384,0.448576,-0.0231704,-0.133815,-0.266504,-0.481002,0.47674,0.391562,0.303205,0.488073,0.122836,-0.363161,0.157491,-0.285824,-0.440997,0.141233,0.0324367,0.263377,0.365821,0.340509,0.185668,0.461835,-0.0538526,-0.0719796,0.365485,0.0161517,-0.407201,-0.350103
-0.472746,-0.072459,0.14453,0.282731,0.37787,-0.485398,-0.314965,-0.34673,-0.25422,-0.164684,0.257898,0.287472,-0.381071,-0.158731,0.114283,0.189722,0.125261,0.199795,-0.213537,-0.471078,-0.414549,0.0130409,-0.221946,0.153461,0.115219,0.382956,-0.0980532,-0.291847,0.323551,-0.051013,0.460108,0.310294,-0.0538259,-0.201136,-0.435621,0.0863042,-0.440443,0.323466,-0.360234,-0.414204,0.172746,-0.218075,0.0145546,-0.0848017,0.040313,0.41297,-0.220034,0.347319,0.0216409,0.199482
0.134406,0.167585,0.3321,-0.447289,0.404446,0.84435,0.00660071,-0.698981,0.106044,-0.458635,0.268685,-0.19825,-0.142972,0.587032,-0.466385,0.222438,0.617377,-0.0604476,-0.998853,-0.0191402,-0.437957,-0.127831,0.15263,-0.140598,0.260499,0.0950892,0.32749,0.658066,0.636607,-0.666687,-0.352429,0.288044,-0.325048,-0.233693,-0.195255,0.34783,-0.274541,0.350802,0.23134,-0.068756,-0.794418,-0.528808,0.234408,0.0931273,-0.220842,0.034596,-0.258041,0.772993,0.729246,-0.0591227
-0.0174864,0.438121,-0.168922,0.165333,-0.0893991,-0.314567,-0.104212,-0.218619,0.726086,-0.180741,-0.360743,0.281699,0.393246,0.0736169,-0.0561359,-0.503187,-0.601576,-0.418767,0.490863,0.371827,-0.693069,-0.457249,0.28213,-0.341916,0.623882,0.466045,-0.269213,0.191905,-0.302086,-0.0755207,0.736417,0.362487,-0.354098,0.666062,-0.0247247,-0.119729,-0.113436,-0.126156,0.313627,0.584625,0.321914,0.00797363,-0.299004,-0.384529,-0.367992,0.332644,-0.632105,0.145971,-0.470084,0.301598
-0.190915,-0.308089,0.532304,0.113193,-0.839397,0.0790014,-0.113707,0.60513,0.122744,-0.129704,0.615205,0.519152,0.230583,-0.354054,0.402519,-0.6891,-0.581534,0.132248,-0.230125,-0.918388,-0.255232,0.7201,-0.105546,0.119027,-0.0174407,-0.127846,-0.0930188,0.507721,0.437908,0.68648,0.151859,0.305755,-0.785672,-0.231603,0.17407,0.0829349,0.292016,-0.143896,-0.114869,0.26902,0.193253,0.0500686,0.691784,-0.572648,-0.671219,-0.326419,0.0649635,-0.050912,0.479803,0.122042
0.346511,-0.0878792,0.737747,-0.348537,0.0526025,0.46829,-0.215802,0.390274,0.399631,0.571657,-0.170407,0.321085,0.110973,-0.112114,-0.725815,0.137988,0.337918,-0.331948,-0.470629,0.0528651,-0.383341,0.197983,0.722235,0.875095,-0.408336,0.0946035,-0.171409,-0.0776268,0.201508,-0.243244,-0.50766,-0.537725,0.31898,0.0437329,-0.529585,0.439104,-0.26421,0.545435,-0.320945,-0.37141,-0.615414,-0.718554,-0.0461338,0.440363,0.116537,0.0908472,0.204071,0.184924,0.169702,0.256487
0.301282,0.717233,-0.214054,-0.600112,-0.0988986,0.680905,-1.03768,-0.162342,0.567536,0.496633,0.743279,-0.185783,0.200646,-0.368578,0.954187,-0.778638,-0.441853,0.499593,-0.0303349,-0.976543,0.898837,0.33737,0.257833,-0.573792,0.454914,-0.435716,-0.432118,1.13146,0.665745,0.941866,-0.556144,-0.0746761,-0.427605,-0.0537032,0.15196,-0.0136285,0.308906,0.727924,0.0685918,-0.278943,-0.106019,-0.436087,-0.181517,0.216543,0.289733,0.579863,-0.0207454,-0.576053,0.575505,-0.423979
-0.493988,-0.203376,0.302717,-0.440494,-0.613598,0.115165,0.530791,0.35716,0.427946,-0.22158,-0.530016,0.579699,-0.0572713,0.300227,-0.106153,0.481692,-0.521037,0.702587,-0.320763,0.487909,-0.0932796,0.62876,0.119226,-0.452577,0.101919,-0.681575,0.370904,0.260093,-0.427296,-0.402503,0.0741267,0.313953,0.0550833,0.0851791,-0.591626,0.55452,0.515168,0.262387,0.261074,-0.162506,-0.226545,-0.549963,-0.107939,-0.482364,0.0972557,0.0423943,-0.496169,-0.195631,-0.754008,0.691059
0.383959,-0.934803,-0.0772901,0.3824,0.411154,-0.109843,0.0763712,-0.432207,-0.725379,-0.324333,0.0128175,-0.592538,0.0597556,0.658981,-0.0607885,-0.0585911,0.921408,-0.383707,-0.0972667,-0.065862,-0.616609,-0.088331,-0.625593,-0.251064,0.504255,0.737863,0.166323,-0.651449,-0.190398,-0.919,0.421442,-0.502768,0.409364,0.801834,-0.308307,0.841155,0.0470633,-0.100914,-0.253209,-0.667391,0.495123,0.299477,0.117305,-0.522195,0.372851,0.180943,-0.145528,-0.409075,0.260202,0.183969
0.40546,0.0524925,0.117062,-0.354602,-0.374478,-0.286898,0.50152,-0.0951819,-0.117003,-0.384368,0.395863,0.168748,-0.0088894,-0.444341,0.307638,-0.217412,-0.389971,-0.00187929,-0.0262439,0.44553,0.340438,0.148446,-0.268178,-0.406789,-0.309853,-0.474055,-0.192081,0.414562,0.0992313,0.474282,0.504162,-0.465414,0.316811,0.451815,-0.222592,0.368022,-0.139984,0.193652,-0.652047,0.151051,0.548993,0.487243,-0.117651,-0.272805,-0.374252,0.171817,0.0894135,0.231031,0.494485,0.394883
-0.33354,-0.121582,-0.706112,0.748459,0.278844,-0.467647,-0.125074,0.480469,0.0209741,-0.350223,0.247308,-0.722446,-0.402665,0.286232,-0.235319,0.334479,0.432698,0.0670013,0.115133,-0.314627,0.526043,-0.362885,0.157549,0.243022,-0.130739,-0.919491,-0.152674,0.196553,0.104028,0.248897,0.115431,-0.0327747,0.0664433,-0.666253,0.556218,-0.58215,0.354479,0.380755,0.492881,0.40209,0.592557,0.451902,-0.889841,0.515209,-0.348793,0.837961,0.1954,-0.761746,0.0833825,0.068785
-0.349601,0.882132,0.680215,0.210171,-0.210147,-0.171823,-0.500382,-0.648436,0.898858,-0.316338,-0.657507,-0.521233,0.0369978,0.279473,0.0639798,0.855054,-0.875807,-0.544392,0.239244,0.392422,0.284253,-0.298775,0.689409,0.0376635,0.757553,0.15883,-0.281731,0.340543,0.215124,1.06336,-0.129637,0.132406,0.192315,-0.248824,-0.222616,0.317442,-0.66204,-0.667285,0.285891,0.597385,-0.175667,-0.706023,-0.0343365,0.363665,0.565311,-0.150037,-0.148861,0.0324748,-0.0108107,-0.464011
0.435302,0.0743485,0.137411,-0.156967,-0.481588,0.184547,0.311173,0.0941883,0.0249689,-0.305206,0.213729,-0.37874,-0.438303,0.0869993,-0.235514,0.17706,0.427025,0.502394,-0.240437,-0.17386,0.238428,-0.286939,0.188193,0.177678,-0.231133,0.208306,-0.359203,0.0399437,0.0953651,-0.219675,-0.366062,-0.0293692,-0.0181031,0.00895616,-0.177921,-0.11494,0.22573,0.0110458,-0.0229921,0.127161,-0.219751,0.451422,0.363489,0.408524,0.183732,0.542288,-0.316324,0.497901,-0.350202,-0.230893
0.219755,0.3091,0.298628,-0.39608,0.351827,-0.272351,0.46557,-0.0521994,0.238571,-0.451133,0.548341,-0.00819069,-0.36312,0.12605,0.17955,-0.0926936,0.260466,-0.427618,-0.461495,-0.425477,-0.616114,-0.16159,0.469942,0.604623,0.289282,0.559104,0.348373,0.403689,0.482031,-0.275425,0.604454,-0.917075,-0.539441,0.304867,0.349474,-0.373306,-0.428256,0.189194,-0.976327,-0.584591,0.245916,-0.0601881,0.120531,-0.475484,-0.254422,-0.336451,0.341522,-0.265573,0.74733,0.0483029
-0.21219,-0.0604987,-0.377883,0.633816,0.261773,0.0405995,-0.17963,-0.339165,0.418516,-0.0491006,-1.05698,-0.346088,0.0324671,0.460448,-0.221248,0.358107,-0.149931,0.505987,0.443554,0.604267,-0.0287234,-0.154188,-0.259806,0.659184,-0.15287,-0.250822,0.14916,-0.703398,-0.203916,0.304221,0.325678,0.644438,-0.279485,0.0696078,0.702162,-0.322711,-0.0494198,-0.51271,0.155396,0.387653,-0.315548,0.725811,-0.664242,0.395565,0.0194887,0.342256,-0.454665,0.0552469,0.136885,-0.305694
0.805287,-0.589775,-0.701621,0.516243,1.00573,0.704464,-0.348352,0.380605,-0.111921,0.09213,0.231327,0.663019,0.114427,0.284063,0.116978,-0.917971,0.116444,-0.505981,-0.359365,0.336686,-0.532472,-0.569841,-0.471673,-0.214576,-0.117287,-0.295996,0.191234,-0.346726,0.358165,-0.0142375,0.772617,0.294207,-0.339591,-0.256764,0.27424,-0.723384,0.559962,1.18711,0.134437,-0.00194325,0.601495,-0.343313,-0.870536,0.318247,-0.559477,-0.473468,0.59324,0.139225,-0.625841,-0.295128
-0.384463,0.198155,-0.585213,0.0994474,-0.179407,0.143558,0.39663,0.322769,0.55063,0.256724,-0.0857964,-0.186796,-0.153172,-0.394239,0.0544497,0.586442,-0.686849,0.162783,-0.378878,-0.392115,0.050586,0.283136,0.0575652,-0.0415547,0.151095,-0.232032,0.369489,-0.0356181,0.375587,0.3918,-0.442205,0.399325,-0.558927,-0.580933,-0.396086,-0.0624,0.499853,-0.301869,0.372818,0.978089,-0.324453,-0.46831,-0.694101,0.2623,0.143187,0.594912,-0.566373,-0.284391,0.0550763,0.272106
-0.213507,-0.345948,-0.3437,-0.385195,-0.225657,0.282039,0.306083,-0.266362,0.066688,-0.0821051,0.471779,0.288151,-0.295179,-0.456812,-0.373563,0.124111,0.17943,0.235763,-0.0738488,-0.0818159,0.171136,0.106725,0.509328,0.0277719,0.209014,0.100959,0.182427,0.461315,-0.0437922,0.00551613,0.356192,0.0524875,0.330423,-0.0300151,-0.459378,0.0128548,0.453689,-0.153035,0.128186,0.159638,-0.048145,-0.0655016,0.117908,-0.355441,-0.425567,0.287886,0.406636,-0.417877,-0.17825,-0.240715
-0.195653,-0.466475,0.057695,0.35731,0.22975,-0.404255,0.247493,-0.143288,0.45571,0.500959,-0.246956,0.24253,0.313878,0.0530577,-0.471507,-0.275609,0.465039,0.0755634,0.0156341,0.245898,-0.130723,0.253805,-0.277543,-0.326985,-0.173591,0.021977,-0.405116,0.205589,-0.0201144,0.0441583,-0.174059,0.0432087,0.186675,-0.406832,0.226808,-0.113809,-0.197336,-0.235613,-0.195648,-0.196421,0.432469,0.449916,-0.109537,-0.124941,-0.314784,0.130306,-0.489485,-0.36512,0.339746,-0.428721
0.26724,0.0635844,-0.49755,0.32638,-0.450315,-0.594096,-0.449346,0.704461,-0.427873,0.0231315,-0.000365623,-0.854855,0.0155048,-0.426042,0.299807,-0.0487323,-0.353277,0.00462583,0.151949,-0.484503,0.693098,-0.868868,0.151953,0.322979,-0.127036,-0.624758,-0.047115,-0.72114,-0.0797739,0.527482,-0.356113,0.376762,0.473067,0.27467,-0.351994,-0.344102,0.515311,-0.0209019,0.0199504,-0.311775,0.664558,0.725827,-0.233299,0.0272225,0.0210732,0.225388,0.418691,-0.845025,0.456163,-0.0672629
-0.316973,-0.133443,0.0270459,0.277993,-0.283933,-0.45734,-0.192118,0.0144116,-0.269788,-0.357166,0.332744,0.0256624,0.105904,-0.108616,0.187079,0.155867,-0.26046,0.353412,0.0232945,0.293965,0.0824747,0.26975,-0.482919,0.0825729,0.271674,0.24247,-0.0118197,0.436065,0.211658,-0.381953,0.380749,-0.479853,0.209866,0.00311125,-0.196009,-0.176874,-0.0290054,0.428742,0.494105,0.404901,0.388328,-0.36881,0.233946,0.0930084,-0.126529,0.217433,0.0850489,0.0593865,-0.0662673,-0.199096
-0.068854,-0.61503,0.722432,-0.882659,-0.0966173,0.588064,-0.940866,-0.876014,-0.265365,-0.55566,0.230531,0.525098,1.06208,0.149277,0.110241,-0.536573,-0.257829,0.81056,0.643815,-0.259926,0.65588,-0.471461,-0.6083,0.0761063,0.645902,-0.140314,0.449755,-0.0733296,0.29857,0.77313,0.609602,0.564819,-0.0973229,-0.404983,-0.180442,0.799642,0.347229,-0.523034,0.738059,-0.612223,0.577123,0.334321,0.35722,-0.988673,0.0157917,-0.335013,0.240339,0.0943358,-0.464473,-0.215177
-0.593504,-0.116061,0.0164707,0.598024,-0.391553,-0.229096,0.359262,0.477466,0.0400408,0.102726,-0.472298,-0.403181,0.368997,-0.510624,-0.456181,0.566679,-0.26434,0.271867,0.0745568,0.125769,0.256741,-0.435774,-0.177281,0.238267,-0.459752,-0.911154,-0.022158,-0.465508,-0.231707,0.316563,-0.173831,-0.155157,0.0428862,-0.0641519,0.027118,-0.136261,0.515463,0.174646,0.231261,-0.466348,0.05994,-0.00143207,-0.0776345,-0.289212,0.0823424,0.00618199,0.333258,-0.083089,-0.710667,0.484368
0.45838,0.528943,0.713148,0.40138,0.133911,0.0556779,0.836108,-0.341749,-0.494116,0.500647,0.321603,-0.397237,-0.455048,-0.19279,0.343147,-0.0905342,-0.204363,-0.804814,-0.614659,0.210658,-0.497905,0.564201,-0.114559,0.246895,-0.137976,-0.32007,0.293225,0.605656,0.214323,0.0320695,-0.397867,-0.730526,-0.00129186,-0.21856,-0.679043,-0.34135,-0.905223,0.0693395,-0.0536526,-0.0693331,-0.350003,-0.1333,0.670423,-0.200923,0.587555,-0.627625,-0.212914,0.504992,0.702093,0.592927
-0.234373,1.19174,0.465055,-0.0506473,-0.0226697,0.625323,-0.511163,-0.134272,0.921412,-0.352908,-1.09912,-0.0665806,-0.669346,0.0670378,0.0874036,0.411469,-0.534451,-0.164507,-0.644267,0.0677505,-0.477752,-0.338453,0.81098,0.497273,0.931564,-0.707419,-0.546325,0.0280563,-0.0278773,-0.410787,-0.0749501,-0.140401,-0.245228,0.208007,-0.582162,-0.114498,-0.41801,0.0738699,0.532132,0.0167207,-0.360216,-0.529174,0.323176,1.04663,0.712219,0.128185,-0.246585,0.0773372,-0.231147,-0.457119
0.464942,0.53845,0.891945,0.0355917,-0.701968,0.693171,0.31136,0.687808,0.553314,-0.371949,0.280381,-0.445262,-0.0156036,-0.483431,0.25572,0.612056,0.0781977,-0.202369,-0.370979,-0.472993,-0.126294,-0.127616,0.369288,-0.108803,0.245527,-0.574939,-0.317016,0.25796,0.303156,0.796133,-0.875735,-0.245569,-0.079963,-0.240472,-0.735145,-0.190431,-0.734493,-0.16891,0.108008,-0.357837,-0.155892,-0.37407,0.566568,0.317856,0.914429,-0.534045,0.449678,-0.424605,0.442372,-0.592021
-0.099289,0.423139,0.139503,-0.196174,-0.271382,0.27972,-0.644087,-0.217759,0.525424,-0.483597,-0.5359,0.0832488,0.197245,-0.656274,0.690539,-0.309515,-0.387594,0.285799,-0.363163,-0.152504,0.132481,0.312921,0.568785,-0.224258,0.528709,-0.163912,-0.262678,0.111132,-0.340836,0.690348,-0.595146,0.247749,0.052353,-0.224436,-0.565435,0.731816,-0.141681,-0.366354,0.358738,0.0774203,0.0315046,-0.00744244,0.487805,-0.513099,0.503843,-0.0969881,0.0509155,0.510534,0.112252,0.159487
-0.584168,0.0819656,-0.408491,-0.330901,-0.100686,0.142687,0.00610473,-0.641898,0.432679,0.408511,-0.460896,-0.508871,0.189618,0.395904,0.476219,0.207489,-0.630844,0.603977,-0.284635,-0.0183427,0.193398,0.173736,0.705878,0.263582,0.819337,-0.412545,-0.175769,0.119947,-0.567268,0.362819,-0.334028,0.249031,0.203543,0.795062,-0.123274,0.797286,0.458006,-1.01188,-0.198892,0.601234,0.0758407,0.163084,0.215427,-0.00810487,0.416396,0.0264342,0.0399826,-0.165303,-0.741902,0.293317
0.178711,0.310917,-0.468681,-0.183607,-0.08245,0.168711,-0.212863,0.27899,-0.546053,-0.61021,-0.255248,0.0296415,-0.268536,-0.100781,0.434715,-0.234872,0.621961,-0.000832258,0.134569,0.28871,-0.442281,0.193913,0.0632714,-0.222493,-0.430233,-0.062146,-0.120769,-0.239519,0.496178,0.0274112,0.10579,0.206891,-0.263489,0.491589,0.591346,-0.394307,0.342095,0.214759,-0.0827315,-0.0888629,-0.144669,-0.234188,0.537556,0.347251,-0.278392,0.38305,0.139194,0.0251099,-0.00033768,0.608593
0.339046,0.888526,0.00726835,-0.502798,-0.265169,0.803539,0.217672,-0.58561,-0.182988,0.147142,-0.305697,0.239611,0.178842,0.176517,0.2777,-0.638844,0.756649,-0.238705,-0.475833,0.0819719,-0.182762,0.244205,0.493297,0.406835,-0.192207,-0.222029,0.0419474,0.0199011,-0.0270022,0.194865,-0.595675,-0.571665,-0.207322,0.130602,-0.414754,-0.186485,0.128781,0.564451,0.239864,-0.619469,0.135955,0.274512,-0.848347,0.982085,0.839658,0.849488,0.0487487,0.723189,-0.201676,0.400163
-0.00701929,-0.272099,0.507489,-0.676064,-0.349864,0.116245,-0.810061,-0.109968,-0.511705,0.976561,-0.252925,0.287788,0.0377475,-0.0961,0.0949312,-0.42552,0.15841,-0.259958,0.900982,-0.461625,0.333439,-0.0608902,-0.678495,-0.238186,-0.608872,0.0246475,0.000210451,-0.416058,0.059582,0.274434,0.26181,0.669697,0.231184,-0.364256,-0.376317,0.617109,0.304082,0.0478404,0.607574,0.20631,0.348473,-0.193978,-0.66645,-0.296783,0.813259,-0.121283,0.167478,0.379373,-0.284604,-0.753803
0.707902,0.104857,-0.29338,0.628521,0.354382,0.316161,-0.025744,0.065842,-0.101395,-0.19362,-0.294861,0.000676315,-0.0325165,-0.409282,0.200394,0.000943547,0.100751,-0.389329,-0.215223,0.193558,-0.4732,-0.732738,-0.777059,0.565827,-0.0409767,0.62764,0.193367,-0.225518,0.499179,0.0864931,0.100687,0.129593,0.197471,-0.49206,0.266345,-0.232773,0.286392,0.850668,0.262363,-0.135886,-0.393005,-0.280342,-0.129006,0.181011,0.234945,0.463072,-0.112777,0.881071,0.268218,-0.583078
0.314588,-0.53385,-0.25711,0.206616,0.68239,-0.47359,-0.747183,-0.690801,-0.0284126,0.540075,-0.667237,0.346549,0.886854,0.414444,-0.206812,0.394222,0.0233037,-0.398089,-0.165196,-0.177084,0.263577,-0.343248,0.280022,-0.447186,0.74852,0.0118219,0.5354,-0.379059,-0.36264,-0.241658,0.94691,0.349378,-0.536736,-0.416481,-0.000346105,0.316762,0.448788,-0.245244,0.105752,-0.265575,0.0880702,0.151398,-0.104571,-0.530815,-0.197515,0.528815,0.167455,0.525869,0.531666,-0.141872
-0.716777,0.41526,0.0724951,-0.73055,-0.680384,0.0712063,-0.413724,-0.353806,0.424111,0.540744,-0.762507,0.245151,0.615184,0.125872,-0.542075,-0.576393,0.052005,0.437428,0.678158,0.567429,-0.869102,0.456417,-0.056278,0.0855895,0.459018,0.596188,-0.36691,0.114269,-0.416295,0.0522304,-0.223047,0.711226,-0.388106,0.537748,0.246871,0.11563,-0.27627,0.271018,0.0466712,-0.0259357,0.162923,-0.0288505,-0.283414,0.173082,-0.430731,-0.320699,-0.444789,0.420774,-0.598254,-0.026603
0.0109248,0.0916186,0.301484,0.0671073,0.382208,0.47137,0.294755,-0.449077,-0.477872,0.645907,0.303367,-0.170297,-0.170888,0.491293,-0.531615,0.114167,0.270302,-0.210989,-0.573218,-0.471719,-0.604324,-0.258422,-0.249459,-0.443855,-0.332284,0.417742,0.580484,-0.109992,-0.0680612,0.389178,-0.377028,-0.65378,-0.033898,-0.633711,-0.871532,0.788838,-0.762763,0.191776,-0.127578,-0.182694,0.224054,0.26011,0.164521,0.28203,0.723435,0.181822,-0.028595,0.319852,0.942285,0.331968
0.526458,-0.13029,-0.405162,0.361297,0.216458,-0.159995,0.513919,0.056893,-0.925792,0.127752,0.723733,0.431887,-0.163735,-0.627637,-0.264941,-0.942279,0.548962,-0.323853,-0.481377,-0.318664,0.525222,-0.118704,-0.217339,-0.682554,-0.466828,0.139666,-0.124595,-0.130152,0.632882,-0.429272,0.287332,0.0189935,-0.872802,-0.668182,0.469587,-0.236044,0.0734224,0.676514,0.774335,0.413006,-0.367519,0.232669,-0.117249,0.156913,-0.0109797,-0.23177,-0.159934,0.254121,0.313765,0.93465
0.430511,-0.517484,-0.0597473,0.0199985,0.0422055,-0.200777,0.237108,0.336495,-0.0225988,0.00572904,0.186239,-0.389,-0.502831,0.272127,-0.231992,0.249649,-0.457289,0.720194,-0.582915,-0.450392,0.161937,-0.334382,0.279725,0.470145,0.469121,-0.795188,-0.0171127,-0.597453,-0.138197,0.596586,-0.390885,-0.579272,0.826942,0.000475852,0.454918,-0.676296,0.715616,0.336128,0.303935,0.23703,0.460146,0.250857,0.0961641,-0.0644337,-0.520806,0.531473,0.622731,-1.2495,-0.225271,-0.291184
-0.234526,-0.0822301,0.421062,0.333002,-0.304254,0.168655,-0.189959,-0.096864,-0.427963,0.480025,-0.190064,0.499859,0.529763,-0.460845,0.418994,0.250104,0.247981,-0.195777,-0.0349082,-0.23227,-0.640515,0.635934,-0.083504,-0.51907,-0.250334,0.66371,-0.428873,0.436542,-0.62471,0.175607,0.181459,0.136657,-0.542435,0.491356,-0.508181,-0.242041,0.368943,-0.307827,0.202381,0.219597,-0.265285,-0.615373,-0.0526682,0.0479292,-0.0363531,0.0835533,-0.664446,0.271286,0.368415,-0.412894
-0.157172,0.529869,0.85053,0.337118,-0.11701,-0.204178,0.000597578,-1.17106,-0.353149,0.000509383,-0.130271,-0.404615,0.683701,0.873885,-0.580063,0.251062,0.790381,0.632277,-0.325035,0.377768,-0.818837,-0.250844,-0.100291,-0.250382,0.710044,0.41391,-0.282504,-0.623527,-0.692111,-0.220037,0.119827,-0.679148,-0.0473258,0.83037,0.228397,0.660098,-0.752901,-0.149172,-0.0929009,-0.62423,-0.357128,0.780793,0.746558,0.247263,-0.263946,0.77647,-0.351098,0.560883,0.287131,0.843617
-0.294185,-0.374831,0.896764,-0.322031,0.0563752,0.235917,-0.750873,0.0977529,0.442817,-0.483743,-0.946428,0.311032,0.231199,0.0299504,0.267871,-0.0397983,-0.309168,-0.807233,-0.181043,-0.0406635,-0.296702,-0.179246,0.16879,-0.507209,0.713227,-0.00632491,0.372442,-0.508244,-0.254278,0.706773,0.408895,-0.0296219,0.220469,-0.313247,0.2405,-0.446447,-0.459012,-0.351188,-0.0908715,0.377975,0.272925,0.672015,0.668403,0.0702625,-0.13462,-0.487721,-0.803977,0.0275083,0.567976,-0.104124
-0.281292,-0.745198,-0.567651,0.666794,0.103097,0.778919,-0.848025,0.374737,-0.120138,-0.735186,-0.084078,0.0613222,-0.156841,-0.545923,0.552651,-0.728398,0.504926,0.156279,0.652118,-0.583689,0.372626,-0.192936,-0.131349,-0.20295,-0.0847137,0.569307,-0.165382,0.423557,0.243518,0.14059,0.298917,0.417973,0.410828,-0.104492,0.239776,0.192658,0.213775,0.0454287,0.522203,-0.254955,-0.172681,0.572524,-0.207238,0.284904,-0.201367,-0.133838,0.228721,-0.0432287,0.256455,-0.720921
-0.10786,-0.445458,-0.388021,0.44763,0.318941,-0.386935,0.205336,0.143336,0.0626096,0.562813,-0.254735,-0.220312,0.0844347,0.236594,-0.333081,0.036019,0.355467,0.164008,0.426029,0.195312,0.466394,0.16482,0.32953,-0.0321168,-0.385208,0.353931,0.200213,-0.431365,-0.0804534,-0.514268,0.32317,-0.0865236,-0.451854,-0.570162,0.310461,-0.153258,0.365635,-0.429811,-0.221775,0.311731,-0.267534,0.227842,0.11741,-0.015384,0.0345171,0.356411,0.473258,-0.540465,-0.30488,0.126257
-0.0711026,-0.436813,0.18315,-0.630745,-0.580496,0.55349,-0.61749,0.0694006,0.0847752,-0.682708,0.40314,0.485235,0.655443,-0.0390464,0.438227,-0.755232,-0.0699293,-0.170056,-0.432294,-0.743071,0.543588,0.461624,-0.19969,-0.202044,0.685813,0.792746,-0.33176,0.850006,-0.216149,0.422821,-0.285253,-0.345994,-0.538763,-0.259513,0.0110867,0.723525,0.527031,0.323827,0.585061,0.129427,-0.231935,-0.370681,-0.12205,-0.594776,-0.568153,0.359614,0.386758,0.051579,0.821286,-0.621508
0.649577,0.186295,0.160339,-0.213495,0.0850092,0.248675,0.555024,-0.379851,0.443939,-0.447637,0.622184,0.197911,-0.0194059,0.744819,-0.617047,0.401831,0.408616,0.279726,-0.803264,-0.259237,-0.203861,0.341391,0.00747092,-0.519132,0.174403,0.396607,-0.0641012,-0.0522456,-0.348841,-0.745874,0.454745,-0.392899,-0.416187,0.640623,0.331292,-0.513166,-0.489442,0.247663,-0.668416,-0.433704,-0.180634,0.622847,0.0404648,0.32962,-0.46623,-0.335439,0.460244,0.0744658,0.467251,-0.19902
0.488886,0.542084,0.102663,0.252012,0.136484,0.0107012,-0.49536,-0.424643,0.0261982,-0.499045,0.555968,-0.305159,0.213176,-0.342377,-0.837411,0.196829,0.128079,0.341249,-0.255361,0.420508,0.154783,-0.482303,-0.148198,0.231341,-0.607301,0.492234,-0.2363,0.51109,-0.21305,-0.477607,0.663361,0.393494,-0.458407,0.252787,0.39371,-0.0403085,0.0902351,0.710505,-0.233561,0.295646,-0.14649,-0.779389,-0.573843,0.324616,0.385225,-0.343017,0.458852,0.0333448,-0.862745,-0.385435
0.822147,0.0639478,0.155586,0.974167,0.696085,-0.452993,0.0287378,1.02481,-0.320628,0.194953,0.0364663,-1.04024,-0.554539,-0.0170812,-0.0613316,0.785199,0.533551,-0.984831,0.612193,0.748911,-0.0585401,-0.171614,-0.322391,0.102498,0.113816,-0.15349,0.542095,-0.146674,0.248733,0.201408,-0.627965,0.105982,0.301792,0.733424,-0.166956,-0.772985,-0.605139,0.0894674,-0.799346,-0.0818247,-0.0837507,-0.699263,0.116744,0.896491,0.236704,-0.427079,0.542116,-0.793374,0.596978,-0.347144
0.255926,0.793891,0.0308742,0.196912,-0.144098,0.139617,0.0415514,0.812316,0.256961,0.683171,0.220187,0.00308656,-0.0583357,0.203804,0.525412,0.607027,-0.459756,0.354715,-0.543777,-0.852687,0.690813,0.56443,-0.357477,-0.456558,-0.408702,0.377226,0.479163,0.49325,0.39998,0.580608,-0.22723,0.366345,-0.332847,-0.201135,-0.710408,-0.0972042,0.436343,0.273489,0.277288,0.433226,-0.145617,-0.848208,-0.0473018,0.271395,0.222828,-0.55179,0.301399,0.199738,0.582701,-0.538649
-0.400718,0.121638,-0.753495,-0.0622527,0.317563,-0.714811,0.184615,0.149487,-0.172893,0.157581,0.125265,-0.447268,-0.313394,0.127594,-0.13264,0.0637548,0.297913,0.0860889,-0.284654,0.65638,-0.773993,0.748626,0.787861,-0.700581,0.20194,-0.141041,-0.310808,-0.235495,-0.351028,0.24476,-0.349712,-0.252715,-0.6115,0.752086,0.148907,0.520525,-0.587118,-0.768451,-1.22342,0.831908,-0.0954091,-0.271024,0.162061,-0.28834,-0.11728,0.668282,0.266775,0.193138,0.0024224,0.927968
-0.627415,0.283004,0.440847,-0.849375,-0.905349,-0.330196,0.249713,-0.485549,0.312399,-0.174152,0.216825,0.872464,0.540962,0.0643904,-0.94992,-0.198481,-0.0375484,0.998002,-0.374912,-0.395356,-0.481407,-0.0214156,-0.671281,0.387413,0.386735,-0.40395,0.0981463,-0.32599,-0.451722,-0.353873,0.470618,0.364009,-0.594023,-0.162877,-0.0888765,0.670926,0.787312,-0.331784,0.65457,-0.310672,0.467094,-0.203134,-0.439614,-0.786252,0.35914,-0.603461,0.431386,-0.301487,-1.0058,0.223517
-0.350094,-0.520328,-0.0215188,0.517008,-0.177955,-0.178653,0.266156,0.283384,0.200855,0.201849,0.198528,-0.587662,-0.336587,-0.121466,0.526466,-0.210382,-0.514252,0.108419,0.299745,0.807592,-0.44241,0.480538,-0.0890972,-0.15996,-0.136919,-0.0846837,-0.367608,-0.410172,-0.665425,-0.36084,-0.486533,-0.237405,0.602522,0.580391,0.296139,-0.225584,-0.259452,-0.977429,-1.01249,0.803931,-0.160515,-0.63251,0.747425,-0.434286,0.0103926,0.113066,0.607447,-0.69425,-0.251366,0.270924
0.205876,-0.536541,-0.147159,-0.684972,0.45057,-0.237607,-0.69117,-0.200013,0.0474251,-0.342179,-0.853155,-0.230701,0.757317,0.0541596,0.341404,0.520119,-0.912408,0.724849,0.561007,-0.111335,0.487981,0.40976,0.180855,0.472391,0.367694,0.131343,0.123789,-0.390863,-0.219411,0.412469,0.0789403,-0.0450996,0.78987,0.48581,0.464526,-0.109837,0.728664,-0.189396,0.0134492,0.348539,0.269397,-0.404652,0.114823,0.0419109,0.458272,-0.152373,0.119428,-0.749,-0.865703,-0.185966
-0.111155,-0.71583,-0.129489,0.571746,-0.174746,-0.41141,-0.310226,-0.00707091,0.316103,-0.194246,-0.0161531,0.188882,-0.086678,-0.820371,0.388229,-0.989942,0.746171,-0.02445,0.693978,-0.348683,-0.168097,0.515708,-0.941427,-0.737233,-0.137572,0.741945,-0.506331,-0.207742,0.521492,-0.383805,0.462129,0.209602,-0.895185,-0.689072,0.253139,-0.207875,-0.343085,-0.443153,0.337211,-0.196168,0.38342,0.222349,0.538239,-0.36875,-0.454512,0.209388,-0.410497,0.894817,0.0458607,0.879746
0.493384,-0.356533,-0.172865,0.694957,-0.522584,-0.0282877,0.383781,-0.0645127,-0.335553,0.545008,0.622607,-0.7855,-0.638379,-0.091893,-0.0258311,-0.410282,0.819924,-0.33249,0.235352,-0.398625,-0.195622,0.0964179,-0.0768345,-0.697196,-0.627514,0.0232351,0.59774,0.456051,0.743041,-0.620024,0.382713,-0.697447,-0.394592,-0.026181,-0.472003,-0.126475,-0.686454,-0.0680959,-0.721888,-0.525032,-0.413403,0.383214,0.034804,-0.0982006,-0.296305,0.781502,0.402047,-0.047682,0.551898,0.822938
0.447679,0.0647241,-0.528797,-0.421983,0.670555,-0.00562502,0.467171,-0.470375,0.275941,0.655543,-0.1844,-0.0735185,0.360733,0.420805,-0.456856,0.401346,0.062803,-0.427889,-0.226497,0.0985404,-0.138158,-0.525181,0.556046,-0.320798,0.0781364,0.318268,0.512671,0.345818,0.352735,0.0610585,0.22867,0.0964827,-0.41514,-0.521069,-0.318509,0.201342,0.0786261,0.00320038,-0.519602,-0.386656,-0.492552,0.0243014,-0.498203,-0.503231,0.217059,-0.351821,-0.243011,0.222281,-0.173244,-0.0906947
-0.327332,0.598674,0.113262,-0.130748,-0.0174956,0.143783,-0.649538,0.564485,-0.286396,-0.510733,1.01436,-0.273396,-0.00123513,-0.469466,0.652707,-0.368687,0.362986,0.287684,0.407776,-0.0367868,0.701635,0.606167,-0.318081,-0.371625,-0.478314,0.391743,0.202739,0.946963,0.270537,0.790377,-0.713977,0.277757,0.0641997,-0.348539,0.138766,-0.0155974,0.319358,0.230588,0.224692,0.167895,-0.2382,-0.681978,0.402163,0.261836,-0.264015,0.487529,0.573914,-0.133328,-0.0463428,0.313556
-0.456076,-0.1306,-0.181262,0.0256022,-0.515441,0.0292641,0.25754,0.885982,-0.124199,-0.0697994,0.266805,0.0522056,-0.7399,-0.0755281,-0.33207,0.405173,0.608025,0.278528,0.493994,-0.316638,0.452579,-0.774492,-0.250897,0.362248,-0.588683,-0.230126,-0.357528,0.134426,0.313787,-0.253787,-0.269953,0.0242678,0.0427365,-0.850732,-0.373793,0.524283,0.113888,0.69563,0.75669,-0.321658,0.0914652,0.180481,-0.436676,-0.0330729,0.781335,-0.0703776,-0.0149937,-0.678677,-0.619772,-0.498465
0.387617,-0.286848,0.382454,0.455489,1.01434,0.0225044,0.0319433,-0.415047,0.235681,0.717531,-1.14309,0.418587,-0.153133,0.292444,0.244218,0.610545,-0.35683,-0.285737,0.402968,0.692973,-0.0212295,-0.552802,0.213975,0.166157,0.0954576,0.370924,-0.391437,-0.878828,-0.352353,0.00719035,0.668639,-0.323735,0.447451,-0.166884,-0.179869,0.169827,0.00302095,0.288582,0.309928,-0.173848,0.0811096,0.418838,-0.603572,0.328745,0.427791,-0.184284,-0.469207,0.75909,-0.618126,-0.230877
0.371047,0.0753506,-0.0178382,-0.040528,-0.372747,-0.0134718,-0.88348,-0.345329,0.84704,-0.949249,-0.64939,-0.496979,-0.421157,-0.393967,0.323549,0.426119,-0.451245,0.292166,-0.643672,-0.447141,0.0280361,-0.369671,-0.857722,0.560522,1.07521,-0.320049,-0.582981,-0.516953,-0.126612,0.146036,0.0583954,0.197065,-0.155706,0.429671,0.947937,-0.527918,0.17722,0.221384,0.0343321,-0.195976,0.460787,0.851036,0.416984,-0.797498,-0.028767,0.140969,0.369691,-0.369431,0.313995,0.0129299
0.0122586,-0.0200165,-0.105653,-0.348806,0.400717,-0.0113311,-0.203022,0.370325,0.350864,0.474992,-0.373097,0.20147,-0.241777,0.209244,-0.393448,-0.19761,-0.169628,-0.107261,0.245953,0.164071,-0.250425,-0.0216217,-0.1895,-0.0638735,-0.418325,0.283026,-0.145669,-0.214262,-0.460777,0.317708,0.253997,-0.383885,-0.309756,-0.470076,0.300232,0.276034,-0.172777,0.491672,-0.0539429,-0.243973,-0.29335,0.107634,0.441262,0.478342,0.237629,0.350882,0.484181,0.0808396,-0.407231,-0.400205
-0.128318,-0.533297,0.37928,0.555611,0.228608,-0.681924,0.576431,0.551657,0.329168,0.931006,-0.479784,0.0377071,0.423816,-0.476687,0.270435,-0.286638,0.254324,-0.370467,0.589699,-0.137745,0.499628,0.229597,-0.275137,0.0353533,0.105642,-0.208365,-0.000665296,-0.38347,-0.259146,-0.091294,0.150394,0.376136,0.0466722,-0.403386,-0.183583,0.591472,0.178735,-0.0181175,-0.185516,0.651831,0.382512,-0.371516,-0.796643,-0.268461,0.62668,0.580054,0.202347,0.123003,-0.197091,-0.145947
-0.0249685,-0.229528,-0.501667,-0.278835,-0.33406,-0.148962,0.84263,0.144176,-0.840097,0.724849,-0.211661,0.43468,0.325654,0.307011,-0.00116507,-0.400585,-0.0103658,0.237155,-0.0115857,0.00632146,-0.543094,0.0189003,0.355042,-0.195171,-0.675842,-0.146637,0.305133,0.100614,0.518873,-0.411886,-0.241959,-0.0167957,0.805916,-0.0772295,-0.434493,0.190011,-0.345442,0.0983516,0.0510536,-0.446431,0.454673,0.00791027,0.26663,0.70964,0.477985,-0.344383,0.015177,-0.354449,-0.61493,-0.0265255
-0.179952,-0.378447,-0.260009,-0.291242,-0.450524,-0.735434,0.179794,0.141883,0.54705,0.666888,0.476896,-1.07915,-0.0933512,-0.00152848,0.638525,0.331067,-0.688656,0.0664246,0.343946,0.357846,0.754905,-0.469944,0.249998,0.584606,-0.626975,-0.455928,0.459491,-0.0260468,0.0927829,0.291635,-0.359736,-0.621896,0.600037,0.198497,-0.607205,-0.370965,-0.34909,-0.368744,-0.606315,-0.34781,0.298012,-0.630685,-0.264016,-0.0899461,0.257441,-0.201,0.62347,-1.06268,0.0710583,-0.574401
0.11834,0.319643,-0.716219,0.726466,-0.0141312,0.148537,0.378711,0.0852198,-0.466669,-0.0602079,0.111915,0.24881,-0.527084,0.0644957,-0.36234,0.319389,-0.0779023,0.0182306,-0.546644,0.552255,0.509565,0.145115,-0.130377,0.612559,-0.541363,-0.558431,-0.315088,0.0426276,-0.222307,-0.684251,0.397203,-0.273037,-0.421591,-0.540785,0.663048,-0.556615,0.236839,0.413529,0.27214,-0.0991714,-0.743685,-0.0509272,-0.45135,0.744427,0.212753,0.548869,0.0354842,-0.00601672,-0.478025,0.0188826
-0.812165,0.346914,-0.0825007,-0.597761,-0.566747,-0.436097,-0.278288,0.186615,0.0692028,0.550504,-0.519082,0.442811,0.694191,-0.00683893,-0.757118,0.601123,0.365209,0.531854,0.554141,0.937421,0.127433,0.525751,0.328945,0.251901,-0.48384,0.319194,0.176765,-0.629316,-1.09357,-0.26611,-0.144112,-0.0232513,0.470267,0.052757,0.0701499,-0.214735,-0.281823,-0.0681025,-0.183601,-0.191024,-0.288169,-0.938478,-0.0683121,-0.0943612,-0.1169,-0.697552,-0.196403,0.752576,-1.33812,0.480318
-0.210388,0.404034,0.532378,0.106745,-0.47624,0.0371711,0.352392,0.273497,0.124406,0.255363,0.44834,0.184528,-0.408899,-0.597227,0.588557,-0.166374,-0.0573594,-0.145871,0.156237,0.0551716,0.473652,0.155264,-0.411175,-0.00703582,0.397189,-0.265067,0.386056,-0.343306,0.451219,-0.0464858,-0.00771298,0.480747,0.362932,-0.1458,0.258278,0.226544,-0.146947,-0.169102,0.353649,0.107693,0.0478548,0.211095,-0.195374,-0.465659,0.266971,-0.0042527,0.378781,0.133792,-0.435099,-0.0142412
0.34353,-0.205516,0.286293,0.109863,-0.421516,0.23106,-0.634296,0.0892756,-0.104537,-0.418426,-0.45376,-0.272055,-0.0014539,-0.382789,0.121895,-0.279308,0.374,-0.46044,-0.0670066,-0.463045,0.48258,-0.744899,-0.385876,0.580746,-0.0615326,-0.447683,-0.510261,0.130962,-0.0404583,0.522023,-0.119105,0.295813,-0.532484,-0.276096,0.522487,-0.209988,0.49724,0.965604,1.11354,0.195297,0.620154,0.752538,-0.410765,0.168548,0.191768,0.433554,-0.573718,0.736167,0.483905,-0.352587
-0.138706,-0.372886,-0.104767,0.172289,-0.325831,-0.0278123,0.516381,0.924834,0.113117,-0.397853,0.576402,-0.587079,-0.100654,0.217401,0.0866128,0.57903,-0.308895,-0.310045,-0.0476912,-0.155839,-0.0290167,0.670371,0.16435,0.326188,-0.323799,-0.221008,0.658195,-0.114464,0.48612,0.449213,-0.343215,0.20521,-0.372632,0.781167,-0.0355882,-0.485906,0.12271,-0.141087,-1.09848,0.758027,0.267285,-0.0200846,0.739683,-0.483098,0.192864,-0.68128,0.351645,-0.410148,0.112875,0.324287
-0.166896,-0.535937,0.384185,0.457904,0.0849189,0.847653,-0.314681,-0.997018,-0.419879,-0.106493,0.0394571,-0.0632272,0.0936658,0.466434,-0.517678,-1.00106,0.8064,-0.365187,0.118874,0.42996,-1.25798,0.698181,0.128605,-0.509866,0.551909,0.726708,-0.19635,-0.0646723,0.639347,-0.604612,0.344505,-0.509226,0.382469,0.753243,0.15799,0.555401,-0.862238,-0.172655,-0.131282,-0.36438,-0.0813855,0.0435748,0.986582,-0.425067,-0.448734,-0.192495,0.0920013,0.706822,-0.0903797,0.372757
0.529599,-0.133406,-0.435171,-0.13837,0.369865,-0.67162,-0.10451,-0.684311,-0.0074599,0.606872,0.0663562,0.738487,0.210945,-0.132547,-0.191779,-0.366408,-0.256841,0.0386566,0.415936,0.00573319,0.565647,-0.627988,-0.719011,-0.613221,0.0168632,0.467311,-0.308467,-0.2835,-0.128823,0.350489,0.884405,-0.22064,-0.491632,-0.44544,0.804085,-0.697238,0.393224,-0.190104,0.340227,0.321289,-0.396557,-0.360688,-0.126744,-0.786516,-0.741399,-0.374126,-0.623899,0.560938,-0.143711,0.0442103
-0.0664049,0.706243,0.128879,-0.143332,-0.0989467,0.333344,0.766381,-0.878638,-0.0949797,0.296462,-0.109257,-0.258634,-0.0108209,0.473942,-0.224732,0.322312,0.246928,-0.377159,0.558422,0.799596,-0.0465091,0.611812,0.260965,0.493989,-0.443476,-0.594947,-0.261367,-0.123704,0.32068,-0.647326,0.196097,0.318279,0.140772,0.583659,-0.384363,-0.172223,-0.788981,-0.238625,0.0518209,-0.584589,-0.440036,0.176045,0.379359,-0.319649,-0.393439,0.0268793,-0.540753,-0.287729,-0.505496,0.687312
-0.206367,-0.278744,-0.27811,-0.405769,0.590862,-0.443924,-0.303703,0.104936,0.311863,0.542047,-0.11388,0.436471,-0.396897,-0.163379,0.22536,-0.522063,-0.0727966,-0.448213,0.858221,-0.381767,0.0472552,-0.24429,-0.182211,-0.580144,0.28783,-0.421586,-0.309362,-0.178386,-0.247899,-0.53474,0.287433,0.116713,0.0358283,-0.672004,-0.190977,0.752855,0.197991,0.390216,0.45196,-0.0987437,0.500656,-0.20558,-0.112134,-0.1505,0.239312,0.617014,0.15975,0.72523,0.159458,-0.249135
-0.783725,0.517856,0.269331,-0.88153,-0.505892,-0.580485,0.170917,0.0318904,0.706135,-0.395522,0.272711,-0.0471213,0.831625,0.432316,-0.220263,-0.192029,-0.678536,0.215871,0.331101,0.0534225,0.35355,0.456652,0.787359,-0.0696779,0.563561,0.439794,-0.0710098,-0.00128613,0.347003,0.47874,0.149438,0.396888,0.364589,0.473234,-0.486416,0.815052,-0.46425,-0.0828726,-0.189536,-0.52573,-0.148379,0.148624,0.612688,-0.65601,0.431185,-0.190225,0.132592,-0.109211,-0.576637,-0.138622
-0.552266,-0.588515,0.456449,-0.367024,-0.64937,-0.389204,0.0600745,0.191128,-0.43925,-0.291195,0.727646,0.12612,0.458913,-0.170536,0.482876,-0.416019,-0.329105,0.4384,-0.148114,-0.495983,0.454928,0.306625,-0.149228,0.0129749,-0.169348,0.46969,0.336105,0.24648,0.00134821,0.0650066,0.0734096,-0.0962469,-0.078711,0.151249,-0.466718,0.0661875,-0.311308,0.204437,0.603747,0.208952,0.153216,-0.0853318,-0.0935574,-0.321836,-0.255005,-0.335042,-0.414441,-0.460436,0.171645,-0.236961
