0.402774,0.468865,-0.13765,-0.500309,0.222933,0.116571,-0.457041,0.581899,-0.4925,-0.407238,-0.0950997,0.208191,0.0433719,0.176706,-0.213976,-0.546089,0.378119,-0.0867936,-0.365387,0.107251,0.560886,0.392156,0.197296,0.489416
-0.61991,-0.40147,-0.262854,-0.397888,0.00429858,-0.547115,-0.315966,-0.5187,-0.504651,-0.0873169,-0.483063,-0.0599555,-0.418891,-0.254769,-0.339746,0.0283928,-0.428167,-0.596578,-0.185321,-0.273687,-0.0242778,-0.426013,-0.660382,-0.192133
0.340967,0.686186,0.453841,-0.180368,-0.735694,-0.480244,-0.666543,-0.00864236,-0.0823916,-0.206013,-0.0412277,-0.194929,0.213018,0.00895885,-0.28494,-0.0982774,0.247512,-0.155979,0.787846,0.0434676,0.172688,0.352809,-0.0479458,-0.50371
-0.148219,0.217931,-0.287987,0.196376,-0.744993,0.836736,-0.244643,0.00265527,1.0096,0.274743,0.150877,0.334431,0.380645,0.100378,-0.586898,0.498787,0.288819,0.18793,0.0410521,-0.471114,0.340133,0.502619,0.461917,-0.441278
0.785288,-0.133521,-0.125587,-0.711309,0.364815,0.302542,0.0144533,-0.521581,-0.0182774,0.228134,0.0798069,0.402809,0.624262,-0.288802,0.472839,0.53198,-0.283506,-0.0891491,-0.645518,-0.446385,0.454707,0.641405,-0.662985,0.278829
0.16263,-0.242389,-0.122651,0.355639,-0.366025,-0.503315,-0.189719,-0.0409161,-0.232748,0.38543,-0.0523499,-0.0278778,0.221468,-0.608174,0.201185,-0.0898352,-0.103744,0.0381683,0.0339921,-0.540827,-0.375074,-0.264309,0.425265,-0.649997
-0.215423,0.195773,-0.575576,-0.0843722,-0.560647,-0.299395,0.419135,0.293379,0.0199956,0.152327,-0.615746,-0.582098,-0.288078,0.0617231,0.258834,-0.287834,0.66343,-0.0888447,-0.14381,0.187841,0.23396,0.169621,0.27056,0.0973187
-0.462444,-0.0227661,-0.0843873,-0.783984,-0.195027,0.163755,-0.00342159,-0.37362,0.218374,-0.283169,-0.332027,0.479578,-0.474279,0.0128768,-0.293075,0.514069,0.135226,0.379026,0.110652,0.0644412,-0.622872,-0.605413,0.324221,0.152119
0.448857,0.347678,-0.413098,-0.0167244,0.194873,-0.652732,0.203221,0.0908541,-0.254019,-0.258531,0.237964,0.39659,-0.0456633,-0.101948,-0.0388206,-0.280685,-0.287184,-0.331773,-0.588804,0.0585792,-0.353313,0.367293,0.0363973,0.123691
-0.501993,0.620938,0.54296,0.0183898,-0.457594,0.347034,0.208873,-0.0592877,0.152624,0.2964,0.391696,-0.200208,-0.1774,-0.651822,0.0802297,0.5003,0.226811,-0.402978,0.255979,-0.0970117,0.0106986,0.179028,0.403275,0.237724
-0.486416,-0.139549,0.344332,-0.0785947,0.567723,0.360167,0.0981819,0.411518,0.246517,0.163237,0.0252907,0.388113,0.129511,0.0671928,0.152285,0.25256,-0.387025,-0.373576,-0.266327,0.631936,-0.295102,-0.463247,-0.248809,-0.335189
0.356724,0.479664,0.260474,0.138705,0.0874104,-0.0287509,0.239261,0.366886,0.733187,-0.139531,-0.302297,0.562651,-0.581656,-0.36931,0.053291,0.062499,0.000695802,0.000654242,0.706097,0.398442,-0.227323,-0.10589,-0.310374,-0.0243842
-0.254043,-0.0656944,0.291052,0.354866,-0.394921,0.181557,0.128672,-0.429983,-0.42274,-0.704371,0.0900238,0.54076,0.711306,0.519182,-0.493964,-0.205024,-0.0640699,0.42892,-0.115809,0.4819,-0.617205,0.633121,0.463666,0.214661
-0.459577,-0.103693,-0.259351,-0.0325339,-0.553836,-0.390552,0.443908,0.537076,-0.121138,-0.324396,-0.387866,0.557295,0.0971614,-0.440506,0.353072,0.519077,-0.0595523,0.69054,-0.445615,-0.0125705,0.285467,-0.245595,0.309821,-0.282713
-0.0603117,-0.584076,-0.395876,0.224548,0.237275,0.359014,0.18444,-0.397216,0.255367,-0.303577,-0.215482,-0.260836,-0.230451,-0.376452,-0.406024,-0.0581609,-0.664575,0.173397,-0.577982,-0.351878,-0.523942,0.146587,-0.37826,-0.122931
0.0528254,-0.276305,0.242285,0.100833,-0.0667863,-0.418746,0.276527,-0.364313,0.31351,-0.502199,-0.271614,-0.461248,-0.373093,-0.0113024,-0.766944,-0.600186,-0.0989309,-0.193206,0.517389,-0.229169,-0.683812,-0.534567,0.0453041,0.238185
0.240854,0.447576,-0.645102,0.287114,0.520593,-0.113963,0.368364,-0.177833,-0.0294019,-0.155442,-0.340559,-0.305683,0.0294254,0.452304,-0.683303,0.443188,-0.287867,0.49292,0.689115,0.0500517,-0.103408,0.180523,-0.492803,-0.413687
0.58324,0.0182979,0.438247,-0.132753,0.109806,0.342006,-0.0358124,-0.223301,0.415434,0.586103,-0.130997,-0.119121,0.441648,0.282659,0.479558,0.471318,0.388153,0.319713,-0.374352,0.451085,0.367316,-0.0495225,0.363854,-0.331442
-0.0572979,-0.344644,0.832132,0.527982,0.259853,0.286605,0.705066,-0.259436,0.244381,0.366185,-0.0480485,-0.410932,-0.144069,-0.0884643,0.362381,-0.330587,-0.060594,0.0367218,-0.206524,-0.0973371,0.502899,0.162413,-0.395488,0.750127
0.0543959,0.329262,0.0428543,-0.0872321,0.125313,0.128813,0.0483505,-0.181745,0.419879,0.409097,-0.0796381,-0.342851,0.34931,0.186069,-0.0612683,0.250979,0.0291077,0.0854123,-0.180732,0.4676,0.222909,-0.23678,-0.410113,0.327098
-0.682889,0.4388,-0.432477,-0.459101,0.589518,0.158523,-0.284241,0.356846,-0.124639,-0.585628,-0.605687,-0.429582,-0.202461,0.0450932,-0.0798489,0.632892,-0.344564,-0.725878,0.603755,0.542176,0.16079,0.262824,0.127498,-0.490802
-0.603186,0.188727,-0.44625,-0.449183,-0.315512,0.0517454,-0.189878,-0.685342,-0.529094,-0.756151,-0.486191,0.0997892,-0.006234,0.240961,0.288415,-0.0882469,-0.089383,0.00359734,-0.533755,-0.136485,-0.201562,-0.348724,-0.396448,-0.377053
-0.319723,0.328946,0.222617,-0.553391,0.327548,0.275863,-0.252797,0.360761,-0.6872,-0.0834609,0.258885,-0.140687,0.47129,-0.418938,0.0335443,-0.621662,0.247394,-0.529596,0.598825,0.460982,-0.247166,0.37078,-0.561321,-0.57832
0.0492426,-0.0572402,0.0379669,0.414484,-0.501036,0.0365439,-0.2333,0.0737489,-0.313494,-0.014053,-0.254981,-0.305941,-0.408153,-0.00207134,0.488652,-0.545344,-0.0641824,0.0664969,0.181348,0.370278,-0.314517,-0.496649,0.126175,-0.0687945
-0.640762,0.168852,-0.422519,-0.0437757,-0.0881068,-0.0297762,-0.140019,-1.00085,-0.235764,0.218951,0.0644513,0.0164623,-0.519782,-0.198676,-0.10174,-0.632764,0.284161,-0.107449,-0.0249747,-0.189969,-0.286169,0.402789,-0.148704,-0.186445
0.684963,0.718858,0.461635,-0.35016,0.0171576,-0.104675,-0.11574,0.303055,0.381486,0.354538,-0.0220223,0.318144,0.386054,0.179724,0.540303,-0.442822,0.211315,-0.276389,0.178738,0.0703535,0.0540679,0.519404,-0.145452,0.513303
0.274519,-0.42293,0.534383,-0.192902,-0.587312,-0.237233,-0.491209,0.335443,-0.109186,0.478525,-0.11655,0.116985,-0.41216,-0.566215,0.383412,0.428976,-0.61328,0.390681,0.37206,-0.390841,0.154187,-0.0620594,-0.477466,-0.723191
0.278859,-0.123951,-0.475696,0.514653,-0.177343,-0.355338,-0.547206,0.563336,-0.373112,0.264924,0.25242,0.193856,-0.233637,0.464628,0.239797,0.0216328,0.147094,0.309927,-0.100647,0.03512,-0.138121,0.395725,0.53639,-0.621624
-0.0435888,-0.350525,0.250238,-0.0399349,0.0343957,0.35245,0.135505,0.467727,-0.563205,-0.298423,0.678707,-0.293638,0.065826,0.0447329,-0.452479,-0.41685,-0.472997,-0.0149609,-0.539909,-0.433458,-0.276432,-0.124458,-0.504903,0.383208
0.613142,0.370283,0.247531,0.395835,0.129367,0.314152,-0.0924537,0.346852,-0.0708473,0.163164,0.197583,0.596554,0.145751,0.203514,0.224867,0.666677,0.816309,0.537708,0.520368,0.208231,0.377972,0.191913,-0.218484,0.440481
-0.192997,0.357266,0.147825,-0.510398,-0.62072,0.0897672,-0.370801,0.129084,0.518942,-0.331469,0.836289,-0.565789,0.142437,0.182227,-0.211152,-0.201882,-0.0741357,0.0230262,-0.109935,0.497284,0.393969,-0.167619,-0.413155,-0.295752
-0.446361,0.305955,-0.327543,-0.0826529,0.287022,-0.0435077,-0.372541,-0.45054,-0.601347,-0.429676,-0.160246,-0.408787,0.280986,0.28494,0.0161908,-0.318631,-0.379898,-0.462932,-0.225664,-0.82849,0.165242,-0.173835,0.0177453,-0.448429
-0.0108565,0.0921977,0.459683,-0.318502,-0.160069,-0.529906,0.502238,-0.223247,0.406149,-0.443929,0.232322,0.073743,-0.204317,0.44905,-0.288839,0.343108,0.0394431,-0.238255,0.5509,0.394797,0.445299,-0.174622,0.380207,0.193342
-0.0686585,0.0687745,0.384802,-0.177601,-0.56462,-0.470408,-0.0856721,0.0969466,-0.235665,-0.189795,-0.498292,0.662328,0.313935,-0.321237,-0.451519,0.11627,0.50964,0.453162,0.516786,0.0790176,0.344658,-0.40886,-0.0353744,-0.277315
-0.686474,-0.27687,-0.537512,-0.0521103,0.855125,-0.396641,0.349678,0.0320778,0.526091,-0.285711,-0.0709747,0.320434,0.119528,0.454603,-0.320776,0.554755,-0.530974,0.249457,-0.668098,0.400506,-0.361986,-0.210398,0.217571,0.464787
-0.0983841,0.0155798,-0.615378,0.504199,0.42676,0.287387,-0.324612,-0.458151,0.0575423,-0.494643,-0.475934,-0.245053,0.877914,0.180975,0.117004,-0.677805,0.176413,0.170767,0.626783,0.249167,0.431935,0.381174,0.301071,0.345914
-0.172574,-0.164315,-0.215301,-0.2973,-0.467781,0.124044,0.110257,0.342467,0.316975,0.34644,-0.179931,0.479042,0.0503091,0.496074,0.0999737,0.656128,-0.340727,-0.465454,-0.465407,-0.296971,-0.314839,0.0913836,0.280406,-0.33613
0.582968,-0.207585,0.166073,0.327457,0.204701,0.644258,0.337226,0.0255632,-0.059949,0.552955,0.182488,-0.308408,0.622405,0.270841,0.313201,0.360898,0.293512,0.459205,-0.0183938,-0.0592638,0.212852,0.4979,0.0345097,0.497284
0.36222,-0.389668,-0.446687,-0.525411,-0.192139,0.215988,-0.381987,-0.140589,-0.17151,-0.331295,-0.579022,-0.477956,0.0161971,0.278373,0.0134831,0.276954,-0.0523835,-0.489829,0.132255,-0.136787,-0.0806887,0.436131,-0.450143,0.305941
0.715613,0.425537,0.361695,0.134713,-0.44299,-0.300656,0.115957,-0.209874,-0.128339,0.421886,-0.211863,0.415133,-0.208094,0.36785,-0.333286,0.482847,-0.257908,0.257717,-0.0823801,0.416642,-0.166834,0.279358,0.561399,0.583829
-0.0133799,0.11566,0.145504,0.374603,0.473887,0.19101,0.271945,0.315113,-0.413813,0.0368237,0.562105,-0.137935,-0.0128633,-0.336876,-0.0549993,-0.0361883,-0.370542,-0.316375,0.631742,-0.200301,-0.00389091,-0.32528,-0.26263,0.281324
0.0558681,0.355305,0.645588,-0.414464,-0.370327,-0.160934,-0.277975,-0.303638,-0.29331,0.371842,-0.275718,-0.0806553,0.131145,-0.315252,-0.131223,0.509604,-0.00436598,-0.268661,0.345994,0.466689,-0.0487473,0.26111,-0.582851,-0.525183
-0.281532,0.0945993,-0.180454,0.0642166,-0.450251,-0.54504,0.248456,0.0294469,-0.148175,-0.473016,-0.464638,-0.175415,-0.508106,0.428185,-0.0853119,-0.317391,0.188735,0.308772,-0.250179,0.160019,-0.441174,-0.396913,-0.382863,-0.300717
-0.294401,0.0627435,0.428859,0.272578,-0.211135,-0.846026,-0.467834,-0.304021,-0.17155,0.306377,-0.263692,0.256507,-0.421371,-0.584762,-0.0666027,-0.139597,0.344331,-0.616119,0.113368,-0.293555,-0.596544,-0.15134,0.22706,-0.0506404
0.330551,0.0118462,-0.301141,-0.326295,0.113086,-0.111786,0.412486,0.375043,-0.406777,-0.199206,0.487418,-0.386005,0.424067,0.807055,0.0212214,-0.0584274,-0.384352,-0.140109,0.474365,0.26392,0.516256,0.0699423,-0.442595,-0.0251198
0.170754,-0.134842,0.0909789,-0.302857,-0.264829,-0.37184,-0.133452,-0.258532,0.406837,0.387618,-0.151785,-0.27958,-0.651763,0.262824,-0.0774737,-0.403828,-0.339354,0.27229,-0.309289,0.029733,0.0471521,-0.439648,-0.104227,0.0620858
-0.737762,0.134928,0.33063,-0.141926,0.1434,0.257947,-0.0631004,-0.076015,0.0297319,-0.492729,0.400544,-0.405637,-0.361012,-0.646202,-0.462238,0.477196,-0.206876,0.513281,-0.145482,-0.184655,0.451455,-0.517273,-0.141725,-0.254499
-0.533553,0.146103,-0.172722,-0.260455,-0.352472,-0.613223,0.126084,-0.12438,-0.091015,-0.295828,0.245481,-0.370982,-0.380322,-0.0423443,0.16536,0.349999,0.0408632,0.131588,-0.624576,-0.321096,-0.511625,-0.38982,-0.0853,-0.45738
0.409866,-0.244621,0.252806,0.541458,0.51302,-0.313803,0.00986931,0.234463,0.056866,-0.848176,0.0822957,-0.350056,0.344353,0.409535,-0.357755,-0.243184,-0.0907608,-0.0503764,-0.156605,-0.14508,-0.0810583,-0.221086,-0.0465868,-0.135441
0.188886,-0.150678,0.308544,0.399737,0.34748,0.348518,-0.519039,0.0346628,0.330541,0.101405,0.530624,-0.248866,0.0275606,0.713948,0.746587,-0.0430306,0.476909,0.234616,-0.188171,0.0908513,-0.133555,0.50474,0.53859,0.0783103
0.253763,0.328616,0.203463,-0.344795,0.319647,-0.203157,-0.486569,-0.185584,0.299523,-0.227974,0.24545,0.337345,0.467397,-0.486181,0.575877,0.467415,-0.530735,0.541981,0.404182,0.479696,0.416627,-0.273,0.177748,-0.416255
-0.217309,-0.415592,-0.148972,-0.264182,-0.566101,0.4763,-0.373368,0.384812,0.0793681,0.0298283,0.167681,0.295646,-0.564938,-0.548194,0.387967,-0.0114029,-0.189527,0.0935869,0.254593,-0.0347764,-0.218975,0.097798,0.235516,0.182542
-0.21862,0.101667,-0.229505,0.723838,0.601026,-0.298483,0.0322997,0.652919,0.360372,0.0161807,-0.16669,0.298035,0.309364,0.606203,-0.207237,0.606956,0.400396,0.352495,0.755698,0.197318,0.148882,0.00569737,0.433647,0.407905
0.153678,-0.32598,0.33597,0.519483,-0.0989161,0.0360289,-0.558016,-0.280788,-0.414388,0.139179,-0.607676,0.57931,-0.42581,-0.116544,-0.0518807,0.461032,-0.37801,-0.0915599,-0.683724,-0.177674,0.617387,-0.254995,0.258651,0.29013
0.0116645,-0.0452532,-0.183387,0.0327808,0.0698891,0.260505,-0.261586,0.0449922,0.517923,-0.215616,-0.341839,0.0312558,-0.0585545,-0.167541,-0.39801,0.173795,-0.0384963,0.235262,0.411881,0.643482,-0.116535,0.67544,-0.299019,0.758324
0.294182,-0.305747,0.882143,0.863068,0.172238,0.279679,-0.380886,-0.544489,0.0976542,0.2295,-0.155864,-0.125955,-0.358841,0.63647,0.265876,-0.322062,-0.159246,0.154991,-0.226272,-0.531999,-0.295682,-0.268728,0.295155,0.313182
0.404929,0.328599,0.172285,-0.40349,-0.341218,-0.301626,0.395838,-0.0517612,-0.266078,-0.363391,-0.434488,0.0261709,0.710595,-0.491551,0.0169257,0.0342626,-0.0740392,-0.280772,0.173249,0.495307,0.316406,0.508353,0.540174,-0.0183545
-0.130008,0.451306,-0.297701,0.389192,-0.112992,0.429851,-0.283178,0.122011,-0.376271,-0.616442,0.418891,-0.0788052,-0.179805,-0.080125,-0.677623,0.0304838,0.0827596,0.534593,0.559913,0.336828,0.0899002,0.422727,-0.10191,-0.412723
-0.642812,0.0422902,-0.21358,0.311561,0.721246,0.504797,-0.3,0.120129,-0.0731299,-0.502307,-0.142498,0.494272,0.531627,-0.0537048,-0.2946,0.0172285,0.0103204,-0.00153953,0.167831,-0.478381,0.246932,-0.298066,-0.387302,0.333867
0.0567247,0.046648,-0.184752,-0.0499585,0.273783,-0.298627,0.203807,-0.475697,0.349249,-0.353609,-0.137516,-0.129387,0.348663,0.0533839,0.167423,-0.214494,0.131439,-0.0397048,-0.326312,-0.187016,-0.0431147,0.482545,0.496969,-0.282247
0.201448,0.223243,0.485808,-0.474851,0.0507199,0.068183,0.0411569,0.0587178,-0.0793159,0.451618,0.663423,0.256007,-0.0863865,0.672115,0.536665,0.096388,0.081085,0.0737541,-0.0519886,0.00458532,-0.109422,-0.282454,-0.468766,0.581644
0.031616,0.425516,-0.0152157,0.596351,-0.417703,-0.109426,-0.0387069,-0.279734,-0.455256,0.165332,0.448861,0.408661,0.516177,0.608821,-0.270834,0.0258786,-0.434124,0.66689,0.270686,-0.159799,0.386238,-0.0958774,0.206311,-0.233283
0.145772,-0.184383,-0.295772,0.142811,0.221967,-0.23661,-0.729357,-0.249441,-0.310858,0.147728,0.155628,0.13183,-0.123726,0.428818,-0.20527,-0.760735,-0.208932,-0.507457,0.175582,-0.241974,-0.271177,0.172273,-0.359062,0.36162
-0.088383,0.435044,0.438609,0.553618,0.922401,-0.0111636,0.0152098,-0.0797048,0.154487,0.41327,0.331591,-0.205414,0.496622,-0.457331,-0.540011,-0.0436793,0.609778,-0.28671,-0.0923697,-0.250526,0.345898,-0.285955,-0.269915,0.538807
-0.228112,0.259399,-0.266394,0.424089,0.544253,-0.48255,-0.563394,-0.23016,0.149627,0.612907,-0.036041,0.180574,-0.0475565,-0.57535,-0.616282,0.271482,0.377001,-0.303364,0.440953,0.284309,0.16335,-0.0749993,0.332884,0.222152
0.0980175,-0.41378,-0.17199,-0.443107,-0.194909,0.32044,0.102863,0.0197703,0.115112,-0.316422,-0.129271,0.391576,0.522126,0.710534,0.116988,-0.607223,0.288916,-0.346061,0.386889,0.259464,-0.524164,-0.506379,0.687429,-0.422948
0.227955,0.270235,0.547869,-0.539266,0.303732,0.326936,0.111817,-0.437414,0.302907,0.394847,-0.289309,-0.468153,-0.262539,0.638386,0.0986892,0.711427,-0.203137,0.239049,0.4885,-0.318886,-0.0376706,0.157419,0.143697,0.201486
-0.554296,-0.175538,-0.00263028,-0.207231,0.349243,-0.359772,0.228615,0.0855714,-0.655511,0.287749,-0.111485,-0.11747,-0.0582778,-0.159008,-0.272251,-0.433817,0.326852,-0.115926,0.0596752,0.173083,-0.0823734,-0.276037,0.148484,-0.664239
0.516063,-0.164583,-0.0285221,-0.0909671,-0.243297,0.468889,-0.408495,0.178147,-0.247283,0.251035,-0.259036,0.500441,0.22107,-0.346024,0.34836,0.107047,0.160452,-0.261643,-0.280731,-0.304366,0.309884,-0.170112,-0.565724,0.181943
0.0206279,-0.340572,0.392582,0.00390967,0.10819,-0.455657,-0.253086,0.429659,-0.126249,-0.10118,0.750995,0.298216,0.55655,0.148219,0.323,0.0887243,-0.532142,-0.231253,0.145785,0.180389,-0.436237,0.392838,-0.689596,-0.170823
0.0503558,0.412469,0.352782,0.448337,0.092323,0.414793,-0.233603,0.0845668,-0.254789,-0.332615,-0.329638,0.908398,-0.220423,0.364887,0.615525,-0.127619,0.595481,0.275084,-0.088647,0.124943,-0.014386,0.463371,-0.106565,-0.115372
0.235774,0.305776,0.236262,-0.332833,0.19808,0.430872,0.348051,0.261273,-0.552508,0.15875,0.648829,0.444527,0.147216,0.276376,-0.159858,-0.443084,0.426097,-0.522871,0.116396,0.378486,-0.630459,-0.51198,0.13521,0.307282
-0.616273,-0.0759972,0.66139,0.146333,-0.150512,0.11903,-0.246322,-0.33837,0.420357,-0.196217,0.162873,0.439872,0.387637,-0.177325,0.650917,0.15695,-0.506729,-0.384447,-0.348967,-0.188259,-0.109509,-0.358003,-0.143827,-0.363376
0.645554,0.57131,0.447343,0.117449,0.034543,-0.301597,0.184709,-0.271611,0.320825,-0.0599611,0.418239,-0.437464,0.382888,0.274973,-0.125952,0.151334,0.584883,0.0444305,-0.25502,0.464306,-0.359881,0.194588,-0.476207,0.446299
0.218757,-0.0662478,-0.173156,-0.134778,0.482739,-0.370211,0.299647,0.57234,0.360377,0.209911,0.423974,0.748603,-0.442968,0.506557,-0.158308,-0.226053,-0.313054,-0.418232,-0.204993,-0.183,-0.321322,0.492794,-0.11155,0.466975
0.057407,-0.218759,0.359687,-0.402264,0.344843,-0.250143,-0.223208,0.131726,0.0245487,0.141997,0.1069,-0.0191998,0.240825,0.244802,-0.359718,-0.193615,-0.288447,-0.279359,0.333304,0.444206,-0.156023,0.689112,0.365914,0.731466
-0.389615,-0.300407,-0.738148,-0.382603,-0.124632,-0.312681,-0.17442,0.194647,-0.0853246,-0.481415,-0.302559,0.00933577,-0.225672,0.0725287,-0.564671,-0.2957,-0.0984176,-0.268818,-0.0798519,-0.165026,-0.394615,0.130205,-0.693095,-0.329995
0.0685515,0.558046,-0.000471438,0.334291,0.103398,-0.463821,0.040875,0.124712,0.133524,-0.229479,-0.39383,0.313779,-0.294396,0.091568,-0.429778,0.592502,0.0448879,0.0955634,-0.317169,-0.0549359,0.200751,0.180491,0.209024,0.339899
-0.169621,0.703051,0.267379,-0.540951,0.771722,0.479366,0.191811,-0.0545745,-0.351693,-0.390917,0.401939,-0.278854,0.0263277,0.182263,0.27776,-0.114054,0.309632,-0.492121,-0.371136,0.339475,-0.389382,-0.59759,0.530287,0.271447
0.129321,0.0734234,0.344529,0.433242,-0.368779,0.240429,0.166079,0.371918,0.435753,-0.0328609,-0.331352,0.0163336,0.381491,0.272294,-0.0410887,0.256406,0.921555,0.411643,-0.145363,0.509603,0.500493,-0.238845,-0.12671,0.461701
0.0931862,-0.38592,0.310963,-0.0243178,0.069181,0.525624,-0.493913,-0.258771,0.53338,-0.393621,-0.41823,0.321037,-0.728939,-0.529959,-0.0352985,-0.491855,0.116153,-0.123787,0.157505,0.119258,0.0779526,0.650283,-0.0514299,-0.386269
-0.634527,-0.436574,-0.16763,-0.120974,-0.269303,0.314267,-0.80231,-0.328738,-0.277879,0.309412,0.21189,-0.60987,-0.0546294,-0.265918,-0.172721,0.0985582,0.205535,-0.555724,0.371968,0.276285,0.480707,0.0628902,-0.537446,-0.408928
0.102688,-0.0737792,0.405048,0.192189,-0.525934,-0.261292,0.0350165,0.367506,0.376205,-0.166301,-0.547127,-0.52934,0.135336,-0.41758,-0.286363,-0.468846,-0.334665,0.441508,0.241579,0.0575117,0.0942503,-0.288666,0.217869,0.255163
-0.150649,0.315829,-0.000639807,-0.200085,0.262442,-0.0185209,0.0360048,-0.395647,-0.93382,0.394053,0.259041,-0.24384,-0.439667,0.177538,-0.0352681,0.0827539,0.352199,0.128896,0.577505,-0.110455,0.372715,0.100343,-0.544798,-0.357806
-0.105607,0.249851,0.0313394,-0.396711,-0.220605,-0.000690547,-0.00312144,-0.347711,-0.423646,0.0416847,-0.209532,-0.461267,0.0595458,-0.424429,0.317092,0.232517,-0.460875,-0.0185149,0.501709,0.71528,0.123381,-0.251408,0.720769,0.737645
0.0813996,-0.519799,-0.266482,0.111981,-0.519957,-0.381152,0.177211,-0.440413,0.0845746,0.0950128,0.0316292,-0.437567,-0.461165,0.324675,-0.206289,-0.140944,0.189501,-0.0136432,-0.479813,0.0631109,0.033235,-0.375108,0.304947,0.00753865
-0.51745,0.067149,0.341299,-0.225479,-0.596743,-0.170875,-0.606694,0.616768,-0.47155,0.489798,-0.312017,0.304355,-0.118397,-0.183248,-0.563569,0.2093,-0.391422,0.112915,-0.267466,-0.211996,-0.00354775,-0.350827,0.592144,0.614481
-0.0520419,0.0519965,-0.225983,-0.0343341,-0.647787,0.108655,-0.308942,-0.489913,-0.341601,-0.335132,-0.265628,-0.51802,-0.0626755,-0.541562,-0.268148,-0.301546,-0.579069,-0.35268,-0.36086,0.235937,-0.809875,-0.0842174,-0.24842,0.240338
-0.0211552,0.585555,0.105051,0.635412,0.546445,-0.191336,0.220393,0.561425,0.0534195,-0.0107988,0.449688,-0.210779,0.360681,0.275793,0.151623,0.303186,0.457188,0.479089,0.927489,0.495563,-0.155232,-0.397613,0.36613,0.306114
-0.181901,0.104551,-0.616549,-0.725384,-0.506418,-0.330578,-0.132784,0.158645,-0.219959,-0.614558,0.208639,-0.542605,-0.0495075,-0.432184,-0.44608,-0.398382,-0.394697,0.118516,0.05202,-0.16866,-0.331022,-0.667748,0.117343,-0.190175
-0.0699749,0.465956,0.258354,0.0187944,0.0594742,0.201484,-0.390261,-0.00073807,0.327294,0.154085,-0.0203508,0.267938,-0.15973,-0.244908,0.231446,-0.21341,0.22933,0.323264,0.258676,0.340104,-0.0473908,0.535227,-0.197038,0.247594
-0.233705,0.30356,-0.355162,-0.138862,0.139749,-0.0392517,0.873914,-0.223707,-0.37767,0.266365,0.141793,0.0223379,0.0949546,0.321089,-0.214851,-0.100002,0.322987,0.0152971,0.0716603,0.403684,0.0428212,0.109467,0.388355,0.649917
0.5185,0.071819,-0.0348529,-0.206444,0.135838,-0.57755,-0.320195,0.293667,-0.563498,-0.204451,0.335913,0.444004,-0.270243,0.193322,0.318548,0.286139,0.0107573,0.0132974,0.245285,0.432668,-0.513942,0.429262,0.738401,-0.096161
-0.313911,0.0570411,-0.298185,-0.538493,-0.186155,-0.176435,-0.540245,-0.194142,-0.633465,-0.343471,-0.43052,-0.661629,-0.505029,-0.746902,-0.214832,-0.539668,0.23844,-0.74752,-0.543916,-0.708318,0.213781,-0.0617954,-0.631922,-0.477099
-0.32224,0.228007,0.286832,0.192395,0.21251,-0.0396056,-0.418669,0.0462227,-0.230022,0.148398,0.310255,0.164021,0.333577,-0.600566,0.354652,-0.176578,0.413746,0.235843,-0.156427,-0.265125,-0.416329,0.244127,-0.249866,0.280627
0.348422,0.0658055,-0.135447,0.363965,0.640443,-0.505449,-0.180581,-0.231413,-0.709599,-0.0193076,-0.0627939,0.390134,-0.233918,-0.401453,-0.162591,-0.467538,-0.700577,0.324906,-0.544987,0.341562,-0.133202,-0.162598,0.410425,-0.456209
0.270917,-0.521664,0.267732,0.326415,-0.512433,-0.25854,0.100081,-0.785076,-0.31775,0.0345813,0.365809,0.592158,0.430056,-0.461893,0.233965,0.139518,-0.473548,0.213424,-0.450766,-0.133932,-0.405191,-0.223705,0.0238899,0.0546194
0.571534,0.514705,0.14925,0.604413,0.396943,0.539493,-0.247868,0.635658,0.123074,0.65236,0.300227,0.402581,0.00718546,0.395494,0.244018,-0.0828407,0.363485,0.0352971,0.232355,0.603522,0.414918,0.332331,0.658429,0.365824
0.573044,0.449368,-0.101482,0.626954,0.603001,0.442846,0.524573,0.00430236,0.0658816,-0.0318379,0.690003,-0.256954,0.460059,0.429082,0.576766,0.0850086,0.0762171,-0.156159,0.778709,-0.225707,0.580482,0.509078,0.29405,0.476358
-0.185945,-0.0315768,0.0414952,0.331461,0.332718,0.243798,0.43057,-0.190677,-0.245619,0.237283,0.248946,-0.343358,-0.0946023,0.136155,-0.418731,0.356961,-0.433291,0.399841,0.14558,0.588168,0.0877811,0.426785,0.113568,0.0420777
0.376526,-0.48907,0.24415,0.253563,-0.432381,0.155585,-0.657628,-0.255178,0.293663,-0.523349,-0.503224,0.172443,-0.0111549,0.313029,-0.382624,-0.311009,-0.254474,0.674289,-0.170699,0.740948,-0.282761,0.168039,0.566843,-0.164686
0.190327,-0.537992,0.335804,-0.16198,-0.376767,0.0756358,-0.0836253,-0.310627,-0.495746,-0.171428,-0.158675,-0.396587,-0.483424,0.443652,-0.412453,-0.598873,-0.430048,0.0711606,0.102333,-0.561862,-0.623398,-0.069167,0.0467296,-0.478957
0.644779,0.558085,0.0261798,0.254176,0.382179,0.377926,0.758847,0.3039,-0.123389,-0.0745957,-0.156522,-0.475536,0.260999,0.342396,0.287053,0.193932,-0.397463,-0.311381,-0.114091,0.597452,0.282546,0.11919,-0.329896,-0.564445
0.426432,0.401565,-0.466818,0.25202,0.149647,-0.466681,0.240901,-0.0484536,0.59513,0.337621,0.693876,-0.135846,0.42649,-0.239546,0.478148,0.0603818,0.157949,0.514202,0.409337,0.548878,-0.0839317,-0.129525,0.217316,-0.227481
0.0199262,0.296656,0.337386,0.0319455,-0.0476278,0.299386,-0.437717,-0.0362692,-0.504687,-0.611531,-0.7528,-0.428061,-0.589474,0.230486,0.372353,-0.347598,-0.334729,-0.162622,-0.425199,-0.413631,-0.165607,-0.494853,-0.415023,0.349691
-0.569649,0.616446,-0.200991,-0.359601,-0.652654,-0.430755,-0.124527,-0.0801376,-0.29272,0.0543978,-0.128412,-0.156693,0.064815,0.571268,-0.504015,0.282729,0.70275,-0.374966,0.277064,0.00753015,-0.364535,-0.210408,-0.494795,0.448439
0.247027,0.254479,-0.0133674,-0.231353,0.486088,0.233035,-0.26727,0.177775,-0.141171,-0.0815313,-0.30966,-0.612386,-0.352289,-0.284014,0.258242,0.2426,0.12039,-0.0188897,0.350599,-0.638422,-0.557528,-0.469641,-0.478215,-0.668338
0.261221,-0.614481,-0.216365,-0.5931,0.347223,-0.655653,-0.0179294,-0.520022,-0.0733167,-0.485746,-0.329454,0.284288,-0.0288229,-0.0578351,-0.325345,0.534816,0.175228,0.277008,-0.362779,-0.00835944,-0.597635,0.477249,0.36259,0.00631947
0.711756,0.263397,0.0479729,-0.305027,0.237435,-0.266851,-0.648102,0.32629,0.60554,0.542534,0.361341,-0.106257,0.146557,-0.303932,-0.47958,0.182431,0.59442,0.692407,0.541774,0.0707675,-0.208731,0.133429,-0.286031,-0.587379
-0.171124,-0.684813,0.178788,0.00886279,-0.0141334,-0.230199,0.5293,-0.292479,0.240318,0.213605,-0.0125444,0.122637,0.271724,-0.708888,-0.0109416,0.116544,0.410047,-0.453812,-0.118111,-0.0261521,-0.0709783,-0.374542,-0.28862,0.105905
0.0486362,0.344603,-0.461828,0.648109,0.34095,0.0144118,-0.268026,-0.197209,0.263438,0.026438,0.588955,-0.162092,-0.193016,-0.427475,-0.463553,0.597244,0.119144,-0.353055,-0.243335,-0.328288,-0.219354,0.20396,0.330873,0.512226
-0.563442,0.120141,0.0717877,-0.335411,-0.0216466,-0.340603,0.607202,0.146053,-0.243811,-0.355869,-0.15639,0.263513,0.0388602,0.127492,-0.102982,-0.166416,-0.456982,-0.377661,0.413606,0.0194014,0.417024,0.0177998,0.31457,-0.0451467
0.0989937,0.39616,-0.0134273,-0.326962,0.336856,0.136101,-0.329358,0.123794,-0.102158,-0.493976,0.257023,0.0391546,-0.54315,-0.249489,0.355839,0.496628,-0.339274,-0.436751,0.285177,0.335148,-0.603291,0.0631397,-0.0453726,0.234908
-0.438869,0.382403,-0.633137,-0.417135,-0.0987508,-0.178603,-0.126141,-0.168732,-0.567597,0.598843,-0.28376,-0.139183,-0.722494,0.35279,-0.384692,-0.500719,-0.0445156,-0.2907,-0.067902,0.213789,-0.668233,-0.695181,-0.20006,0.619063
-0.0173686,0.102757,0.491957,-0.306984,-0.336757,-0.220098,-0.0427774,0.145419,-0.163841,-0.11053,-0.397791,-0.0662747,0.51454,-0.429372,0.274868,0.0128178,0.380941,-0.333032,-0.309519,0.549107,-0.234515,-0.0142604,0.280839,-0.0509246
0.450363,-0.677655,0.44749,-0.905692,0.407768,-0.286008,0.42764,-0.147715,-0.598347,0.149477,0.110399,-0.372213,-0.136588,0.227884,-0.145461,0.0726193,0.146852,-0.151673,-0.465946,0.544077,0.462524,0.246591,-0.589096,-0.185166
-0.155679,0.120863,-0.0587405,0.184875,0.116488,0.143916,0.573904,-0.325957,-0.569287,0.364841,0.130545,-0.163076,0.160128,0.305986,0.319171,0.139752,0.591777,-0.247082,0.127578,0.167267,-0.0987595,0.0275862,0.409153,0.646824
-0.253045,0.0328912,-0.361233,0.127138,-0.201645,0.207794,-0.400886,-0.109087,0.369532,-0.321328,-0.390641,-0.53542,0.562711,0.0426417,-0.267357,0.773392,-0.387791,-0.668024,0.0139572,0.520286,-0.0277301,-0.00886355,-0.518507,0.538489
-0.252607,-0.580039,-0.757288,-0.433736,0.590412,0.319472,0.526535,-0.486101,0.484294,0.295108,0.294994,-0.185281,-0.157098,-0.332445,0.100509,0.193103,0.140337,-0.522006,-0.472417,-0.675001,0.496524,-0.11621,0.444999,-0.200622
-0.0171132,0.66088,-0.15953,0.868039,0.216866,0.208892,-0.0935956,0.206083,0.700571,-0.11365,-0.165747,-0.0772131,0.0637104,-0.461348,-0.29823,-0.172213,0.0814315,-0.467487,0.0311527,-0.449046,-0.590175,0.516068,0.3148,-0.63049
-0.587991,-0.281256,0.300398,-0.249932,-0.723806,-0.151129,-0.568516,-0.212752,-0.291751,-0.163853,0.232219,0.186155,0.223925,-0.0301361,-0.296828,0.407132,0.126679,0.117266,0.322542,-0.55039,0.355334,-0.188432,-0.15785,0.0992259
0.0982174,-0.40837,0.161012,-0.803417,0.249648,-0.297758,0.111529,-0.652133,0.0901645,0.175011,0.173249,0.0294941,-0.333008,-0.269043,-0.5047,-0.240191,0.031827,-0.0285897,-0.413131,-0.742964,0.201286,-0.159411,0.373104,0.320432
-0.177796,0.279246,0.0136746,0.281572,-0.0132547,0.398018,0.101636,0.175122,0.413844,-0.681626,-0.30916,0.030721,-0.342101,0.442845,-0.525151,-0.119387,-0.458374,-0.526489,-0.846864,-0.322818,-0.298932,-0.624783,0.144413,-0.400563
-0.572853,-0.13107,0.26558,0.396775,-0.00933321,0.336519,0.425217,-0.205098,-0.0971762,0.0515663,0.249362,-0.260598,-0.668141,0.525241,-0.14656,0.478022,0.166149,-0.411199,-0.429542,-0.183743,-0.305858,-0.168734,0.122489,-0.174714
-0.249914,0.50829,0.230909,-0.0658285,-0.556351,-0.307053,0.732662,0.329353,0.361899,-0.12513,0.560878,0.216163,-0.221346,0.0491596,0.337713,-0.12278,-0.170261,-0.0587367,0.534273,-0.0968259,-0.399398,0.201447,0.206316,-0.253422
-0.58848,0.0945006,0.432972,0.470656,0.283758,-0.130153,-0.525533,-0.190264,0.327007,-0.055688,-0.620855,-0.405924,-0.137107,-0.091362,-0.315561,0.568168,0.287289,0.489645,-0.424849,-0.095823,-0.308501,0.0826688,-0.291302,-0.468255
0.255519,-0.41999,-0.0875666,0.088694,0.372899,0.397271,0.329805,0.0812843,0.632911,0.188388,0.0226549,-0.161636,0.00294198,0.359534,-0.278764,-0.154301,0.12599,0.0628742,0.0632074,-0.0652518,0.488688,-0.329066,0.549504,0.0513769
0.371098,-0.570752,0.409672,0.296121,0.0820374,0.124795,-0.568394,0.0107414,-0.116389,-0.394113,0.236865,-0.581085,-0.232575,0.0165485,-0.0713949,-0.361884,0.258696,0.0337242,-0.357004,0.204887,0.386942,0.0138195,0.50664,-0.329774
0.33328,0.312824,-0.0887348,0.0699532,0.409254,-0.434869,-0.406832,0.289557,-0.216871,-0.429108,0.742773,0.348328,-0.761822,-0.336497,0.272008,0.031798,-0.6644,0.492021,0.183378,0.18205,0.462904,-0.11757,-0.735442,0.468463
0.116214,-0.131281,-0.440527,-0.530602,-0.566223,-0.13313,-0.439246,-0.031742,-0.205339,-0.332473,-0.130928,0.451182,0.157789,-0.332934,-0.296107,-0.0663326,-0.507203,0.457091,-0.641778,0.366425,-0.350575,0.475248,-0.210538,0.612088
0.849622,-0.308376,-0.0243498,0.234197,0.189819,-0.0391737,-0.00551247,-0.269852,0.349326,0.168261,-0.105683,0.70132,0.102145,0.356353,0.0891149,0.156284,0.0826971,-0.0419225,-0.149562,0.012047,-0.33416,0.128142,-0.178584,0.409591
0.0765153,0.441892,0.284381,-0.160925,0.57116,0.333073,0.212869,0.221205,0.239703,-0.0114058,-0.247289,0.356051,-0.189376,-0.145348,0.225198,0.0266659,0.63998,0.0556542,0.0303792,-0.207834,0.521108,0.554278,0.0765375,-0.128464
0.211386,0.404659,-0.358301,-0.0596598,-0.335508,-0.0277957,0.611683,0.218517,0.224485,-0.113799,-0.560038,-0.0664692,-0.60614,-0.696052,0.65086,-0.345978,-0.178726,0.193058,-0.74275,0.48683,0.0433186,-0.0757145,-0.274653,-0.363276
0.43651,0.172238,-0.0883417,0.205574,-0.566087,0.0445074,-0.200004,-0.744631,-0.086731,0.306995,0.516939,-0.0219246,0.642486,-0.0700837,-0.482628,0.206372,-0.165074,-0.265056,-0.148781,-0.53186,-0.104544,-0.597607,0.604571,0.313415
0.540755,0.152614,-0.605033,0.366055,0.262489,-0.577352,-0.434171,0.0128373,-0.636846,-0.0674238,0.622386,0.41656,0.127096,-0.661845,0.0763585,0.253889,-0.0404552,-0.192957,-0.315725,-0.626084,0.1292,0.17671,-0.0448153,0.258433
-0.498226,0.178881,-0.236073,-0.418913,-0.227773,0.264476,-0.381442,0.260451,-0.445042,-0.0650104,0.560568,0.1438,-0.429575,-0.534981,-0.139298,0.720067,0.31744,0.717434,0.381679,0.72864,-0.169129,0.17894,-0.507847,0.304838
-0.11608,-0.564617,-0.417194,0.606908,-0.672574,0.082255,0.0234991,0.518697,-0.248649,0.240977,0.564558,0.516491,0.0955729,-0.18627,-0.285424,-0.450239,0.223895,0.579267,-0.548438,-0.602561,-0.406914,0.0778418,0.64477,-0.269025
0.438844,0.356642,0.403345,0.141114,0.0207337,0.0398119,0.595896,-0.0670584,0.159622,0.484196,0.471691,0.482605,0.217565,0.196775,-0.0609274,0.17226,0.148846,0.157821,-0.214508,0.604693,0.379371,0.473145,0.783273,0.147384
0.192105,0.575559,-0.342857,0.196837,-0.181999,0.114384,0.276098,-0.230059,0.537705,0.288737,0.417581,0.183497,0.365575,0.515011,0.235591,0.466743,-0.571494,0.0760084,0.350044,0.0524129,0.357697,0.21804,-0.241652,0.235904
-0.116612,-0.310555,0.182683,-0.0647797,-0.374008,-0.532757,-0.491417,-0.367858,-0.0590869,-0.273486,-0.08797,-0.52339,0.131642,-0.212741,-0.107585,-0.138084,-0.675101,-0.0200602,-0.505944,-0.499642,-0.0959874,0.0743321,-0.476542,-0.347577
0.470044,-0.113539,0.377926,-0.0615162,0.323787,0.229555,0.395127,0.297422,-0.286876,-0.270485,0.158748,0.268426,0.361843,0.340203,0.802039,0.134771,0.532903,0.52506,-0.118796,-0.375036,-0.185069,0.331375,-0.464839,0.520785
-0.372661,-0.390534,0.515963,-0.00086366,0.14429,-0.166963,-0.533677,-0.147617,-0.340535,-0.331606,0.215026,0.531855,-0.561439,-0.12503,-0.180144,-0.0179811,0.0282086,-0.113947,0.428535,0.281726,-0.191428,-0.454875,-0.662659,-0.44122
-0.192654,-0.48169,-0.189764,-0.310611,0.147892,-0.371559,-0.502198,-0.684764,-0.437843,-0.539038,-0.578409,-0.00321318,0.131657,-0.615718,-0.657899,-0.22555,0.182004,0.0442544,-0.361502,0.053696,-0.0519074,0.260757,0.0381304,-0.410411
-0.0543778,-0.11306,0.609196,0.195135,0.0229096,0.345046,-0.0584369,-0.34048,0.116392,0.312762,-0.0481132,0.454805,0.000598788,0.409565,-0.093867,0.074961,0.559588,-0.103111,0.387341,-0.33568,0.12869,-0.102271,0.133968,0.486365
-0.137525,0.89903,0.15267,-0.272904,0.179731,-0.0370461,-0.196836,-0.0304345,0.327161,-0.352529,0.388819,-0.101507,-0.0295693,-0.47402,0.282931,-0.34599,0.42472,0.611886,-0.562677,0.854652,-0.38548,-0.298235,0.0405388,-0.46082
-0.619604,-0.0519763,0.530341,0.525067,0.0706232,-0.452537,-0.275688,0.357844,0.0590763,0.173136,-0.184627,-0.0202236,-0.00315168,0.486182,-0.368285,-0.18492,-0.29388,-0.464417,-0.0881307,0.276932,0.0914517,0.37847,-0.0772669,0.399748
0.654709,-0.67604,-0.720951,-0.283952,-0.380367,0.418214,-0.151442,-0.151987,-0.196721,-0.383668,0.326242,0.458412,0.19719,-0.727365,0.121074,-0.378557,0.0377176,-0.257605,-0.314,-0.291185,0.44036,-0.20061,0.607142,0.190961
0.177196,-0.686435,0.353352,0.196977,0.621811,-0.283397,-0.0269441,0.0588589,0.565162,-0.251517,-0.34421,-0.217344,0.282759,0.359902,0.418754,-0.288478,0.0176449,0.32686,0.355287,-0.180401,-0.418587,0.39453,-0.467433,-0.183225
-0.396845,-0.646661,-0.394823,-0.327209,-0.570346,-0.238759,0.235904,0.522285,0.0344684,0.404082,0.00333404,-0.329377,0.426084,-0.257156,0.347468,-0.478664,0.508471,0.109316,0.239657,-0.301247,-0.26617,0.184463,-0.0848691,-0.21419
-0.29773,-0.0765074,-0.481788,-0.747389,0.644798,0.419009,-0.273939,0.182292,0.307209,0.186998,0.31482,0.142928,-0.348173,-0.207105,0.290916,-0.109607,0.0165845,0.167393,-0.317222,0.16642,-0.631282,-0.439101,0.166157,-0.624993
0.550347,-0.105399,0.291256,0.58791,0.56874,-0.338735,0.824802,0.522381,0.128228,-0.211152,-0.0944659,0.443516,0.211711,-0.138086,0.1095,0.175976,0.198351,0.00630322,-0.21261,-0.123833,0.437395,-0.0563434,0.373074,-0.294372
0.00625287,0.100823,-0.495573,-0.125734,-0.528479,0.307303,-0.450924,0.255957,-0.0373713,0.163047,-0.830233,0.235194,0.0153589,-0.133759,-0.35462,-0.47679,-0.375594,-0.640721,-0.268174,0.188306,-0.266371,0.000172032,-0.731812,-0.261037
0.345836,-0.565941,0.642555,-0.259781,-0.335617,0.448865,0.351857,0.062174,-0.382213,0.6328,-0.701009,-0.305417,-0.265644,-0.698362,-0.0167547,-0.445583,-0.508965,0.215308,-0.377818,-0.651988,-0.0243539,0.375736,-0.732346,0.257736
-0.0585596,-0.32895,0.390566,-0.0823417,-0.43144,0.049559,0.151664,0.27271,-0.254433,0.166054,-0.53401,0.506575,-0.30691,0.286569,0.338057,-0.658948,-0.454273,0.309757,-0.410512,0.634175,-0.0166573,0.253726,0.503388,-0.0595274
-0.365052,0.65628,-0.444664,-0.673547,-0.178446,-0.261756,-0.0129487,-0.400329,0.512416,0.507518,-0.135486,0.320336,0.0499748,0.0538403,0.284281,-0.720092,0.234493,-0.659938,-0.533381,0.301059,0.591543,0.469612,-0.155338,-0.526537
-0.327021,-0.380383,0.322339,-0.278987,-0.436095,-0.351442,0.424536,0.508129,0.327594,-0.0278266,0.44537,-0.00508676,0.237479,0.171479,0.12357,0.606622,-0.181217,0.0758768,-0.361323,-0.178629,-0.199109,-0.000679533,-0.182024,0.384253
-0.334349,0.175958,0.203746,0.314935,-0.422951,0.349582,0.744988,0.266157,-0.479176,-0.200945,-0.186954,-0.613742,-0.302647,0.418523,-0.528991,-0.38734,0.397314,0.230012,-0.423451,0.22431,-0.087832,0.136719,0.195446,-0.287051
-0.308519,0.165229,0.109168,-0.506755,0.470766,-0.352675,0.0667756,0.270216,-0.226982,0.420213,-0.192271,0.373455,-0.183724,0.0635152,-0.523544,0.231186,0.00138801,0.0289468,0.419501,0.0126965,0.561829,-0.029167,0.357594,-0.433533
0.705224,0.0124472,-0.30226,0.555139,-0.0565101,0.207704,-0.414432,-0.387092,0.420081,0.481529,-0.0453585,-0.153952,0.506457,-0.113657,0.0247992,-0.0200304,0.337572,0.470481,-0.126827,-0.801473,-0.310421,0.140785,-0.215812,0.354322
-0.377812,0.45832,-0.342501,0.407367,0.109081,-0.26787,-0.801948,-0.6505,0.107991,0.0579456,0.281706,-0.240916,-0.14578,-0.556001,-0.474637,0.119702,0.332613,0.106207,-0.479967,0.0130999,-0.0117237,0.202502,0.0757611,-0.261419
0.1737,0.302193,-0.20736,-0.300568,0.0521141,0.179066,-0.149667,0.432871,-0.54362,0.235339,0.0376465,0.20417,-0.21415,-0.571158,0.464313,-0.412157,-0.146201,0.037175,0.377633,-0.388561,-0.475988,0.414129,-0.498434,0.288762
-0.0567525,0.0231478,-0.319832,0.288824,0.220549,-0.521208,-0.323872,0.237004,0.129679,-0.00688095,0.248091,-0.0746028,-0.126789,-0.292494,0.249465,-0.124562,-0.447221,-0.442249,0.059739,-0.188965,-0.261814,-0.455204,0.090144,0.161584
-0.482905,0.42369,-0.113465,0.225839,0.229423,-0.299001,-0.19193,-0.174429,0.439354,-0.328111,0.455892,0.0700595,0.0418087,0.624749,0.195199,0.530397,-0.0747234,0.0765828,0.262182,0.312537,-0.0642387,0.244887,-0.203382,-0.0123468
-0.356615,0.610226,0.204611,-0.0479326,0.610188,-0.0961656,-0.239996,0.340574,0.744542,-0.139091,0.331435,0.0384691,-0.418226,0.405063,0.468292,-0.492844,-0.296137,0.0122371,0.170857,-0.543303,0.316065,-0.276321,-0.454767,0.114797
-0.0536004,-0.225464,-0.218636,-0.537465,-0.205566,-0.650352,0.00686148,-0.25569,-0.176846,0.0322963,0.358697,0.141662,-0.432917,-0.0237254,-0.808306,0.0550926,0.491193,0.313929,-0.0313866,0.491817,0.281745,0.00276304,0.620407,0.0519587
0.193732,0.357319,0.39614,-0.53076,-0.438622,-0.378701,-0.394627,0.110887,0.111915,0.323569,0.45125,-0.0808613,-0.395027,-0.314818,-0.184869,-0.404001,-0.360768,0.106957,-0.275502,-0.354618,0.428085,0.253736,0.127761,-0.338882
-0.153643,0.451038,0.114722,0.734442,0.307931,-0.0521693,-0.0100997,0.575427,0.278431,-0.0179548,-0.133496,-0.20828,-0.167737,0.248995,0.287854,-0.109706,0.421251,0.0819905,0.326062,-0.273274,0.0704588,0.126333,-0.158462,-0.272171
0.539376,0.142212,0.735901,0.0491768,-0.555747,0.439605,-0.664177,-0.361667,-0.160972,-0.588242,0.0943935,-0.369398,-0.25757,0.253939,-0.103136,-0.436748,-0.306916,-0.0328159,-0.379205,-0.303298,0.159715,-0.493081,-0.372461,0.161845
-0.0129884,0.540127,0.19287,-0.0906846,0.731889,-0.191944,-0.302324,0.120437,-0.140748,0.462311,-0.637366,0.440849,0.443784,-0.578606,0.0777478,-0.404508,-0.120758,-0.180441,-0.435988,0.423053,0.326751,0.0921674,-0.0614664,0.0509766
0.0344007,0.114699,-0.1965,-0.415971,-0.225523,-0.206497,-0.146969,-0.300593,-0.371467,-0.517148,-0.325112,0.142235,-0.457445,-0.454855,-0.371709,0.396917,0.0088482,-0.146795,0.00411921,-0.192336,-0.316025,-0.191335,0.365,-0.361413
-0.50224,-0.329931,-0.350409,-0.146994,-0.651522,-0.154675,-0.520745,-0.225044,0.111641,-0.537485,-0.0860272,-0.0892259,-0.21198,-0.313779,-0.530592,-0.0521422,-0.243523,-0.443477,0.234197,0.0994633,-0.514865,-0.564249,-0.164639,-0.130102
-0.129547,-0.278555,-0.106375,-0.399757,-0.436695,-0.226966,-0.110355,0.49434,0.0350281,0.00645243,-0.0858101,0.122845,-0.457382,0.653851,0.421008,0.33654,-0.249459,0.225198,0.362256,-0.323531,0.238948,-0.182297,-0.57669,-0.106655
-0.693619,-0.0586363,0.210497,-0.61632,0.194431,-0.318147,-0.0162594,-0.313038,-0.0856995,0.00180838,0.0905526,0.493385,-0.127267,0.00987657,0.431525,-0.185778,-0.0390073,-0.192216,-0.234279,-0.79501,0.31677,0.14741,0.29973,0.618139
0.035387,0.21053,-0.228608,-0.507345,0.399655,-0.161791,-0.378037,-0.247965,-0.547074,-0.673293,-0.662407,-0.474937,0.20207,0.17915,-0.346268,0.148572,-0.316052,-0.542489,-0.171743,0.0297433,0.224786,0.211224,-0.276485,0.245082
-0.442067,0.624339,-0.0749549,-0.308975,0.419378,-0.0636379,0.536534,-0.0617815,-0.0244653,0.189783,0.531623,0.692549,-0.20615,-0.06543,-0.256956,-0.376234,-0.0632835,0.7647,0.0471017,-0.120415,0.133642,0.0206378,0.664962,-0.15706
-0.213176,0.573323,0.274332,-0.26675,0.162243,0.555482,0.246904,0.516175,0.00914725,0.0215636,-0.392771,-0.125173,-0.0772064,0.241339,0.788251,0.479751,0.353005,-0.198958,0.546392,-0.156957,0.0215215,-0.237311,0.633592,-0.0728996
-0.215087,-0.264118,0.215663,-0.600414,0.291922,-0.539409,-0.069895,-0.471727,0.258168,0.301949,0.579909,-0.368349,0.414928,0.53539,0.471512,-0.334277,-0.458855,-0.208303,-0.501004,0.346853,-0.48115,0.430896,0.037921,-0.0805109
-0.049861,0.0354726,0.242483,-0.176766,0.21464,-0.0544393,0.215683,-0.640842,0.0602611,0.247094,-0.456561,0.174462,-0.0898933,0.151938,0.127204,-0.690394,0.258175,-0.286614,-0.0999278,0.287307,-0.122609,-0.176438,-0.488927,0.25579
0.463011,-0.137636,0.704695,0.0122398,-0.256146,-0.212654,0.462962,-0.222496,0.390949,-0.340254,0.376204,-0.0106332,-0.431946,0.432166,-0.0343707,0.572231,0.374825,0.341261,-0.509502,-0.360843,0.216876,0.411258,-0.0268327,0.0918525
-0.195689,-0.470496,0.265175,0.00340863,0.0594368,0.0393546,0.106831,0.416348,0.484123,0.0499766,-0.0298068,0.199752,-0.267387,-0.0943978,0.378205,-0.0123724,0.0231206,0.337776,-0.168519,-0.199953,-0.365238,0.0663663,-0.536829,-0.149497
0.0807128,0.318391,-0.169914,-0.245659,-0.364959,-0.343821,-0.136153,-0.485562,0.423736,0.606707,0.127551,0.452073,-0.0216525,0.207416,0.417047,-0.351737,0.142815,0.0761496,-0.322483,0.175921,0.291255,-0.526091,-0.715502,0.0739348
-0.340113,0.29375,0.131093,-0.386545,0.356756,-0.319589,-0.0829738,-0.0265286,0.384235,-0.480324,-0.782245,0.163022,0.447901,-0.134896,-0.626838,0.12826,-0.239779,-0.150409,0.323018,-0.071321,0.215941,0.38856,-0.21787,-0.0316378
0.317748,-0.329353,-0.0119928,0.237893,-0.222247,0.111918,-0.535692,-0.324021,-0.34959,0.066207,-0.589356,-0.257855,0.167293,-0.223936,-0.484149,-0.316477,0.236682,-0.357659,-0.484729,-0.517885,-0.168261,-0.0386141,-0.161691,-0.0390648
-0.429986,0.593565,0.0726803,0.337398,-0.580592,0.380505,-0.0860242,0.100568,-0.373927,0.31773,0.263081,0.365901,0.0834752,0.505464,-0.185489,-0.325995,0.00102421,0.304084,-0.323883,-0.0771175,0.817257,-0.357272,-0.301889,0.352807
0.138799,-0.236119,0.248993,-0.148256,-0.776304,-0.629655,-0.149658,0.114296,-0.267357,0.177985,0.278526,-0.388174,-0.410357,-0.562958,0.285325,-0.0752256,0.0343251,0.13838,-0.615324,-0.377349,-0.726326,-0.394148,-0.421655,0.177568
0.373439,0.112252,-0.195165,0.109133,-0.245699,0.0348833,-0.0779956,0.536382,-0.22795,-0.0328867,-0.113266,-0.3807,0.61112,0.534212,-0.638368,0.1062,0.0734327,0.348584,-0.123277,-0.270124,-0.587316,0.0369269,0.0607351,-0.112695
-0.434936,-0.970053,-0.714085,-0.482735,-0.442186,-0.245432,0.472043,0.171761,0.314113,0.15067,0.526329,0.383939,-0.0468721,0.107636,0.332228,-0.485071,-0.334932,0.138631,0.54375,0.139704,-0.0716686,0.57161,-0.0112523,0.0538443
-0.175391,-0.399541,-0.319044,0.179805,0.488989,-0.549079,-0.374045,0.290266,-0.147739,0.298062,-0.147865,-0.642207,0.30626,-0.780838,0.539808,-0.146992,-0.10837,0.0102767,-0.439285,-0.289543,-0.263136,0.119078,-0.20627,0.279704
0.242385,0.0646523,-0.372302,0.125726,0.198926,0.0551153,0.236628,-0.107698,0.313655,-0.177731,0.257537,0.15374,-0.10687,0.402354,-0.555385,0.186469,0.00986209,-0.254068,-0.0783908,0.156339,-0.514749,0.106804,-0.198394,-0.664847
-0.290392,-0.0770372,-0.244613,-0.361069,0.331444,-0.418074,0.262816,-0.116379,0.264248,-0.644051,0.196657,-0.0247611,-0.285392,-0.257931,-0.239716,-0.240937,-0.269729,-0.295741,-0.291821,-0.506283,0.0563717,-0.370661,-0.417218,-0.0828204
-0.487177,-0.174633,0.217191,-0.111923,0.328782,-0.349727,0.103089,0.347716,-0.475275,-0.00354691,-0.367651,-0.0370311,-0.769625,0.199965,-0.381442,-0.238116,-0.23204,-0.194104,0.35326,-0.039365,-0.215672,0.255715,-0.266954,-0.487876
-0.00284195,0.102805,-0.0124296,-0.0696815,0.401826,0.0166171,0.247688,-0.293602,-0.316322,-0.687783,0.371669,-0.010136,0.356678,-0.458285,-0.558345,-0.0751022,-0.695225,-0.680413,0.192579,0.420232,0.134727,-0.357487,-0.146373,-0.315076
0.45996,-0.0713656,0.350728,0.528747,-0.35507,-0.148339,0.274345,0.0690325,-0.456352,-0.158255,0.020589,-0.424031,0.135792,-0.266533,-0.380961,0.647813,0.278107,0.283655,-0.181802,0.358609,0.659963,-0.143556,0.25426,0.039953
-0.110753,-0.00411566,-0.119642,0.0916398,0.524568,-0.409936,-0.217819,0.459287,-0.356995,0.125596,-0.711176,-0.534041,-0.232616,-0.0958313,0.154788,0.414489,0.52788,0.432195,-0.334901,-0.19908,-0.494021,-0.026045,-0.215588,-0.0210698
-0.495838,-0.396353,-0.50419,0.544725,0.460878,0.344518,-0.160095,-0.111181,0.209592,-0.769923,0.0402717,-0.139694,0.0121298,0.19556,-0.345218,-0.570774,0.482967,0.309849,-0.445359,0.569883,0.442839,-0.0741564,0.591174,-0.317292
0.148257,0.190551,-0.0285972,0.342896,-0.66245,0.441679,0.599539,0.256646,-0.616604,0.181596,-0.274603,0.0412119,0.525613,-0.427439,0.210259,0.154647,-0.233825,0.382387,0.335267,0.235584,-0.240205,-0.079242,-0.227865,-0.108053
0.582751,0.130777,0.492051,0.388227,0.455887,0.353538,0.22125,0.402593,0.283632,0.212704,0.45665,0.412621,0.183068,0.255194,-0.197975,0.505869,-0.271604,0.519218,-0.0894248,0.639209,0.694385,0.640347,0.097189,0.58422
-0.0170133,0.553406,0.340679,0.165545,0.0364588,0.314183,-0.317403,-0.517649,0.336982,0.276012,-0.266481,-0.138509,0.364682,0.023848,-0.654177,-0.293484,-0.674793,-0.154442,0.85285,0.393422,0.302835,0.340961,0.470048,-0.119992
-0.479937,0.0796745,0.380409,0.231649,-0.397952,0.244322,0.0267681,0.0230335,-0.450797,0.0504836,0.0258627,0.359358,-0.27408,0.0901604,-0.212994,0.446335,0.426847,-0.610677,-0.0142236,-0.432719,0.439355,-0.396439,-0.269905,-0.431852
0.0724966,0.448299,-0.571709,0.487559,-0.0977484,0.328277,0.351532,0.584641,0.19352,-0.0124526,-0.0594224,0.388318,-0.023857,-0.500809,-0.174916,-0.295942,0.299069,-0.186973,0.452046,0.126898,0.0462336,-0.358761,0.583758,-0.246731
