-0.258579,-0.192307,0.0882681,0.0437934,0.190881,-0.316716,-0.19785,0.16939,-0.290207,-0.386258,-0.0678117,0.427102,-0.272678,-0.333743,-0.185866,-0.122294,-0.160325,-0.447036,0.223583,0.38171,0.494455,-0.239494,-0.330632,-0.31914,-0.0620389,0.0162503,-0.387282,-0.193344,-0.200317,-0.294558,0.280924,0.490351,-0.0737116,0.381229,-0.0381411,-0.235572,0.49312,-0.128832,0.449037,0.48231,-0.102923,0.443171,-0.361259,0.294446,-0.160847,-0.171621,0.42897,-0.326965,-0.117343,-0.146496
0.284215,-0.1552,0.0909021,0.277133,0.417116,-0.272944,-0.138479,-0.376048,-0.28672,0.180545,-0.288625,0.205251,0.0651122,0.406114,-0.215796,0.0082777,-0.329173,-0.264806,-0.389464,-0.26219,-0.191852,-0.386475,-0.312053,0.374967,0.404368,0.331551,0.101748,0.160168,0.0089779,-0.0828478,0.277081,-0.263358,-0.113322,-0.136027,-0.0308483,0.519954,0.058642,-0.0366219,-0.156621,0.104974,-0.281076,-0.225238,0.121589,-0.444163,0.342743,-0.194089,0.17905,0.327938,-0.150837,-0.450168
-0.089132,0.244604,-0.234763,0.191518,-0.155446,0.179543,-0.525895,-0.187912,-0.23821,0.0243704,0.111588,0.315219,0.247647,-0.321355,-0.343562,0.221907,0.241202,0.0816869,0.46336,-0.0562214,0.0719787,0.416997,-0.00124133,-0.249364,0.389958,0.140204,0.116806,-0.123636,-0.00782334,0.0896054,-0.150405,0.324844,-0.165024,-0.350408,-0.395656,-0.247285,-0.0921365,0.159445,0.212781,-0.178224,-0.13774,-0.130242,-0.0230946,-0.132472,-0.0939095,0.193152,0.0896504,-0.247074,0.211515,0.156263
-0.213337,-0.107091,-0.215444,0.0576988,0.0949703,-0.340059,-0.42877,-0.122424,0.210168,-0.17065,0.160389,-0.313247,0.445731,-0.0169186,-0.231203,0.0488205,0.242576,0.495617,0.182003,0.0148209,-0.257728,-0.0704197,0.550914,0.0735504,0.0327283,-0.310457,-0.469195,0.0631968,0.564484,0.184093,-0.117065,-0.000520841,-0.203026,0.263909,-0.0473622,0.462338,-0.373277,-0.189722,0.298121,0.371362,-0.177551,-0.258515,-0.0894004,-0.420067,-0.186063,0.302995,0.201474,0.30636,-0.40691,-0.150713
-0.331592,0.377977,-0.289075,-0.365836,-0.0314832,0.385141,-0.40057,-0.358416,0.236924,0.0397405,0.3841,0.50087,-0.0738104,-0.136232,-0.229146,0.534023,0.107196,-0.390985,-0.136379,-0.204099,-0.417618,-0.22314,0.395367,-0.484557,-0.117564,0.48611,-0.219346,-0.318248,-0.0326484,0.0347692,0.0284828,0.31581,-0.238375,-0.11233,-0.452686,0.569436,0.430864,0.484742,-0.30705,0.391198,-0.230077,-0.448589,-0.165129,-0.329628,-0.0199326,-0.444791,-0.0841438,0.394752,0.0888523,0.109185
-0.157598,0.0527349,-0.516006,-0.164697,-0.29127,0.293732,0.202809,-0.409163,0.365756,-0.21993,0.116137,-0.194588,0.0989203,0.101061,0.237859,0.148985,-0.225023,-0.296749,-0.198631,-0.358154,-0.132233,0.253813,-0.00319112,0.266082,-0.0126936,-0.104652,0.123681,0.309855,0.157284,-0.0440931,-0.0186663,0.330425,0.299948,-0.377138,0.30754,-0.0753752,-0.441214,-0.389356,-0.200927,0.053952,-0.344441,0.468238,0.24676,-0.309181,-0.0549586,-0.312712,-0.374105,-0.376796,0.308711,0.301013
0.30123,0.229969,0.199521,0.215932,-0.326218,0.483299,-0.578651,-0.0651366,0.00974469,-0.416713,0.397914,0.295202,-0.0808691,0.306311,0.417184,-0.455057,0.146489,-0.191655,0.21683,-0.288647,0.492847,-0.264999,0.00974666,0.279866,0.0147413,-0.309187,0.0233788,0.231522,0.445197,-0.43426,-0.281073,-0.014909,0.203103,0.363259,0.305806,-0.109379,0.148215,0.431859,0.41926,-0.4141,-0.216704,-0.435936,0.155783,-0.353456,-0.311641,0.297011,-0.403295,-0.343107,-0.0203471,0.333027
-0.278797,0.257773,-0.178199,0.176682,0.401727,-0.275296,-0.192246,-0.264998,-0.135274,0.0453491,0.26641,-0.266252,0.254972,-0.134398,0.232133,0.485286,0.473524,0.524116,0.550498,0.254796,0.433557,-0.264315,0.155399,0.48125,-0.0348789,0.320408,-0.457605,0.327472,-0.0159469,0.324738,-0.147307,0.318736,-0.504264,0.448342,-0.137047,-0.178482,-0.427175,-0.415456,0.414517,-0.147551,-0.291741,0.116955,-0.131051,0.133382,0.383554,0.331107,0.366155,-0.102174,0.107144,-0.381493
0.203052,0.00985492,0.524331,-0.172129,-0.377249,-0.420374,0.377411,0.498265,0.416146,0.310681,0.096958,0.21885,0.186938,0.179849,0.280382,-0.310687,0.465502,-0.319599,0.168848,0.26248,-0.356611,-0.376108,-0.346363,0.540512,0.257534,0.0725213,0.375565,-0.489049,-0.085669,0.433126,0.208127,0.432631,-0.469001,0.104925,0.324004,-0.125669,0.177879,-0.29025,-0.23757,-0.499484,0.476582,-0.0656432,-0.149884,-0.17977,0.254752,-0.17419,0.461623,-0.250776,-0.467189,-0.228353
-0.22071,-0.317238,0.345451,-0.0882514,-0.247614,-0.161918,-0.15647,-0.434906,-0.21083,-0.249133,0.102527,-0.288227,-0.20385,0.175645,0.449357,0.326809,0.40242,0.269341,-0.029126,-0.311812,-0.0721232,0.233715,-0.11703,0.134832,0.173733,0.175883,-0.3381,0.327218,-0.151469,0.328072,-0.343809,-0.46331,0.0109488,-0.217433,0.165742,-0.219285,-0.0294128,0.379704,-0.367023,0.5185,0.433479,-0.262631,-0.257654,-0.0820438,-0.034512,0.188622,0.538935,0.518112,0.340981,-0.0278248
-0.279172,-0.443209,-0.314326,-0.283385,-0.0951356,0.39007,-0.521119,-0.498647,-0.0643314,-0.203628,0.204792,-0.0716631,0.311564,-0.228241,0.128221,0.152939,0.225438,0.178958,0.31321,-0.0926124,0.299258,-0.114764,0.0186329,-0.384296,0.216719,-0.239707,0.447829,-0.341266,-0.394638,-0.467766,-0.28348,0.398951,0.33968,0.169815,0.0758892,0.46924,-0.292273,0.148574,0.383048,-0.390518,0.0870721,-0.287374,0.327082,-0.370143,-0.42067,0.340317,0.456977,0.613966,0.0700704,0.383148
0.440556,0.144889,0.0945104,-0.422503,-0.219445,-0.0439259,0.236327,0.401453,-0.265613,-0.107055,0.300427,0.082362,-0.19911,-0.145615,0.118021,0.492627,-0.115174,0.229451,0.373291,-0.296202,0.170266,0.472691,0.0381779,0.482428,0.443247,0.160632,0.364182,0.0958802,0.582523,-0.33505,0.206555,-0.137005,-0.115287,-0.0715759,0.397096,-0.0892475,-0.337702,0.317107,0.414716,-0.433669,0.0882701,-0.113977,-0.137766,-0.119621,-0.140064,-0.0541062,0.19966,0.000959577,0.304783,0.420385
-0.124746,0.417665,-0.220322,0.442739,-0.284215,0.392036,-0.0187051,0.133997,-0.0212503,0.351392,0.397019,0.317093,-0.172214,0.567971,-0.170156,0.198275,-0.249826,-0.0977162,0.356721,-0.413884,-0.385981,-0.517609,-0.362922,0.381835,-0.484891,-0.102516,-0.00996377,0.0393619,-0.286796,0.337689,-0.389056,0.0601585,-0.376485,-0.181111,0.389946,-0.120322,0.256401,0.227799,0.443948,-0.00768724,-0.189128,-0.0158077,0.0927299,0.0744685,0.177119,0.385633,-0.21406,0.620931,0.031213,-0.270882
0.204403,0.0850531,0.479239,-0.0488601,-0.24669,-0.111353,0.0840821,-0.189442,-0.0487612,0.4399,-0.136397,0.037453,0.241342,0.473277,0.181638,0.0558372,-0.378734,-0.301117,0.491951,0.265261,0.00141591,-0.138321,-0.0188575,0.494019,-0.383554,0.405897,0.225292,0.273728,-0.214819,0.133727,-0.223748,-0.368038,-0.0378651,-0.526486,-0.425206,-0.476053,0.388035,-0.317103,-0.0345985,0.159125,-0.282339,0.35893,-0.379591,0.296054,0.125363,0.408821,-0.453159,0.0583183,-0.284222,-0.226188
0.226579,-0.135596,-0.394158,-0.138493,0.00757705,-0.484843,0.0685811,0.162476,0.335274,-0.329265,-0.412852,-0.0486082,0.261349,0.215792,0.364418,0.503925,0.377242,0.121465,0.409787,-0.199087,0.151111,-0.35909,0.162814,-0.179294,-0.0890625,0.194218,-0.126646,-0.398619,0.19725,-0.109851,0.470255,0.146847,0.120576,-0.1821,-0.160459,-0.466816,0.376567,-0.334725,0.503852,0.144579,0.00494787,0.130959,-0.329508,-0.584052,0.271274,0.144788,0.704658,-0.109457,0.142421,-0.326425
-0.215898,0.0737715,0.454886,0.138338,0.0623483,0.259987,0.118473,0.450653,0.0521848,0.0328611,0.0190884,-0.325025,-0.117482,0.337842,0.041753,-0.263853,-0.0453593,-0.0993253,-0.143414,0.0523586,-0.133964,-0.508312,0.0098819,0.0978466,-0.421362,-0.403107,-0.0703936,0.294445,-0.117791,0.420178,0.269997,0.469113,-0.181041,-0.160584,-0.292179,-0.451495,-0.208792,-0.504643,-0.184717,0.423373,-0.48934,0.537199,0.0277775,0.351277,0.0719699,0.0930039,-0.390212,-0.319137,0.0197888,0.0416098
-0.32817,-0.413852,0.425774,0.338179,0.123323,0.542558,0.121335,0.394792,0.169722,-0.0263779,-0.0273065,0.298148,-0.00413442,0.530162,0.0927881,-0.411182,0.0686523,0.259407,-0.403855,0.0537936,0.102779,-0.101293,-0.285526,-0.187199,0.318264,0.589982,0.0219441,-0.0536836,-0.424441,0.400946,-0.448796,0.459832,-0.0472189,0.224303,-0.334219,-0.329828,0.140788,-0.190149,-0.184486,-0.245624,-0.219536,-0.33953,0.069117,-0.213945,-0.347395,-0.329062,0.250568,0.187876,-0.469385,-0.0210041
-0.169095,0.176395,0.192312,-0.0141208,-0.0605387,0.403589,0.458974,-0.284487,0.26929,0.369112,0.347885,-0.0859177,-0.141359,0.354721,-0.0842936,0.422112,-0.0219805,0.0808007,0.290301,-0.39289,-0.307811,0.289464,0.370262,0.33545,-0.159004,-0.289233,-0.534217,0.403406,0.560938,0.468348,-0.136137,-0.128473,-0.112985,-0.0589088,0.108986,0.35105,0.270752,-0.143228,-0.321507,0.317002,0.159693,-0.0149255,-0.328499,-0.403759,-0.514778,-0.480496,0.0349126,-0.105358,0.479862,0.388824
0.37077,0.116055,0.44197,0.0756969,0.421836,-0.597954,-0.0270105,0.36313,-0.607687,0.315745,-0.576821,0.40306,0.0240465,0.0770319,-0.0102781,0.0737051,0.413095,-0.295281,0.165124,0.0004137,0.419801,-0.37319,0.395688,0.600989,-0.15129,0.630461,-0.245017,-0.145155,0.347324,-0.27182,-0.102344,-0.241363,0.252732,-0.297676,0.240054,0.170794,-0.503661,-0.377631,-0.262883,0.379943,0.0108312,0.446859,-0.146499,0.166107,-0.245932,-0.253209,0.163606,0.260985,0.562558,0.0492749
-0.134999,0.145797,-0.39154,-0.0672705,-0.0912305,0.0521479,-0.351591,0.0110927,0.343578,0.247549,-0.0305877,-0.256741,0.0589259,-0.318616,0.511322,0.413182,0.384948,0.386296,0.449606,0.275669,-0.356003,0.273956,-0.236551,0.339012,0.120896,0.536962,-0.280247,-0.243274,-0.497459,0.141342,-0.266781,-0.392448,0.0381575,-0.475536,-0.107783,0.210275,0.199091,-0.311346,-0.121467,-0.00227304,0.108345,0.209796,-0.230696,-0.277524,-0.243346,-0.090788,-0.0682861,0.508302,-0.476648,-0.0113479
0.290087,-0.296105,0.261842,0.60828,-0.17693,-0.0159656,-0.052081,0.172936,0.307801,0.429922,-0.390899,0.547549,-0.0526547,0.123574,-0.0698757,-0.181909,-0.0456175,-0.272907,-0.426792,-0.248063,0.279913,0.311211,-0.264498,-0.0720429,-0.622435,0.345145,-0.033143,-0.404476,0.434538,-0.0753043,-0.55795,0.111265,0.491842,0.367137,0.335516,0.218336,0.322603,0.313607,0.453014,0.054561,-0.125715,0.178148,-0.342207,0.16945,-0.266138,0.462078,0.250575,0.0471735,-0.523083,0.37628
-0.0818434,0.48689,0.313604,-0.0922055,0.447355,0.555386,0.0350674,-0.490328,0.0129889,0.435398,-0.411334,0.102032,-0.35811,0.0201389,0.424102,-0.371149,0.492033,0.213707,0.217427,0.0383419,0.0415055,0.179564,0.540453,0.380983,-0.0250247,-0.399067,-0.276007,0.340935,0.54993,-0.248461,-0.289708,0.132626,0.400447,0.138883,-0.0958602,-0.577202,-0.15166,0.0631618,-0.31945,0.183931,-0.342601,-0.174456,-0.385898,0.274138,-0.318522,-0.201423,0.0862402,-0.000852393,0.35636,-0.298714
0.464212,0.139073,-0.379559,0.0562569,0.442669,-0.0928997,-0.422023,-0.372376,-0.137684,-0.108677,-0.364853,0.0873195,0.0795432,-0.467836,-0.204294,0.354198,0.514561,-0.205193,0.35032,-0.281811,-0.0988117,0.216094,0.274127,-0.0741301,0.082682,0.233211,0.483261,0.308916,-0.0895566,0.292815,0.089383,0.563328,0.145193,0.0991635,-0.093677,-0.38114,-0.26563,-0.21681,-0.186824,0.288175,-0.48155,-0.0442081,-0.217283,-0.285782,-0.414277,-0.0182938,0.342261,-0.133664,0.049677,-0.23282
-0.461967,-0.220675,0.0764637,0.408776,0.257244,-0.3353,-0.0950273,-0.233057,0.480951,-0.162344,-0.135235,0.246389,-0.322091,0.38985,-0.469841,0.0861052,0.265767,0.451514,-0.396492,0.265312,0.108701,-0.218424,-0.0105417,-0.012436,0.0346941,0.0130821,0.191038,0.159939,-0.368719,0.113579,-0.0564457,0.104378,-0.0520403,-0.435695,0.271239,0.465705,-0.282978,-0.439028,0.106828,-0.178703,-0.217951,-0.460892,-0.462709,-0.12814,-0.391187,-0.434369,0.362615,0.0464054,-0.103949,0.135464
0.00738886,0.0506448,-0.203958,0.0657571,0.254178,-0.506742,-0.21228,-0.438949,0.250039,0.145134,-0.164114,0.469686,-0.234701,0.316557,-0.26936,-0.456924,0.202154,0.131111,0.163609,-0.483851,0.0163333,0.223106,0.69405,0.162176,0.351356,-0.123502,-0.296029,-0.396437,-0.157781,-0.0124857,0.240928,0.0145906,0.251909,0.378759,-0.178534,-0.299818,0.172087,-0.182831,-0.374842,-0.246314,-0.211764,0.296751,0.175745,0.0420381,0.113643,0.169588,-0.0579706,0.372814,0.406862,0.222986
0.0798965,-0.118491,0.166761,0.282503,-0.00766839,-0.178764,-0.124683,-0.0211538,0.0381243,0.360534,-0.490616,0.384907,0.0544161,0.113237,-0.0339843,-0.153362,-0.363903,0.333102,-0.340228,0.0746989,-0.120171,-0.0564167,-0.0424379,0.154956,-0.0898793,-0.0837679,0.229857,0.289332,0.323107,0.207583,-0.0994444,-0.0382452,-0.440446,-0.214646,0.2067,0.402835,0.245541,0.420244,-0.0968037,-0.412423,-0.0214281,0.0193897,-0.30695,0.202918,-0.301994,0.450523,0.321028,0.143336,0.269141,-0.348976
-0.486642,0.439845,0.0752623,-0.320127,-0.167909,-0.439034,0.0934745,-0.0794477,0.260677,0.0107337,0.418636,-0.235408,-3.41736e-05,-0.480052,0.014922,0.157248,0.512897,-0.145373,0.297061,0.353204,0.442178,0.248184,-0.213095,-0.324707,0.417313,0.0323727,-0.045218,0.121505,-0.391817,-0.364414,-0.293122,-0.454889,-0.07064,0.304759,0.084036,-0.358099,0.457295,-0.0959022,-0.511844,0.0146486,0.145297,-0.42365,-0.222723,0.010756,0.313123,-0.293713,0.100637,0.0859866,0.321381,0.372245
0.148522,-0.32985,0.309418,0.331147,-0.400876,-0.473001,-0.0629042,-0.330544,-0.263513,0.415814,-0.249055,-0.278137,0.295302,0.302122,0.401937,0.539481,0.199571,0.184003,0.390321,0.32273,0.444328,0.161547,-0.261622,0.128934,0.15369,0.108726,-0.394397,0.338841,-0.436426,-0.105065,0.179307,-0.00346176,0.498802,0.354394,-0.355133,-0.25453,-0.0822133,0.498833,-0.166688,0.0542441,-0.131869,0.226907,0.129897,-0.325118,-0.500241,-0.279606,0.254134,-0.267617,0.461798,-0.16809
-0.135286,0.02385,-0.464087,-0.351425,0.368934,-0.337871,0.0858038,-0.103043,0.29925,0.606512,-0.311385,0.174848,0.254466,-0.13061,-0.39118,0.243244,-0.419277,0.267951,0.162601,0.183792,0.354282,-0.33211,0.405003,0.0589508,0.0479804,0.250453,0.332091,0.125868,-0.462475,0.330808,0.145699,0.00662328,-0.0704218,-0.213214,-0.232516,0.0680884,0.302174,-0.246849,0.0913206,-0.48159,-0.297626,-0.176698,0.137341,-0.0823823,0.00470285,0.0863429,-0.155081,-0.519706,-0.423047,0.115784
-0.507975,0.408137,0.181584,0.119036,-0.0715872,0.0619422,0.429918,0.448145,0.460067,-0.526496,0.614837,-0.457374,-0.476375,-0.419687,-0.253215,-0.0400631,0.199689,-0.229482,0.383177,0.14106,-0.302803,-0.0840728,-0.030524,0.00446005,-0.126849,-0.282095,-0.120308,0.356562,-0.387074,0.178934,0.0186648,-0.306522,0.0789639,-0.211897,-0.468667,0.236724,-0.139132,-0.18906,0.273666,-0.160804,0.219399,0.0603548,0.125516,-0.516884,-0.430418,-0.389068,0.239803,-0.0508032,0.46033,0.283747
-0.265598,0.0959767,-0.227207,-0.24452,0.395911,-0.311701,0.156067,0.479342,-0.0797605,-0.497359,-0.155595,-0.205207,0.250404,-0.493236,0.372712,-0.155476,0.331559,0.223606,-0.175514,-0.598385,-0.256513,0.00721096,-0.289246,-0.209656,-0.542598,0.359379,-0.272636,-0.364512,-0.428205,0.0891001,-0.00302656,0.296347,0.304529,0.321347,-0.279226,-0.0161582,-0.230292,0.301905,0.0987085,0.250993,0.331433,-0.308391,0.202552,-0.0952124,-0.270861,-0.13027,0.162611,-0.102748,-0.137055,0.371133
0.0246583,0.330725,0.332686,0.242931,0.115251,-0.114476,0.357119,-0.302302,-0.277016,-0.36579,-0.130166,-0.0309575,-0.037986,-0.0627795,0.064609,-0.330146,-0.11534,0.169914,-0.341087,0.122785,0.353614,-0.161637,0.467296,0.26941,-0.43541,-0.291442,0.334168,0.201833,-0.087238,-0.399135,-0.270202,0.0520088,0.21455,-0.355068,0.136229,0.338477,0.43213,0.0743787,-0.161415,-0.400377,0.262016,-0.317381,0.276283,-0.214231,0.318605,-0.467225,-0.233919,-0.209705,-0.0205421,0.507293
0.382936,-0.330561,-0.266195,-0.214907,-0.448497,0.220541,-0.267151,-0.305128,-0.256472,0.286446,-0.477599,0.232246,0.145125,-0.442762,0.140135,0.534454,0.493775,-0.141645,-0.00753324,0.495196,0.0113569,0.0762213,0.0877056,0.126413,-0.130452,-0.276186,0.307952,-0.0593921,0.218412,-0.365481,0.0387601,-0.112443,0.405694,-0.00441275,0.020507,0.168511,0.384026,0.349548,-0.224351,0.32658,0.515961,0.259703,-0.234384,-0.42681,-0.469115,0.0144461,0.155157,-0.213125,-0.048574,0.378309
0.0424492,-0.142226,0.0518166,0.462177,-0.45957,0.407139,0.10746,-0.232032,0.10043,0.0965984,0.244753,0.454042,-0.0971296,-0.211631,-0.267302,-0.568918,0.124562,-0.148246,-0.27195,-0.108314,0.280732,-0.0823292,0.40513,-0.0927948,0.382792,-0.0257191,0.446173,0.0246876,-0.000380968,-0.475345,0.260501,0.349854,-0.344406,0.394993,-0.144265,0.186706,0.180085,-0.204372,-0.220135,0.454583,-0.175892,-0.0285917,-0.175535,0.350837,0.161462,0.483209,-0.33509,0.180674,-0.269321,-0.159856
0.342345,-0.214902,-0.47974,-0.158534,-0.101895,-0.0521043,-0.340361,-0.108668,0.328798,-0.172941,-0.42479,0.122449,-0.328457,0.286898,0.24234,0.151776,-0.306294,0.196022,0.508691,-0.461495,-0.290571,0.31889,0.415372,-0.160936,0.13606,-0.255555,0.438212,-0.0533755,-0.186575,0.275837,0.314948,0.429696,-0.492289,0.359058,-0.288114,0.224888,0.325669,0.342343,-0.393802,0.36508,0.295465,0.00716211,-0.345001,-0.062699,-0.204158,0.226505,0.304784,0.391837,-0.0350033,-0.221981
-0.444628,0.430181,0.0387368,-0.135335,0.200224,0.0681809,-0.220862,-0.0925083,0.36232,-0.205535,0.438955,0.299423,-0.498365,0.15801,0.50128,0.490718,0.128074,-0.174999,-0.448395,-0.158055,0.0830945,0.291194,-0.0187203,0.118094,0.251827,-0.262614,-0.374435,0.118238,-0.296621,0.0652453,0.436297,-0.401949,-0.21554,0.446837,0.0416435,-0.0210641,0.116088,0.251716,0.0732358,0.236451,-0.209995,0.366082,0.130997,-0.263958,0.0262728,0.066647,-0.0548235,-0.441018,0.381523,-0.0757505
0.398662,0.5117,0.175971,-0.149443,-0.208944,0.157198,-0.300459,-0.246962,-0.0160675,0.159084,0.0653725,-0.210251,0.216215,0.401083,0.513997,0.208446,0.388297,-0.0241902,0.0703896,0.0758891,-0.433051,-0.297585,-0.159806,-0.0468806,-0.0844097,0.527441,-0.124049,-0.454534,-0.277549,0.11136,-0.186004,0.124145,0.475584,-0.489096,-0.335971,-0.341543,0.115527,0.0437757,0.116842,0.0311801,-0.0753701,-0.103555,0.413168,-0.385348,-0.410464,-0.313464,-0.230669,0.380816,-0.457596,-0.205747
0.0642054,-0.392387,0.176067,-0.430567,0.0901325,-0.037223,-0.27791,0.154655,-0.17821,-0.021775,-0.460543,-0.155094,-0.0266019,0.138841,0.252847,0.139489,0.475174,-0.546333,0.368114,-0.495467,-0.291887,-0.468,0.0557988,0.374313,-0.241043,-0.199714,0.0177716,-0.112853,-0.310524,0.218283,-0.279262,-0.0609228,0.189638,0.202353,-0.334724,-0.238088,0.197306,0.230542,0.538241,0.553227,0.324009,0.11068,0.322548,0.1887,0.0476295,-0.047877,0.279991,-0.357911,0.501769,-0.540439
-0.28564,0.13167,0.30235,-0.473056,-0.00141221,0.38229,0.0767226,0.0839016,-0.173345,0.517736,0.259949,-0.588552,0.253711,0.365387,0.00631213,0.375272,0.06214,-0.229571,-0.527505,-0.395064,0.0900374,-0.534183,-0.225411,0.100159,-0.461827,-0.585409,-0.176265,-0.0174733,0.130969,-0.0259664,-0.17603,0.2823,-0.183743,0.422099,0.300562,0.18811,0.279938,0.370441,0.0236764,-0.446037,-0.0358076,-0.0208741,-0.45256,0.313281,-0.0869856,-0.136268,-0.098956,0.0353116,-0.124448,0.0331818
0.114508,-0.088207,0.0229443,0.00521752,-0.0417022,0.141543,-0.242613,-0.039789,-0.412541,-0.262853,-0.290907,-0.671316,-0.157768,0.0119153,0.407354,0.494483,0.276881,0.259082,-0.019164,-0.0828576,-0.0119869,-0.271738,0.0882878,-0.1226,-0.430333,-0.0806089,-0.174643,-0.211507,0.240646,-0.0729905,0.580661,-0.0648443,-0.267916,0.222341,-0.613574,0.107533,-0.270769,0.217342,0.325912,0.161543,-0.404288,0.330992,-0.204035,-0.174169,0.335997,-0.136093,-0.0178016,-0.426808,-0.350557,0.0569382
0.356926,-0.0145239,-0.0815159,-0.0645956,0.22215,0.297457,0.0516555,0.132332,0.069249,0.483623,0.0622163,0.113146,0.123283,-0.28534,0.192694,-0.00639613,0.428525,0.228144,-0.431409,-0.332976,0.0192135,0.383675,0.228056,0.143624,-0.529063,-0.430298,0.0469064,-0.53097,-0.0156288,0.179734,-0.13391,0.0344043,-0.335771,0.426182,0.259034,-0.0143745,0.403874,0.209882,-0.35245,0.412601,0.335755,0.276276,0.433242,-0.569879,0.499063,-0.167533,0.531416,-0.369935,0.260546,0.0246985
-0.0884776,0.210017,0.498492,-0.217174,0.412892,0.0925094,0.0194845,0.0670165,0.0858914,-0.288113,0.057768,-0.0480424,-0.0700179,-0.473545,-0.309444,0.135991,0.534965,-0.250545,0.351634,0.0975695,-0.332157,-0.0920486,0.013189,0.130391,0.302848,-0.239293,-0.26469,-0.00638879,0.0286348,-0.0452974,-0.259933,0.293324,0.492682,-0.0327382,-0.0514942,0.319602,0.470796,0.00634445,-0.143138,-0.173156,-0.341051,0.141199,0.235426,-0.408406,0.0300234,-0.316377,-0.22716,0.18274,-0.566622,0.0501249
-0.047325,-0.324118,-0.292275,0.0660597,0.180364,-0.200466,0.547434,-0.147051,0.0894595,0.0164293,0.357103,0.0293359,0.503786,0.274604,0.0625951,0.349157,-0.191701,0.146635,-0.272356,0.156942,-0.578692,-0.23739,-0.172193,-0.368176,0.404409,-0.355192,-0.0557509,0.413284,0.235572,0.106111,0.0819333,0.338957,-0.0758141,-0.198921,0.369818,-0.337029,-0.0444647,0.0294383,-0.00851954,0.237607,0.326793,-0.248691,0.186513,0.203449,-0.403201,0.171382,-0.470743,0.0441427,0.528061,-0.127482
-0.297933,-0.121537,0.0900342,-0.21848,0.462186,0.0361309,-0.407329,-0.0798465,-0.398624,0.342926,0.224207,-0.0266917,0.422218,-0.270671,-0.328186,-0.231376,-0.38016,0.574573,-0.349281,-0.394071,0.162626,0.331817,-0.349597,0.0986836,-0.451724,-0.0350923,-0.400667,0.153395,0.146695,-0.0496062,-0.0534915,0.517336,-0.235991,-0.213207,0.0616361,0.25887,0.226041,-0.00620022,-0.333817,-0.0248076,-0.341912,-0.216017,-0.0397812,0.113618,0.227905,-0.429555,-0.309423,-0.407223,-0.159413,0.244211
-0.356499,-0.153626,0.466025,0.222724,-0.316079,-0.371741,-0.241975,0.369912,-0.266365,-0.418486,0.313514,0.516774,0.0547897,0.423321,0.429247,-0.460128,-0.387685,-0.0184077,0.354188,-0.182699,0.0488211,0.300006,-0.174275,0.139921,0.332901,-0.386528,0.594119,0.00155721,0.13174,-0.435214,-0.0262465,0.38322,-0.160069,0.0999961,-0.105455,0.37816,0.389819,0.166209,0.0264878,0.484473,-0.369811,0.126801,0.418248,0.356487,-0.35795,0.449083,-0.389697,-0.362629,-0.242292,0.161491
-0.276179,-0.103666,-0.212848,-0.453611,-0.305985,-0.222975,0.00714932,0.467781,-0.0950564,0.274394,0.420239,-0.406326,0.163684,0.103325,-0.0771091,0.292369,-0.505011,-0.271419,-0.201688,0.284622,0.1153,-0.10473,0.357728,0.255737,-0.11468,0.411842,0.231584,0.18519,-0.447522,0.4034,0.157435,0.395014,-0.55882,0.000751115,-0.332484,-0.336349,-0.205484,0.0653929,0.0539767,-0.171668,-0.3347,0.554223,0.254576,0.151776,0.408027,-0.253089,-0.444544,0.319573,0.0367152,-0.0486694
0.0480429,0.528153,0.0617355,-0.548123,-0.0719408,-0.182148,0.131271,-0.197319,0.171623,-0.167871,-0.534133,-0.00668195,-0.0810821,-0.295765,-0.104149,0.0219153,0.123143,-0.19671,-0.103098,0.251382,-0.193264,0.325675,0.0484445,-0.361301,-0.337588,-0.0560173,-0.0355982,0.0018501,-0.487701,-0.074678,-0.218387,0.442819,0.105239,0.125469,0.26526,0.336701,0.441062,0.0213446,-0.00537146,-0.181879,-0.373684,-0.2913,0.448883,-0.0853126,-0.239195,0.16404,-0.181002,-0.111929,0.307886,-0.230292
-0.293784,-0.127982,0.369584,-0.035638,0.331925,0.534888,0.333238,0.209178,0.282708,-0.0441871,-0.208174,0.29744,0.40812,0.383453,0.127866,-0.248906,0.327744,-0.420945,-0.414911,0.134827,-0.202675,-0.257591,-0.119418,-0.573242,0.140005,-0.444508,0.0473684,0.392584,0.399337,-0.476526,0.159488,0.144631,0.346951,-0.165069,0.0543776,-0.322916,-0.108894,-0.471594,0.102099,-0.26489,-0.376729,0.269908,-0.0579364,-0.472478,-0.1933,-0.481228,0.0816198,0.261425,-0.189417,-0.290512
0.0472136,-0.266611,0.446449,0.16968,0.361015,-0.280571,-0.103218,-0.51394,-0.636522,0.101177,0.294112,-0.040314,-0.480223,-0.0776493,0.310314,0.194268,0.0577739,0.199024,-0.231879,0.29683,0.307166,-0.355753,0.309913,-0.0508285,0.131404,-0.279463,0.298907,0.300856,-0.420186,0.335557,0.498927,-0.450593,0.0015519,0.517449,0.356178,-0.376222,-0.467868,0.339918,0.159553,-0.252419,0.459288,-0.000571609,-0.449956,0.375667,0.43385,-0.200177,-0.0532068,-0.124742,0.066499,-0.279985
-0.0354613,0.214728,0.00318326,-0.0210963,-0.211352,-0.251421,-0.354703,-0.309855,0.148715,-0.461405,-0.440271,-0.0880458,0.375341,0.189457,0.205737,-0.390947,0.143128,0.232162,0.62704,-0.10926,-0.103642,-0.490748,-0.186741,-0.456143,-0.0714239,0.0325541,0.269581,-0.42404,0.302584,0.194608,-0.0495193,-0.339007,-0.0937762,0.351468,0.0505501,0.250454,-0.461445,0.172882,0.306909,-0.28254,0.272069,-0.366043,-0.224001,0.518957,0.0152714,0.356858,-0.279716,-0.371679,0.348423,0.386688
-0.00506068,-0.330118,0.475538,0.472795,-0.334871,-0.0283883,-0.533536,-0.154106,0.227312,-0.458238,0.207381,-0.52165,0.125703,-0.337575,0.292737,-0.31557,0.195105,0.348098,0.588942,0.120864,-0.0424114,0.424163,0.382622,0.504744,-0.160764,-0.164321,0.31759,-0.25055,0.576928,0.173648,0.208403,0.458004,-0.168818,-0.0533863,0.526629,0.289173,-0.319828,-0.344602,0.517399,0.183018,0.494944,-0.0486822,0.293749,-0.264535,-0.0251623,0.00167017,-0.418578,0.325301,-0.0794975,0.103303
-0.195164,-0.146278,0.0608974,-0.0277052,0.488965,-0.0355708,0.486157,0.408092,0.321953,-0.103447,0.472002,-0.0195758,-0.21189,0.328681,-0.527633,-0.355295,0.443275,-0.325619,-0.103263,-0.451451,-0.287981,0.481866,-0.284101,0.312649,0.234601,0.375401,-0.214364,0.362123,-0.401983,-0.212256,-0.378703,0.11294,-0.306717,0.138834,0.214902,0.409442,0.497304,0.278136,0.0273974,0.258343,-0.15675,-0.318355,-0.342737,-0.00732958,-0.346651,-0.248885,-0.326226,0.314648,0.282664,-0.271527
0.433915,0.0817073,-0.212742,0.335907,-0.0860337,-0.170753,0.241121,-0.172696,-0.207066,-0.415569,-0.154649,-0.175626,0.567301,-0.312726,0.0292925,-0.206868,0.0601305,0.0281869,0.097057,0.322491,0.329678,0.201774,-0.116476,-0.731698,0.322473,0.134953,0.59766,0.426317,0.118931,0.4201,0.0755765,0.162583,-0.382093,-0.0289858,-0.462797,0.15223,-0.0809346,-0.180367,-0.472894,0.465927,0.593175,-0.00310503,-0.130656,0.212384,0.131221,-0.297153,0.46677,0.110747,0.191807,-0.364077
0.0377858,0.335154,-0.299271,0.0680669,-0.405197,0.535577,-0.440215,-0.039645,-0.0879382,-0.139382,0.170657,0.240923,0.00671351,-0.202595,-0.45139,-0.310936,-0.057458,-0.0988295,0.125719,0.462724,0.313052,0.0672936,-0.47563,0.068151,0.270399,0.453111,0.0746005,-0.450446,-0.274249,-0.0666962,-0.262589,0.157925,-0.436306,0.558019,-0.162347,0.458805,-0.366528,-0.00119812,-0.235737,-0.0468696,-0.504882,0.366118,-0.388943,0.02787,0.0901961,-0.360086,0.552508,0.60936,0.210755,0.446564
-0.163887,0.15921,-0.497308,-0.0437011,0.274486,0.163712,-0.346649,-0.378559,0.133217,0.275572,-0.199799,-0.245215,0.0270735,0.37161,-0.164804,0.169485,0.14288,-0.382545,-0.330185,0.224992,0.361105,-0.235025,0.0285934,0.0978285,-0.20346,-0.219874,0.330375,0.0922178,-0.107135,0.394651,0.140518,-0.203945,-0.367878,0.355004,-0.398702,0.344862,-0.511269,0.344168,-0.388111,-0.373078,-0.238949,-0.266143,-0.390377,0.428318,-0.123717,-0.174251,0.354934,0.00768851,-0.405306,0.381575
-0.121978,-0.470395,0.142286,0.0823257,-0.398206,0.0665683,-0.44692,-0.0434384,-0.279522,0.460444,0.127768,-0.246662,-0.132399,-0.364433,0.291377,-0.154281,-0.486734,-0.201697,-0.309871,0.373093,-0.241968,-0.13905,-0.197207,0.223319,0.108252,-0.379059,-0.308652,0.366839,0.475808,-0.0442714,-0.180943,-0.270914,0.145512,-0.076819,-0.2005,0.309238,0.494221,0.133638,-0.287823,-0.355025,-0.0582393,-0.243675,-0.26696,-0.0170327,-0.286204,0.543035,0.0097376,-0.1354,0.05783,0.285993
-0.360814,-0.368456,0.271631,-0.215768,0.0162121,-0.344479,-0.111911,-0.471089,0.279068,-0.105981,0.194722,0.110237,0.372867,0.122368,0.0642904,-0.0286067,0.134007,-0.29577,0.344663,-0.0968143,-0.290683,-0.493209,0.128323,-0.238833,-0.115416,-0.342041,-0.13931,0.303797,-0.373165,-0.331157,0.166192,-0.112999,-0.281938,-0.254269,-0.580911,0.307834,-0.461751,-0.0374843,0.101006,0.0980297,-0.0451499,-0.0682431,-0.441926,-0.37545,0.250553,-0.497433,0.230457,0.200294,0.0155436,-0.277327
-0.139642,-0.0261645,0.107187,0.0828699,-0.632824,0.291386,0.292008,0.0435362,-0.0386357,0.0279939,-0.464187,0.0580096,0.5583,0.393322,0.284604,-0.225662,0.00749949,-0.215756,-0.398419,0.149966,0.435626,-0.453346,-0.486643,0.396906,-0.374943,0.242069,-0.140178,-0.403597,-0.155003,-0.453641,0.446768,-0.182999,0.0272034,0.344214,0.310844,0.432246,-0.341302,-0.300308,-0.163949,0.103817,-0.559771,-0.133615,-0.12416,-0.293755,-0.451473,-0.00308994,-0.147233,-0.404812,0.370385,0.272874
0.383141,-0.405506,-0.173477,-0.151577,-0.541832,0.0967159,-0.119841,0.118469,-0.208689,0.315052,0.121478,-0.104105,-0.481184,-0.297598,0.153471,-0.159172,0.308352,-0.319801,-0.143621,0.154978,-0.376923,-0.5124,0.0745479,-0.177076,-0.303731,0.137832,-0.201673,0.193039,-0.500114,0.283729,0.258987,0.441352,-0.0421975,-0.225057,-0.0602698,-0.363597,-0.1502,0.0422509,-0.117542,0.169807,0.0373882,-0.453137,0.364336,0.314641,-0.27684,-0.34028,-0.471598,0.153216,0.0851345,-0.400718
0.104919,0.323264,0.488314,0.0199418,0.0740013,0.0351996,-0.416468,-0.0686103,0.298879,-0.238364,0.577151,-0.387333,0.239166,-0.417453,0.542827,-0.336542,0.263388,-0.439038,0.0712437,-0.356912,-0.389517,-0.331004,0.250954,0.125086,-0.644843,0.378585,-0.358992,-0.162339,-0.302445,-0.496454,-0.118342,0.427504,0.125204,0.0412117,-0.184553,-0.0933831,0.490461,0.0670133,-0.275126,0.122846,0.191763,0.220309,0.345321,-0.0315459,-0.23164,0.229718,-0.143381,0.208926,0.171552,0.147562
-0.154608,-0.0777015,-0.283992,-0.339017,-0.272695,-0.265658,0.0667428,0.0128214,-0.116622,0.00811769,-0.542171,0.172836,0.6309,-0.302439,-0.25183,0.34281,-0.240926,-0.0482195,0.315341,-0.127263,-0.401889,0.0686783,-0.134919,-0.0385013,-0.114798,-0.418977,0.0404469,0.35707,0.0621458,0.227852,-0.257916,0.134563,0.475561,0.471238,0.428243,0.0958365,-0.127026,-0.00437592,-0.346904,0.482803,0.384383,0.317466,0.439661,-0.114355,-0.302905,0.105421,-0.373238,0.152079,0.430516,0.0263311
-0.425403,0.28619,0.0819348,0.269308,0.380406,0.238928,-0.405135,0.103216,-0.145012,0.220975,-0.557745,-0.0372248,0.23991,-0.302541,0.160468,0.119725,0.243286,0.283085,-0.019777,0.140837,0.0869457,-0.0620831,0.290725,0.0368727,-0.222377,0.0803357,0.129893,0.56387,-0.317964,-0.276976,0.0699868,0.240915,0.0683696,-0.448803,0.207154,0.112989,-0.0913938,-0.213772,-0.439203,-0.204139,-0.174394,-0.305376,0.117037,-0.299793,0.0615737,-0.14725,0.192261,-0.423135,0.357141,0.396623
-0.347643,0.19202,0.187668,-0.412957,-0.504778,0.321362,-0.460259,-0.0741409,-0.336752,-0.182589,-0.17524,-0.139776,-0.450175,0.15272,-0.0762674,-0.267671,-0.0306092,0.452943,0.278244,0.23372,-0.65646,-0.0208263,0.0899862,0.156524,-0.302317,-0.381641,-0.473537,-0.211212,0.167824,-0.423855,0.0868499,-0.082809,-0.204461,0.0552016,0.578033,-0.283295,0.184524,-0.300227,-0.18132,-0.047927,0.00964704,-0.48192,0.0883568,0.166118,-0.335909,0.189491,0.116356,-0.421749,-0.427105,0.242652
-0.227501,-0.0259419,-0.191259,-0.0866039,-0.0799135,-0.522672,0.420538,0.072687,0.0649833,-0.135713,-0.23813,0.0177696,0.278246,-0.288067,0.234462,0.245566,-0.414546,0.345043,-0.0296905,-0.0628268,0.0453211,-0.313257,-0.431562,-0.401008,0.160199,-0.101633,-0.0797921,-0.113511,-0.338618,0.392693,0.148126,0.516847,0.376632,0.00455669,-0.104333,-0.351844,-0.169446,-0.137225,0.0679215,0.371836,0.42102,0.242384,-0.306785,-0.0704286,-0.290209,-0.417205,0.185401,-0.699576,-0.327911,-0.0650069
0.099487,-0.509756,-0.343486,0.181114,-0.445548,-0.0186024,0.0415179,0.604612,-0.29475,-0.269622,0.472916,0.00919978,-0.472253,0.0463802,0.362746,0.148378,-0.319973,-0.162514,0.439627,-0.451743,-0.40375,0.345604,0.182852,-0.304808,-0.323602,-0.492723,0.0457346,0.00966521,0.0821428,-0.20913,-0.168263,-0.141906,-0.115622,0.424622,-0.412554,-0.0157703,-0.37108,0.197488,-0.28741,-0.258457,0.190894,0.173295,0.370673,-0.364148,-0.477794,-0.30153,0.315973,0.225029,-0.207775,-0.232064
0.56403,0.272953,0.160199,0.0544809,0.107864,-0.0100291,-0.315743,0.225304,0.290915,0.142673,0.043649,-0.197262,-0.261311,-0.0305641,-0.513112,0.41726,-0.0709723,0.118234,0.423508,0.138726,-0.302393,-0.122111,0.100999,0.141724,0.156512,-0.0136488,0.362323,0.39867,0.292516,0.307189,-0.0246134,-0.0524897,-0.224914,-0.0102863,-0.177169,-0.348998,0.225443,-0.410802,0.380394,0.0914551,-0.185902,-0.00861824,0.208112,-0.257583,-0.0979427,-0.0524137,-0.275204,-0.493911,0.0454213,0.451916
-0.190012,-0.0156135,0.403993,0.316429,-0.435474,0.290893,-0.359485,0.317305,0.0578391,-0.00948718,-0.151214,-0.282849,0.171608,0.253876,0.130052,0.142763,0.0512519,-0.0150134,0.242192,0.0971697,-0.426699,0.483019,0.168896,0.189244,-0.206197,0.00637056,-0.00612198,0.485049,-0.299601,0.085537,0.135254,-0.335165,-0.470135,-0.0555106,0.260841,0.144454,0.38456,-0.417325,-0.434781,-0.0184566,-0.646368,0.0836794,0.361274,0.314997,0.258546,0.179598,-0.23146,-0.372502,-0.355763,0.360653
0.0320954,-0.347627,0.376956,-0.497054,-0.211969,-0.158597,0.377242,-0.269987,0.0815137,0.23285,-0.212148,0.18709,0.518912,-0.102363,0.293121,-0.172464,-0.258358,0.30509,-0.037029,0.16903,-0.13189,-0.443785,-0.386774,-0.147504,-0.0116649,-0.470753,0.522498,0.0778841,0.342894,0.41792,-0.095628,-0.393054,-0.00870591,0.565125,-0.196991,0.16545,0.3383,-0.268182,0.256302,0.308616,-0.311159,-0.426435,0.315037,-0.290721,-0.448153,-0.0726627,-0.248941,0.202795,-0.169172,0.044378
-0.0342885,0.610108,-0.191044,0.14705,0.551517,0.382285,-0.190671,-0.284876,-0.352866,-0.210271,0.127667,0.06866,-0.22646,-0.300861,0.511439,0.00799192,0.0269593,-0.0909997,-0.0828482,0.333337,-0.345792,-0.114907,-0.437394,0.0303331,-0.355145,0.255581,-0.108513,-0.451838,-0.37715,-0.0257703,0.0720957,0.2518,0.588226,-0.408157,-0.176184,-0.369662,-0.280675,0.255613,0.0882951,0.00850076,-0.281281,-0.387912,0.0521392,0.326089,0.550165,0.477806,-0.276479,-0.269738,-0.143939,0.406255
0.0942072,-0.340038,0.287813,0.267496,0.0543144,0.23894,0.169688,-0.258408,0.429113,-0.0197895,-0.379685,-0.184938,-0.209049,-0.0138401,-0.369091,0.210337,-0.445018,-0.0433771,0.214121,0.330285,0.170489,0.431911,0.457465,-0.220663,0.0787185,-0.016431,0.223898,-0.226349,0.256529,0.460958,0.534752,-0.397159,-0.0101453,-0.134028,0.171946,0.0771487,0.326425,0.528509,0.110941,0.178206,-0.1352,-0.430346,0.364694,0.00606845,-0.408442,-0.520283,-0.31974,0.291347,0.139598,-0.114743
-0.380612,0.176749,-0.000587925,0.0973693,0.422258,0.264445,0.403131,-0.155236,0.2882,-0.448093,-0.068655,0.395374,-0.198322,0.406598,0.128285,-0.0998235,-0.382034,-0.0750643,0.5837,-0.352534,0.21753,-0.138652,0.214871,0.247894,0.125142,0.189882,-0.107681,0.413367,-0.149001,-0.206155,-0.247226,-0.0635608,0.137158,0.145983,-0.185018,-0.17374,-0.598514,0.409635,0.0592627,0.124562,0.0676872,0.286373,-0.466462,0.0279669,0.474748,0.221688,-0.261105,0.43519,-0.0607843,0.500497
-0.115321,-0.218646,0.210742,-0.355437,0.116608,0.174619,0.243428,0.458358,0.107844,-0.390873,-0.424064,-0.328066,-0.323581,0.273637,-0.100332,0.424509,-0.207326,-0.286798,0.193461,0.484841,0.306474,-0.31508,0.413999,-0.0994602,-0.391422,0.559387,0.452857,-0.487108,0.0288382,-0.407266,0.436942,-0.136801,-0.37235,-0.35336,-0.396967,0.272696,0.30746,-0.0223639,0.465922,-0.206824,0.357762,0.434663,0.12933,0.366036,0.452143,-0.319486,-0.530426,-0.0331796,-0.328575,-0.11582
0.462799,0.36565,0.15066,-0.434122,-0.137482,-0.259663,-0.2338,0.419355,0.00297636,0.202851,0.146684,0.249854,0.252899,-0.00107516,-0.0498399,-0.214788,-0.466422,0.300864,0.0351891,-0.391018,0.418733,-0.0978388,0.0073848,0.372173,-0.213667,0.0951062,0.314622,0.201919,-0.131184,0.0101041,-0.0792124,0.393953,-0.0255399,0.275365,-0.480241,-0.172417,0.298769,0.00144591,0.479938,0.470366,-0.0164862,0.244979,0.102463,0.0995983,0.0920675,-0.325503,-0.0716175,-0.130154,-0.00461167,0.454805
0.10935,0.356875,0.197936,-0.325804,-0.0954826,-0.406606,0.406866,0.210377,-0.170165,0.429578,-0.270105,-0.148574,-0.362121,0.240453,-0.374653,-0.269451,-0.112693,-0.636507,-0.244544,0.00896276,0.236663,0.0800209,0.68857,-0.388498,0.104899,0.30089,0.207255,-0.0331253,-0.430486,0.467227,0.569489,0.211446,-0.419893,0.395801,-0.368556,-0.0539057,-0.0964201,-0.0281814,-0.10071,-0.208704,-0.137836,-0.435549,0.255305,-0.378544,-0.334518,0.0641733,-0.139737,0.149397,-0.18136,-0.182577
0.154874,0.214766,-0.134118,-0.21975,-0.0122275,-0.46052,0.45299,-0.0771788,0.325155,0.406886,0.128328,0.0495109,-0.421888,0.485739,0.285174,-0.240039,0.000317926,-0.314586,0.154904,-0.454332,-0.00592157,-0.409396,0.496884,0.483029,-0.343464,-0.0194222,-0.526828,0.0419821,-0.279454,0.199038,-0.159177,-0.0938954,-0.224723,-0.175423,0.280247,-0.03206,0.0304338,0.487775,-0.426931,0.196893,-0.359181,-0.28408,-0.464099,-0.0849434,0.100398,-0.257639,-0.27615,0.0623542,-0.00950613,-0.333769
-0.317091,-0.342005,0.145903,0.298728,0.113833,-0.0484898,0.00184114,0.0840314,0.315752,0.29861,-0.0765072,0.401343,-0.117099,0.204535,-0.111885,-0.109835,-0.136816,-0.44594,-0.109669,0.0984294,0.0148688,-0.301992,0.273589,-0.0516286,-0.246405,0.429376,0.273913,-0.353276,-0.307698,0.056771,0.224181,0.1602,0.224762,-0.22219,0.0564407,-0.301632,0.0603882,-0.296824,0.0745109,0.417778,0.285285,-0.148423,0.102841,0.0235882,0.335328,-0.343526,0.0818909,0.00571536,0.419432,0.0774535
0.370414,-0.186334,0.446308,-0.199667,0.487933,-0.166449,-0.172447,0.0728551,0.212609,0.0327137,0.0580134,0.178497,0.186675,-0.215111,0.00281987,-0.280665,-0.0661009,-0.100224,-0.0880307,-0.272805,-0.306897,0.455838,0.321076,0.176961,0.399437,0.189256,-0.115771,0.0240354,-0.340004,0.353606,0.0478432,-0.222561,-0.481981,-0.0103378,-0.0815429,0.181,0.228812,-0.419549,0.332331,0.258998,0.275179,-0.50185,0.0187705,0.294026,-0.434978,0.52419,-0.0977563,-0.066804,0.361752,0.333363
-0.346451,0.110789,0.342036,-0.0670673,0.289941,-0.0765904,0.00783985,0.21172,-0.162084,-0.175381,0.0179971,-0.425248,0.0754695,-0.334032,-0.355526,0.210092,-0.419521,0.011191,-0.35498,0.276781,0.387945,0.321812,0.0857086,-0.430831,-0.232835,-0.682122,0.0774446,-0.351895,-0.252379,0.43045,0.208875,-0.161217,-0.534908,-0.451413,0.043045,0.0683455,0.197453,-0.0265227,-0.0546705,-0.338356,-0.296144,-0.0768676,-0.454459,0.256086,0.434801,0.356613,-0.123874,0.24649,-0.0325479,-0.132788
-0.10931,0.213165,0.00851902,-0.300273,-0.0828223,-0.0701517,-0.110674,-0.132618,0.194312,-0.223205,0.220964,0.238429,-0.478801,0.0254797,-0.264898,0.119524,0.382991,-0.156539,-0.0884126,-0.319946,0.225303,-0.12031,-0.415037,0.180194,0.408675,0.453741,-0.143961,-0.556787,-0.44029,0.07218,-0.111926,0.144029,0.0876999,0.12343,-0.49938,-0.183826,0.313007,-0.253731,-0.279485,-0.305867,0.24799,-0.27142,0.465303,-0.14622,-0.494546,-0.264682,-0.392407,-0.35367,-0.338717,0.315236
-0.222223,-0.0399966,0.290439,0.263602,0.0408776,0.119494,0.394494,0.251813,0.225826,-0.502018,-0.231893,-0.377501,0.266398,0.245432,-0.293095,0.332852,0.371366,-0.213271,0.170365,-0.350739,0.406474,-0.368507,0.119037,-0.424421,0.127115,0.0064775,-0.377685,-0.10119,-0.0767151,0.22296,-0.0290245,-0.479277,-0.0177369,0.0162936,-0.359452,0.219451,0.170793,0.401298,0.0250645,0.402945,0.0554903,-8.98395e-05,0.136889,0.384674,-0.474449,-0.176273,0.449813,0.131559,-0.061874,-0.335035
0.0973054,-0.146623,-0.177387,0.431454,-0.376151,0.157703,0.154067,0.381129,0.244552,-0.29697,0.251648,0.0719298,-0.198693,0.487318,0.551626,0.305572,0.0529848,-0.220576,0.512826,-0.226626,-0.360057,0.337287,0.377343,-0.204716,0.154802,0.0770954,-0.171898,-0.119991,0.555399,0.127903,-0.294137,-0.245311,-0.132706,0.461514,-0.406336,-0.291823,-0.0223006,-0.353811,-0.135814,-0.0701264,0.31988,0.0686244,-0.105506,0.159019,-0.0584449,0.304245,0.234206,-0.419884,-0.24571,-0.25014
0.371457,0.265016,-0.115621,-0.316548,0.196432,0.277139,-0.0913237,0.219435,-0.308302,0.149607,-0.0704632,0.119094,0.293157,0.154778,-0.334608,0.350163,0.13225,-0.310643,-0.0634525,0.0797546,-0.241352,-0.175027,0.344466,0.00572428,-0.202085,-0.522688,-0.33321,-0.292835,-0.364667,-0.235932,-0.37927,-0.00611916,0.45143,0.387863,-0.563995,-0.418762,-0.491344,-0.0764201,-0.370593,0.401212,0.219791,0.110654,0.217873,0.107685,0.161854,0.18181,-0.111507,0.420186,-0.0314622,-0.0179069
0.0761794,0.486097,-0.231271,-0.203357,0.0867989,-0.401418,0.240978,-0.217861,0.294648,0.252691,-0.296153,0.194384,-0.510218,0.123854,-0.227012,0.497524,0.478608,-0.0330629,0.19528,-0.141177,-0.367687,-0.385993,0.0627507,-0.538626,-0.313768,-0.0866195,-0.0140035,-0.228053,-0.157977,0.451847,-0.0419312,0.233599,0.329948,-0.23633,0.318151,-0.0115161,0.216267,0.187907,-0.326984,0.253648,0.194118,0.204916,0.109848,-0.537054,-0.0915212,0.0888763,-0.273932,0.049978,-0.519198,-0.195733
0.0859575,0.438822,-0.041321,0.344015,-0.0377753,0.378568,0.0770057,-0.245334,-0.51485,-0.161277,-0.308506,0.438293,-0.2583,-0.405593,0.125435,-0.389639,0.484661,0.49744,0.204824,-0.41748,0.270319,0.10759,-0.409969,-0.293447,-0.211655,-0.303208,-0.270275,-0.233195,0.17308,0.0689658,0.48461,-0.435133,-0.0309638,-0.192293,-0.40968,0.228486,0.422286,-0.0807036,0.0341839,-0.122214,0.400657,-0.349782,0.301042,0.0348127,-0.341904,-0.43943,0.26869,0.0546167,0.345221,-0.0892529
-0.13656,0.151086,0.137512,0.253206,0.461012,0.354988,-0.0921921,-0.329562,0.352369,0.340229,-0.153547,-0.0727584,-0.381879,0.316143,-0.478436,-0.506118,-0.0418776,0.19914,-0.146188,0.192497,-0.393478,0.361344,0.424693,0.395077,-0.274382,0.359858,0.46865,-0.133617,-0.1903,0.174728,-0.367021,-0.219744,-0.624762,0.35533,-0.115029,-0.42755,-0.0906044,0.370049,-0.19416,-0.257426,0.472837,0.0433628,0.195554,-0.390006,-0.201699,0.334984,-0.220975,0.394982,-0.310829,-0.0465445
0.418791,0.119516,-0.162287,0.285412,-0.197902,0.101602,-0.447329,-0.00182509,-0.154455,0.0818275,-0.115234,0.381944,0.00500002,-0.0586554,0.365835,0.0696476,0.116222,-0.0690072,-0.446597,-0.321135,-0.480926,-0.193828,-0.141389,0.0983647,0.132225,0.126764,-0.091236,0.422091,0.302177,0.283134,-0.36358,-0.382243,0.506531,-0.48104,-0.500509,-0.232992,0.254718,-0.0489918,-0.472466,0.361357,-0.218192,0.427658,0.342218,0.511473,0.149302,0.36518,-0.371145,-0.33437,-0.336638,-0.280035
0.345823,-0.443468,-0.426766,-0.0531497,0.0634085,-0.0791614,-0.0299241,0.100812,-0.62971,-0.450996,0.147219,-0.413505,0.0393074,-0.170279,0.0563358,-0.0319367,0.44648,-0.173932,-0.302962,0.363588,-0.274687,0.462765,0.0330738,0.385684,0.301416,-0.250638,-0.0429521,-0.386544,0.122308,-0.54445,-0.295657,-0.179425,-0.434469,0.357398,-0.0347745,0.167765,0.217546,-0.519542,0.193142,0.0613329,-0.385895,-0.103142,0.413706,-0.578613,-0.184048,0.423148,-0.397421,-0.411244,-0.0252548,-0.380237
-0.000346374,0.206916,-0.0540306,0.368642,-0.181253,-0.357712,0.435984,-0.187801,-0.0336526,-0.137261,-0.181605,-0.571968,-0.457231,-0.10274,0.25064,-0.00502947,0.363761,0.290953,-0.0370436,0.47451,-0.0834034,0.384513,0.13245,-0.440326,0.0967152,-0.568269,-0.194182,-0.427589,0.104736,0.394982,-0.443001,0.167505,-0.357003,-0.343504,-0.209141,0.458467,-0.135172,-0.117645,-0.600872,0.326102,-0.158123,-0.496548,0.427894,-0.381144,0.457286,0.322606,-0.298708,-0.0620546,0.320365,0.180963
-0.054759,-0.239027,0.35867,-0.150338,-0.213993,-0.0348921,0.260736,-0.571026,0.428055,-0.578246,0.218362,-0.0592109,-0.0394202,-0.187284,0.161872,0.317541,-0.254273,0.335036,-0.236656,0.228893,0.494533,0.0357615,-0.0507097,-0.13099,0.0561831,0.14815,0.0822917,0.504416,-0.3695,0.407717,-0.480665,0.111459,-0.0732927,0.367642,0.325191,-0.292056,0.300787,0.127209,-0.0927003,0.0335154,-0.16633,-0.203785,-0.313354,-0.216579,0.287024,-0.0344158,0.125192,-0.258308,-0.490231,0.404409
0.323718,-0.288787,0.10263,0.45031,0.201487,0.659497,0.278756,-0.082475,-0.22897,0.400948,-0.10477,-0.0815952,0.275281,-0.0471678,-0.0945969,0.279675,0.430783,-0.150392,-0.344119,-0.0805814,-0.281113,0.403816,-0.252713,-0.246681,-0.557468,0.588965,0.201596,0.309025,0.366136,0.231452,0.575419,-0.135741,0.430871,-0.311552,0.355883,0.243958,-0.198507,0.0122467,-0.307936,-0.163539,0.287963,-0.083165,0.281312,0.23928,0.0936055,-0.264498,-0.166867,0.361891,-0.406426,-0.294122
-0.293651,-0.041787,-0.0707175,-0.0711008,0.348636,-0.00293892,-0.485775,0.0873005,-0.199713,0.115868,-0.227742,-0.33824,0.405232,0.0762897,0.0822883,0.121168,0.0976683,0.277916,0.562944,-0.392849,0.037252,-0.453416,-0.114444,0.240404,0.0547971,-0.406874,-0.0487973,0.0203516,0.144334,0.34204,-0.19662,0.245334,0.238075,0.0215344,0.149576,-0.127383,-0.152241,0.442446,-0.181329,0.00842296,-0.258659,0.293026,0.305895,0.240284,-0.282316,0.0335029,-0.0694785,-0.105,-0.0942311,-0.152912
0.282286,0.0128707,-0.464856,-0.0738126,0.105694,0.184954,-0.199549,0.0702673,-0.206826,0.182072,0.226788,-0.286356,-0.138713,-0.146418,0.271081,0.194972,-0.0838212,-0.274186,-0.412227,-0.449445,0.486383,-0.41331,0.576897,0.264986,-0.562497,0.147441,-0.312822,0.315751,0.106766,0.208251,-0.198134,-0.25535,-0.0885684,0.341251,0.232932,0.0562513,-0.18955,-0.249343,0.170645,0.0234944,-0.169754,-0.466438,-0.426522,0.0724541,0.522409,-0.419457,0.45927,0.316129,0.424157,0.0618573
0.377826,-0.534,-0.34928,0.0870874,0.108434,0.149299,0.390813,-0.34813,0.429998,0.217826,-0.13288,-0.331576,-0.0491619,0.143172,-0.496869,-0.0200603,-0.0345608,-0.278201,0.223667,-0.361858,0.133207,-0.0115395,-0.310264,0.272292,-0.170878,0.0700587,-0.0822311,0.447433,0.355181,-0.432702,-0.108104,-0.527546,-0.391798,-0.361016,0.10535,-0.11041,0.205095,0.415093,-0.30939,0.0774374,-0.0623778,0.0970259,-0.137305,0.380336,0.438823,-0.00748614,0.373774,0.163863,-0.335529,-0.401707
-0.427621,-0.369197,-0.341688,0.141596,0.511741,0.013433,-0.522688,-0.448386,-0.0150742,0.396153,0.310745,0.128432,0.322235,-0.202534,-0.283593,0.42256,0.254008,0.147462,0.272007,0.466608,0.0981137,0.122868,-0.562335,-0.339973,0.161478,-0.270412,0.00142348,0.36422,-0.234036,0.393024,0.316205,-0.565935,0.287009,-0.272672,0.138318,0.164273,0.487044,-0.400607,0.233075,-0.615732,-0.177264,0.255696,-0.0715387,0.152314,-0.153037,-0.231487,0.336267,-0.0441358,0.14453,-0.542418
-0.420595,-0.343898,-0.100274,0.342199,-0.335956,0.217563,-0.292795,-0.510262,0.31655,0.399751,-0.57439,0.13224,0.264157,0.0601834,0.0825427,-0.0692578,0.0298031,-0.3117,0.0270732,0.0124623,-0.0222154,-0.289663,-0.429296,0.359201,0.286123,0.467378,-0.0132525,-0.384976,0.181449,0.0389888,-0.233987,0.61277,-0.176894,-0.210336,-0.379157,0.202484,0.0402631,0.0286312,-0.237047,-0.0749512,0.435007,0.275156,-0.161417,-0.53766,-0.183136,-0.231052,0.339756,0.539238,-0.326266,0.416897
0.00637894,-0.303567,-0.124536,-0.155768,0.102617,-0.357674,-0.0696634,0.349471,-0.415828,0.424914,-0.375358,0.157679,-0.0277737,-0.354257,0.393408,-0.402743,0.198597,-0.146066,0.317958,-0.273599,0.292071,-0.149542,0.268218,0.392316,0.0231996,0.194663,0.321848,-0.150341,-0.133913,-0.0502261,0.0343077,-0.0118223,0.17819,-0.456857,0.257629,0.433104,0.264856,0.122659,-0.107338,0.42687,-0.154399,-0.245334,-0.366932,-0.279738,-0.464579,0.3107,0.120931,-0.018618,-0.182015,-0.102227
-0.255447,0.247193,0.293572,-0.393555,-0.0371308,0.298114,-0.3053,0.192722,-0.0465748,0.162107,-0.282264,0.347088,-0.333854,0.348446,-0.214619,0.249421,-0.157446,-0.399086,-0.0330928,0.243976,0.270013,0.414221,0.328316,0.294365,0.0626702,0.332569,-0.0670176,0.102805,-0.30392,0.236727,-0.225148,0.0248402,-0.377425,0.0984528,0.305717,0.0907519,0.107476,-0.278308,0.0762423,0.013717,0.251074,-0.187034,-0.354733,0.23766,0.35046,0.0967466,-0.245444,-0.00808023,-0.485238,0.480208
-0.0914385,0.22669,-0.184081,0.147137,-0.310116,-0.0715175,-0.22704,0.357951,0.0193293,0.0348539,-0.174435,0.368616,-0.117808,-0.0818513,-0.141126,-0.27768,-0.333221,-0.136932,-0.407703,-0.285502,0.160114,-0.29565,0.0999356,0.00555928,-0.397542,-0.0672842,0.400634,-0.329063,0.415334,-0.329296,0.329503,-0.355349,0.0168521,0.370292,-0.537481,-0.0987836,0.0856816,0.158259,0.118814,0.550396,0.56835,-0.23518,-0.30045,0.260323,-0.464353,0.461203,-0.256796,-0.455762,-0.273327,0.261973
-0.588199,-0.156756,-0.421585,-0.136519,0.416156,-0.179617,-0.234685,-0.437947,0.361735,0.180699,0.252159,0.0390951,-0.243044,0.00520304,0.101106,0.0973276,0.216469,-0.365811,-0.184087,0.291916,-0.285014,-0.0535483,0.14618,-0.0978037,-0.467349,0.107486,0.205072,0.334812,-0.444352,-0.155099,-0.42067,0.0917936,-0.404206,-0.480775,-0.526891,0.165985,-0.131956,0.337577,-0.178302,0.150585,-0.133931,-0.25017,0.376396,-0.104951,-0.389854,-0.227981,0.0933577,-0.263135,0.0243835,0.381129
0.224132,0.295723,-0.350163,0.268689,-0.0428493,0.0679613,-0.0339226,-0.43492,-0.126296,0.513281,0.420945,-0.0177305,-0.129033,-0.525478,-0.150769,-0.25157,0.193278,0.194296,0.554593,-0.106811,0.437719,-0.193788,0.00320724,0.13844,0.0663917,-0.0341613,0.303199,0.143517,-0.338212,-0.252256,0.424051,-0.118605,-0.218531,0.209469,-0.326131,0.254793,0.00732734,0.467364,-0.115563,-0.375702,0.24583,-0.101611,0.230649,-0.0094081,0.388321,0.150802,0.10677,0.263676,-0.18271,0.408449
0.429029,0.230915,-0.497464,0.094295,0.140927,-0.334901,0.354262,-0.39658,-0.271598,0.502858,-0.226783,-0.287902,0.206463,-0.434679,-0.0295973,0.38291,-0.220032,-0.473781,0.132801,-0.31155,-0.313294,-0.398009,0.036868,0.211852,0.0932473,-0.40411,0.232848,-0.102678,0.265003,-0.482864,0.245109,-0.326878,0.374883,-0.409774,0.162574,0.427091,-0.250626,0.185037,-0.4717,0.241508,-0.0394177,-0.177768,-0.379462,-0.152872,-0.24253,0.334908,0.0392648,0.271606,0.50789,-0.337074
-0.360422,0.410671,0.0646831,0.400125,0.14583,-0.239814,-0.212457,0.0219737,0.180453,0.432724,-0.522625,-0.168534,0.307904,-0.0106358,-0.186295,0.487468,-0.506077,0.0240747,-0.438675,0.562615,0.446367,0.293279,0.00118144,-0.198309,0.105517,-0.178262,-0.576321,0.210365,0.283332,0.214604,-0.139365,-0.330708,0.262315,0.26501,-0.148901,0.365816,0.0212911,0.367358,0.450508,-0.269822,0.566409,-0.524114,-0.432919,0.314237,-0.369892,-0.399028,-0.285691,-0.234972,0.558606,0.399101
-0.42759,-0.440171,0.352767,0.298827,0.5053,-0.250442,-0.172161,-0.357093,-0.0170377,-0.414573,0.360761,0.0990449,0.256457,0.120884,-0.530726,-0.274809,0.393153,0.49007,0.218916,-0.0643437,0.216381,0.0217293,-0.0818135,0.508331,0.2173,-0.0351969,0.191687,0.215671,0.249345,-0.0932442,0.236614,0.22869,-0.219014,0.205608,-0.336672,0.038841,-0.0765383,0.021723,-0.189439,-0.248222,0.153424,-0.14814,-0.257875,0.20504,0.253121,0.241803,-0.0433414,-0.402694,0.23286,-0.0979707
0.510001,0.15109,0.276683,0.0924398,-0.321064,0.000182503,-0.542614,0.419666,0.393561,0.100422,0.307928,0.467214,0.108364,0.20469,0.392033,-0.310027,-0.104785,0.429572,-0.150357,-0.181525,-0.471434,0.0146265,0.40502,0.422111,0.462226,0.289678,-0.0641845,-0.397032,-0.443391,0.0495372,0.45179,-0.224886,-0.2401,0.43723,0.202108,-0.307476,0.462477,-0.291921,0.44539,0.161074,0.369701,-0.36549,0.0997306,0.262695,0.412991,-0.402704,0.243919,-0.325278,-0.0796973,-0.385832
0.102957,0.417257,-0.263346,-0.304953,-0.291774,-0.0374205,-0.282347,-0.385276,-0.329214,0.0911224,0.0451871,0.330617,0.167784,-0.397406,-0.229642,-0.279389,-0.289421,0.149943,0.0806245,-0.104121,0.276434,-0.113639,-0.291061,-0.3278,-0.355596,0.298065,0.156315,-0.090799,-0.0124702,0.145732,-0.322479,0.15385,0.223376,0.265443,-0.0532934,-0.0179798,0.298819,-0.346921,-0.476593,0.0321723,-0.0926815,-0.383457,0.257745,-0.427396,-0.210174,0.388393,-0.0800453,0.00876848,-0.419685,-0.295798
0.0826533,0.249673,-0.372327,-0.243859,-0.153887,-0.0934923,-0.173007,-0.0364086,0.182508,0.559654,-0.198617,-0.264909,0.394534,0.156662,0.182868,-0.122805,-0.0369648,-0.451338,-0.133334,0.22762,-0.265048,0.0657924,-0.0402887,0.316254,0.275445,0.479257,0.278564,-0.199519,-0.424815,0.453486,-0.301368,0.502627,0.0494335,-0.461498,0.450325,-0.547756,0.480349,-0.0478026,-0.339445,-0.544522,0.480647,0.046247,-0.102051,0.310998,-0.0697386,0.451822,0.171271,0.0493935,-0.299352,-0.00528381
-0.456462,0.348934,-0.171302,-0.1811,0.413546,0.215603,0.171725,0.0387022,0.160004,-0.115748,-0.0967389,0.332013,0.381486,-0.300644,-0.139809,0.117115,-0.0386753,-0.429179,0.39512,0.405215,0.0780498,0.142665,0.106008,-0.336804,-0.321695,-0.00115419,-0.084704,-0.153387,-0.276782,-0.43394,0.117738,0.352565,0.353288,-0.285088,-0.1475,-0.00954721,0.222976,-0.116209,-0.238462,0.285923,0.13084,0.0477211,-0.233987,-0.210552,0.256617,-0.313892,-0.247175,-0.0498749,-0.310527,0.159866
0.0228905,-0.311214,-0.405732,-0.0556025,-0.422105,0.362089,0.0814546,0.228548,0.533262,-0.459427,0.391348,-0.194761,-0.126929,-0.136856,0.272634,-0.139488,0.424095,0.531393,0.100665,0.431203,0.33067,-0.164244,-0.3764,0.359649,-0.347756,0.0808159,-0.436235,0.31936,0.409461,-0.00963951,0.293918,0.324758,0.236153,-0.248322,0.283663,-0.432171,0.0656231,-0.246885,0.298018,-0.217425,-0.466748,-0.350017,-0.17331,0.352577,-0.0892547,0.303236,0.437673,0.561152,-0.418668,-0.441081
0.332628,0.0460605,0.507556,0.127837,-0.330597,0.0503672,0.400079,-0.26917,-0.18074,-0.440672,-0.406842,-0.203951,-0.238596,0.363977,0.429633,-0.362605,-0.071539,0.169248,0.0155293,-0.00995215,-0.0626086,-0.105144,0.494774,-0.38334,-0.322557,0.463718,-0.33654,0.135207,-0.13543,0.45343,0.348324,-0.275352,0.306544,-0.449041,0.024494,0.0724706,-0.132128,0.394497,0.331259,-0.256452,-0.36601,-0.509865,-0.0722192,0.161757,-0.169217,0.41089,-0.295717,0.0109457,-0.00663651,0.46716
-0.135223,0.126371,0.336486,0.172052,-0.325943,-0.392908,-0.505263,0.330836,-0.370344,0.184174,-0.471058,-0.0634765,0.454485,0.363938,0.248027,-0.230053,-0.0306585,-0.111526,-0.0512793,-0.32045,-0.107846,-0.500857,0.292581,0.501215,-0.26202,0.0834657,0.10886,-0.0951381,-0.178369,0.201574,0.358677,-0.11079,0.272755,0.288171,-0.171916,0.278385,-0.184642,0.124172,0.261148,0.391241,-0.167017,0.148386,-0.295843,0.197599,0.37615,-0.0208994,0.035543,0.274178,-0.102132,-0.0267437
0.236568,0.092342,0.334678,-0.166216,0.156436,-0.0219084,0.0760974,-0.0823606,0.0967748,-0.24315,-0.36804,-0.109228,-0.358137,-0.384839,0.327044,-0.377619,0.354734,-0.26699,-0.0764232,-0.384171,0.284786,-0.0731774,0.174,0.205428,0.169224,-0.264825,-0.119088,-0.0914295,-0.24921,-0.32984,-0.204784,0.434758,-0.245789,0.304216,0.550336,0.289705,-0.281542,-0.347225,-0.228936,-0.245212,0.214558,0.204271,0.440009,0.0786352,-0.0675951,-0.429121,0.490508,0.147978,-0.0499919,-0.315845
0.0650986,0.412459,-0.194509,0.0327987,-0.138084,-0.156147,0.0455228,-0.421765,-0.362868,-0.206247,0.376253,-0.530521,0.0590935,0.347234,0.589626,0.377382,0.363189,-0.441433,0.0615435,0.306342,-0.135978,-0.0832573,0.297848,-0.0375422,0.0340325,0.14136,-0.0386562,0.35722,-0.209313,0.0991915,-0.441042,-0.0669511,-0.434999,0.395494,0.0602215,0.0509217,0.424404,-0.496715,-0.196141,-0.051196,-0.437737,0.133371,0.317444,-0.0112558,0.253282,0.162797,-0.650643,-0.0328878,0.324369,-0.284366
-0.317635,-0.216218,-0.12921,0.400707,0.295249,-0.478841,-0.0754369,0.303288,0.155429,0.432848,0.17979,-0.281824,0.449683,0.010647,0.236684,-0.303129,-0.449308,0.180082,0.310673,0.490324,0.101197,-0.194473,0.000896763,0.0861807,-0.121131,0.128118,0.256973,-0.00990205,-0.0395997,0.358629,0.314317,0.404292,0.0145855,0.252972,-0.168192,0.437577,-0.222777,-0.523452,0.220957,0.117733,-0.267073,-0.281249,-0.455285,-0.134984,0.0459889,-0.247016,0.325804,0.186942,0.43896,0.417157
-0.108173,0.175603,-0.26682,0.0654321,-0.263822,-0.0804448,-0.246878,0.396649,-0.00899687,0.336677,-0.252928,-0.432534,-0.331851,0.216391,-0.182959,-0.291281,0.338085,0.317364,-0.153987,-0.0218776,-0.360208,0.0409297,-0.199697,0.467969,0.517265,0.182433,0.278193,0.185891,0.206362,-0.249101,0.360469,0.192794,-0.271314,-0.295638,0.150374,-0.0110463,0.285659,0.403921,-0.155787,0.4266,-0.221851,-0.124257,-0.0488583,0.0297351,0.276621,0.220816,-0.302021,-0.430928,0.126228,0.116638
-0.41003,0.195581,0.34192,-0.211402,0.219018,-0.246366,0.516347,-0.161964,-0.293069,0.0841975,-0.552569,-0.494211,0.416739,-0.226101,0.158679,-0.429157,0.430276,0.489266,-0.37519,0.346545,-0.228014,0.461223,-0.558941,0.131769,0.453526,0.27472,0.229401,-0.383511,-0.463471,-0.332446,0.316881,-0.0405285,0.0156812,-0.322882,0.200671,-0.082164,0.274727,-0.045361,0.357498,0.273707,-0.506284,0.246407,0.0858759,0.319218,0.461406,0.211967,0.115463,-0.438511,0.180585,0.129346
0.041153,0.43261,0.416666,-0.0381998,0.100148,0.305313,0.468047,0.417896,-0.066323,0.29816,-0.38397,0.0146508,-0.397064,-0.401001,0.332584,-0.353661,-0.279703,-0.0931041,-0.123504,0.0730047,0.143557,-0.282378,0.0620528,-0.183423,0.160577,-0.0831987,0.173124,0.459169,0.314161,0.149459,-0.28561,-0.328105,0.23604,0.141772,0.181502,-0.430598,0.0451686,0.413324,-0.369363,0.505179,-0.435771,0.368592,0.146264,0.160883,0.230767,-0.535478,-0.705332,0.147842,-0.287809,-0.014051
-0.286442,-0.389312,-0.0242831,-0.223286,0.0669009,-0.361387,-0.263681,0.0621639,0.329463,0.0736709,0.365444,0.595629,0.0708654,-0.395434,-0.566275,0.278048,-0.0576394,-0.391005,-0.143693,0.0582946,-0.382375,0.434085,0.32935,-0.211102,-0.0701672,-0.126038,-0.208633,-0.0224236,0.0252311,-0.469779,-0.533894,0.485141,-0.375779,-0.298402,0.245348,0.179772,0.398867,-0.142768,0.167469,0.448118,0.146869,-0.181529,-0.228576,0.111466,-0.120644,0.0783401,-0.28324,-0.248549,0.251356,0.258157
0.440285,0.362994,0.503376,0.282609,-0.121174,0.102156,-0.107352,-0.231714,-0.0299799,0.20562,0.222488,-0.319154,0.0833916,-0.156261,-0.352727,0.0839264,0.516563,-0.0753634,-0.319056,0.158082,-0.0559926,0.413766,0.0782362,-0.128267,0.165811,-0.418806,-0.301942,-0.321088,0.245088,-0.280743,0.372087,0.399699,0.217816,-0.357719,-0.427527,-0.371798,0.107354,0.0411983,0.112595,-0.0714082,-0.0533041,-0.422974,-0.0879743,0.349109,-0.283278,0.347628,0.515532,-0.386716,-0.275836,0.332485
-0.283459,0.236555,-0.0734296,0.0615533,-0.555062,0.493154,0.174781,-0.352736,0.548057,-0.197999,-0.156975,0.124302,-0.270571,0.0530372,-0.109794,0.0790047,-0.266518,-0.316392,0.0110698,0.0395386,-0.244756,-0.424397,-0.305693,-0.125393,-0.227529,-0.0310885,0.410128,-0.629752,-0.147102,-0.0581393,-0.312016,0.401189,0.253292,0.248213,-0.410392,0.418319,0.560045,-0.249692,-0.479004,0.181302,0.263927,0.255545,0.26437,0.161508,0.298687,0.441238,-0.24935,-0.205251,0.422316,-0.473891
0.193822,-0.205543,-0.142329,0.132409,0.328517,0.0279201,-0.456251,0.0617024,0.253382,0.0664122,-0.232538,0.0186764,0.377795,-0.042195,0.2219,0.0739624,0.152113,0.325714,0.0855437,-0.231126,-0.479431,-0.141313,-0.0445284,0.263282,-0.359514,0.443823,0.396706,0.0409959,0.0965236,0.39735,-0.428566,0.0433935,0.0489461,0.495453,0.194587,0.221458,-0.00789479,-0.499025,-0.450815,0.0432327,0.495989,0.102472,0.0686537,0.212558,-0.259256,-0.503526,0.424202,-0.285558,0.279995,0.184577
0.245577,-0.37209,-0.0431921,0.12109,-0.397087,0.159928,-0.202563,0.170881,0.439681,0.0279207,-0.555726,0.163211,-0.238194,0.297107,0.098284,-0.124239,0.342983,0.055126,-0.366464,-0.380406,0.132548,0.368867,0.00527649,0.196764,0.368379,-0.53898,0.395853,-0.429569,0.00141944,-0.489772,0.533651,-0.355415,0.163783,-0.293223,0.456502,0.401202,0.363045,-0.396451,0.342711,0.226171,-0.389116,0.041502,-0.42238,0.188186,0.106199,0.428394,-0.458742,0.192494,-0.0896556,-0.456862
-0.330632,-0.376352,0.413612,0.519916,-0.471492,-0.119067,0.417873,0.364644,-0.259776,0.191448,0.294,0.294207,-0.436372,-0.426362,-0.145148,-0.269806,0.27309,0.410686,0.111409,0.13292,0.0295455,-0.46441,0.198188,-0.372849,0.354345,0.137583,-0.0452985,0.00881603,-0.486847,-0.227054,0.0151226,-0.0634058,0.107818,-0.157042,0.243671,-0.180996,-0.25267,-0.392627,-0.15354,-0.102759,0.24671,0.150705,0.0940724,0.14724,0.387521,0.0433288,0.0269409,0.156521,-0.171033,-0.149439
-0.057761,0.263736,-0.122054,-0.417541,-0.180639,-0.341228,-0.0546249,-0.289998,-0.4884,-0.342793,-0.338891,0.160273,-0.330357,0.488153,0.0528778,-0.267958,0.512691,-0.264888,0.156293,-0.255568,-0.606174,-0.0955279,-0.158222,0.205806,-0.321019,0.196254,-0.485521,-0.19733,-0.233603,0.0809533,-0.0273911,0.110894,0.387112,0.273985,-0.0397482,-0.190222,0.00907478,-0.284884,0.334542,0.465509,-0.413267,0.228299,0.229693,-0.120051,-0.30778,-0.423872,0.451803,-0.246549,0.195042,-0.291701
0.180162,-0.3987,0.1825,-0.338384,0.223877,-0.196075,-0.326982,0.0851849,0.32235,-0.262722,0.0603255,0.247282,0.00507104,0.12719,0.178962,0.39236,-0.31532,0.485973,-0.268652,-0.14664,-0.292674,-0.148598,0.313017,0.1614,-0.365941,0.150213,-0.284715,-0.432499,-0.243558,-0.400191,-0.173217,-0.180959,0.114568,-0.0128348,0.167516,-0.16289,-0.12877,-0.482285,-0.311353,-0.120853,-0.0781964,-0.286877,-0.0655455,0.0242194,0.0322017,-0.0557238,0.388193,0.0721631,-0.168387,-0.365345
-0.161029,-0.310401,0.528265,0.221725,0.449202,0.305048,0.374579,0.540955,0.42622,0.126569,0.0231393,-0.232328,0.44624,-0.160615,0.0386212,-0.292886,0.231357,0.196805,-0.218511,-0.0672442,-0.191952,0.121873,-0.0714679,-0.137621,0.0279092,0.147601,0.39073,-0.112266,-0.0902335,-0.199676,-0.245216,0.0792802,-0.0350825,0.02284,-0.242481,-0.522485,-0.308778,-0.20313,-0.359656,-0.224461,-0.310867,-0.115843,0.385979,-0.221745,-0.117963,0.37283,0.163915,-0.578234,0.326344,-0.0912919
0.0761961,-0.383087,0.27266,0.37825,-0.0168468,0.381002,0.138516,-0.329946,-0.456874,-0.418481,-0.378423,-0.0817474,-0.374281,-0.150909,-0.313907,0.195378,0.014117,-0.155446,-0.475614,0.232938,-0.247037,0.225978,-0.273793,0.0151546,0.390552,0.00692986,0.0459949,0.0504033,0.236396,-0.278834,0.187604,0.0795327,-0.242026,-0.438362,-0.0170972,-0.478177,-0.153139,0.27951,-0.525202,-0.12037,-0.364126,-0.0147566,0.496606,-0.0539564,0.05381,-0.17961,0.410044,0.377868,0.341784,-0.358053
-0.299371,-0.215206,-0.555283,0.082162,-0.288489,-0.115996,0.130707,0.106822,0.361513,-0.53322,0.192957,-0.142716,-0.479819,0.229493,-0.13094,-0.415473,0.22415,0.00775056,0.512491,-0.141444,-0.169521,0.162385,-0.1598,-0.0411089,0.146251,-0.292426,0.398805,-0.0685913,0.185747,0.0122417,0.491501,0.304496,-0.196988,0.0967194,-0.100631,-0.0732287,-0.37925,0.188084,0.0563884,-0.260001,0.0474979,-0.102517,0.0675791,0.180663,0.108291,-0.212218,-0.101253,-0.496829,0.209634,-0.0735828
0.0358155,-0.313715,0.394469,0.260501,-0.000548521,-0.122924,-0.369936,0.187145,0.433277,-0.187569,0.403502,-0.244049,-0.321155,-0.351892,0.342414,0.44938,0.251308,0.304885,0.293248,-0.234293,0.305885,0.168032,-0.384327,-0.260949,-0.399862,0.0559017,-0.175885,-0.501867,0.0522859,-0.445932,-0.0079678,-0.428865,0.236363,-0.448794,-0.362469,0.199898,0.181601,0.0244805,-0.0120734,0.39718,0.326871,0.196318,-0.539694,-0.449658,-0.383715,-0.0584902,0.27232,0.0741231,0.319424,-0.030398
0.435349,0.248031,-0.432362,0.0807843,0.0885671,-0.084838,0.329068,-0.473993,-0.0375023,-0.159624,-0.152089,-0.334279,0.0545598,0.369167,-0.152782,0.383373,0.195318,0.282767,-0.131177,0.496598,-0.350018,0.351628,0.261854,0.506685,-0.253527,-0.4516,-0.0638346,0.256179,0.111879,-0.128558,-0.119851,0.212969,0.10487,0.407548,-0.0152673,0.0741716,-0.00182489,-0.0028955,-0.108511,-0.255913,-0.408796,0.270752,-0.464561,-0.258455,0.0506148,-0.337854,-0.443705,-0.362555,-0.32222,0.409621
-0.235896,0.103931,-0.323608,0.292264,-0.519193,0.213437,0.35821,0.229085,0.294286,0.342358,-0.284875,0.258475,-0.0503221,-0.385001,-0.422119,0.1768,0.338137,0.197588,-0.127041,-0.261392,-0.00024089,-0.338638,-0.466321,0.516276,0.162312,0.269639,0.072837,-0.177604,0.449872,0.404123,-0.462783,-0.0768912,-0.166412,0.0510439,-0.0356839,0.435578,0.175636,0.107875,0.109957,0.32646,-0.384,0.124565,-0.0852546,0.529823,0.132295,0.118571,-0.19021,-0.368117,-0.130165,-0.0207981
-0.396679,0.40747,-0.475862,0.0765654,0.214215,-0.485586,-0.00191662,0.251268,-0.308175,-0.199312,0.137084,0.243467,0.30011,-0.334774,-0.451567,-0.297452,-0.070263,-0.143046,0.581183,0.0392145,0.446704,0.419269,0.484448,0.489098,0.245173,-0.418566,-0.456722,0.167031,0.30411,-0.278305,-0.112434,0.148999,0.459522,0.262932,-0.208252,0.0434736,-0.414452,-0.0529848,0.331873,0.414914,0.347348,-0.410748,0.161849,0.139611,0.336211,-0.411426,-0.517423,0.0274638,-0.268143,-0.150987
0.352062,0.143468,-0.39642,-0.370832,-0.169848,-0.101931,0.297264,-0.30313,0.394605,-0.0607754,0.0387082,-0.117879,-0.102251,0.489337,0.434512,0.298685,0.403794,0.341237,0.333538,-0.417048,-0.0849755,0.471706,-0.224718,0.229911,0.305321,-0.556778,-0.258062,-0.175017,-0.148055,-0.0459294,-0.448173,0.321253,-0.082216,0.553043,-0.32541,-0.153891,0.381496,-0.334478,0.0114125,-0.46203,-0.0476003,-0.362471,-0.35272,0.00540883,0.345449,-0.375014,0.0190074,0.276555,-0.449686,-0.455905
-0.20058,-0.0161372,0.253693,0.366874,0.271259,-0.459086,-0.418779,-0.294227,-0.0836236,0.277801,-0.142207,-0.321725,0.426346,0.105148,-0.293609,0.0320817,0.236331,-0.243528,-0.116925,-0.20198,-0.249657,0.402981,0.0362101,-0.408106,-0.224269,-0.256538,0.263556,-0.505734,0.043957,0.073977,-0.127656,0.0329491,-0.313998,-0.0174458,0.222507,0.399113,-0.312606,-0.129477,0.0960415,-0.24402,-0.433211,0.24314,-0.0325603,0.30231,0.232959,0.192442,-0.208056,-0.108245,-0.347325,-0.195301
-0.314059,-0.482453,0.39263,-0.122019,0.204699,-0.357537,0.377889,0.420861,-0.0580029,0.0946203,-0.02233,-0.11286,-0.135201,0.422862,-0.228013,-0.0953336,-0.0692798,-0.497536,-0.0645355,0.431567,0.199844,-0.0503112,0.0908868,0.3435,0.0398926,0.174815,0.171377,-0.290411,0.193011,0.158795,-0.176032,-0.366391,-0.229362,-0.133454,-0.0355687,-0.439408,0.0637724,0.457829,-0.428449,-0.255751,0.22728,-0.137465,-0.458027,-0.189057,0.142608,0.407403,0.230769,0.00302384,0.411954,0.168554
0.408041,-0.156961,0.358549,0.322187,0.179044,0.314637,-0.444119,-0.465291,0.225977,-0.496805,-0.037264,-0.0713453,0.478788,0.14168,0.547567,0.435658,-0.39342,0.145836,-0.025396,-0.204082,-0.158665,-0.0356123,-0.223002,0.168168,0.420623,0.374347,0.0197824,-0.272749,-0.0452291,0.495015,-0.375656,0.550335,0.235036,0.453932,-0.427134,0.235204,0.198486,-0.207558,0.0582359,0.448929,-0.0541463,-0.194977,0.361316,-0.139112,0.199585,-0.2502,-0.183052,0.45873,-0.0973362,-0.407418
0.404081,-0.0669953,0.496755,-0.432604,-0.46768,-0.0801638,-0.306058,-0.144714,0.0942897,0.0371791,0.376693,0.386788,0.0649053,0.252278,-0.155206,0.343636,-0.408049,0.349639,0.264787,0.369666,0.436357,-0.214455,0.33449,-0.212915,0.034228,-0.380916,-0.0919886,-0.140899,-0.420304,-0.255165,0.0264124,-0.241991,0.34586,-0.296452,-0.279361,-0.18999,-0.452889,0.13644,0.225833,0.211327,-0.0546729,0.292005,-0.402058,0.344213,0.378698,-0.011342,0.24318,-0.29355,-0.195459,0.0465498
0.332593,0.280394,0.482435,0.131696,-0.417044,-0.0654124,-0.329191,0.0860185,0.065035,-0.169728,-0.376153,0.0955511,-0.258378,0.0873136,0.324015,0.269162,0.292156,-0.180169,0.506121,0.0990225,-0.367035,-0.495956,0.50843,0.183748,-0.135936,0.0845492,0.129115,0.237635,0.158967,0.0838356,-0.0238527,-0.457527,0.359899,-0.00469814,-0.0651681,-0.373712,0.116604,-0.171876,-0.196577,-0.229171,0.091565,0.41834,-0.0724056,-0.470791,-0.515916,0.298934,-0.099959,-0.53242,-0.422572,-0.344423
0.489948,-0.318512,-0.297105,-0.378212,-0.0699011,0.147056,0.166195,0.296426,0.0910758,0.0498614,0.284548,-0.232072,0.245982,-0.515444,-0.0952016,-0.0561847,0.300287,0.299327,-0.399439,-0.242419,0.468134,-0.334542,0.25086,0.436701,-0.422047,-0.109376,0.462694,0.327902,0.229231,-0.393255,0.213249,0.255514,0.0812716,-0.25674,-0.144637,-0.224448,-0.214647,0.22642,0.304652,-0.0419836,-0.509614,0.264601,-0.320532,0.172723,-0.0906468,-0.0240089,0.313439,-0.185024,0.24277,0.227511
-0.187482,0.0284968,-0.380912,-0.0743024,-0.37131,-0.265291,0.322959,-0.463576,0.181896,0.00411374,0.248066,-0.305897,0.452717,-0.24926,-0.366928,-0.352668,0.546414,0.37633,0.153005,0.304135,0.343595,0.108413,0.446678,-0.497755,0.185644,0.307887,0.0777742,-0.146899,-0.467203,0.224107,-0.356345,0.503853,0.126627,-0.132777,-0.469358,-0.109049,-0.0545829,0.359199,-0.0336675,0.370084,-0.020567,0.426785,-0.0551691,0.234132,-0.105416,-0.342911,0.240325,-0.398271,-0.0773738,0.097894
0.303668,-0.0661997,0.50497,-0.286835,-0.00294719,-0.351812,-0.586166,0.0650659,0.324774,-0.0412243,-0.265048,0.499454,-0.0956199,-0.117459,0.244091,0.347755,-0.27038,-0.427116,0.136791,-0.461732,-0.236497,-0.013757,0.549841,0.179769,-0.101508,0.0653722,0.261359,-0.249816,0.412231,0.0883692,-0.0808441,-0.285986,0.322841,0.0230788,-0.471083,0.159021,0.554211,-0.168164,-0.312381,-0.0484037,0.332282,0.436452,0.299418,0.225482,-0.138657,0.208553,-0.177368,0.0509392,0.132001,-0.369995
-0.121095,0.294705,-0.48011,0.251651,-0.0424218,0.195655,0.420072,0.153408,0.315481,0.439222,0.368286,0.176025,0.333776,0.398822,0.438918,0.202947,-0.435085,-0.158637,0.148007,-0.085901,-0.108733,-0.34793,-0.112215,0.364315,-0.170987,-0.425459,0.0296084,-0.366885,-0.481096,0.206754,0.0264507,-0.22103,-0.289112,0.453225,0.322406,0.565915,-0.0851838,-0.205818,-0.0559691,-0.286486,-0.0321958,-0.032616,-0.012995,-0.0350147,-0.222374,0.390877,-0.374677,-0.559289,-0.389781,-0.287476
-0.368811,-0.307625,0.325386,0.227562,0.290548,0.225824,-0.301496,0.112744,-0.310613,0.480183,0.532042,0.161726,-0.480205,-0.310381,-0.420703,-0.131564,0.24213,-0.457089,0.302894,0.233824,0.0153563,-0.411424,0.180766,0.317791,-0.276902,0.397934,0.426143,0.0258535,-0.208143,0.471753,0.288372,0.355268,0.517531,-0.208179,0.477378,-0.305867,0.54065,-0.280578,0.353131,-0.307389,-0.183783,0.114584,-0.24293,-0.207427,0.199516,-0.321615,0.107969,0.192235,0.551676,0.344946
-0.206864,-0.18431,-0.213531,0.255014,0.308207,-0.143786,0.183103,0.241928,0.390618,0.150072,-0.352945,-0.514944,-0.413005,-0.150599,0.385243,0.278426,-0.241918,-0.336323,0.498414,0.361295,0.140841,0.42654,0.199602,-0.374289,0.41989,-0.344061,-0.229993,-0.248091,-0.280524,-0.293506,-0.152461,-0.00584567,0.287844,-0.056737,0.157086,-0.293532,0.384074,-0.235714,-0.142197,0.400958,0.36881,0.0575835,0.139965,-0.355839,-0.268648,0.0550972,0.0289592,0.235561,-0.262284,-0.190602
0.0659234,-0.378484,-0.100645,0.0385841,-0.0910265,0.28887,-0.257791,-0.233126,-0.200379,0.504267,0.218754,0.272903,-0.0401183,-0.192989,0.150888,0.396728,-0.380694,0.374358,0.127202,-0.0739263,0.178285,0.0054867,-0.201182,-0.224356,0.121326,0.318245,-0.234791,0.111914,0.142021,0.196289,-0.0906566,0.464352,0.299199,0.138458,-0.315524,0.401883,0.351351,-0.0827449,-0.241996,0.491752,0.278675,0.130588,-0.00550885,0.323537,0.271784,-0.410967,0.486086,0.191088,-0.34987,-0.251008
-0.10896,0.153577,-0.369918,-0.168003,0.289374,-0.438211,0.0890714,0.0322278,-0.0371714,0.315726,-0.20888,0.263475,-0.689203,0.568073,-0.155608,0.0145657,-0.00438576,0.170677,-0.082846,-0.196704,0.207241,0.0384086,-0.500455,0.308023,-0.215742,0.191777,0.183425,-0.378175,0.393138,-0.439683,0.0441387,0.00370691,-0.377974,-0.299828,0.271627,0.00271995,0.0535147,-0.53008,-0.19756,-0.382606,0.0709066,0.501889,0.345686,0.323677,0.0976248,0.324269,0.309029,0.212232,-0.0509682,-0.0367011
-0.106822,-0.276287,-0.441039,-0.441519,0.119182,0.104672,0.121119,-0.296389,-0.28727,-0.168324,-0.467753,-0.470644,0.445363,-0.0741249,0.0353152,0.385346,-0.412215,-0.320334,-0.398674,0.203922,0.287158,0.365271,0.25598,0.267807,0.373588,0.402144,0.346748,-0.2134,-0.230064,-0.0788487,-0.323855,0.446184,-0.00523425,0.257938,-0.206723,0.160839,0.179434,0.300467,-0.121086,0.326779,0.312627,-0.282021,-0.363757,0.393769,-0.358118,-0.205777,-0.191705,0.427743,-0.400857,-0.454392
-0.325772,-0.484564,-0.147119,-0.334361,-0.293923,0.120783,-0.372701,-0.315818,0.0556829,0.423858,0.213807,-0.139615,0.108249,-0.0916104,-0.087815,-0.470543,0.00790048,-0.497136,0.313606,-0.478587,0.178084,0.0763406,0.286817,-0.0476365,-0.092673,-0.255919,-0.417842,0.00618485,0.0616316,-0.231988,0.274554,0.554596,0.0550149,-0.170919,0.371616,0.372876,0.114592,-0.182684,-0.154484,0.587486,0.510363,0.0275659,-0.233715,-0.148332,-0.00619588,-0.446748,-0.519205,-0.146991,-0.23956,0.0841495
0.181057,0.352484,0.00866266,0.0850705,-0.12231,-0.116227,0.278449,0.378271,0.153766,-0.0938391,0.276615,0.215118,0.244906,-0.37248,-0.147107,-0.221073,0.354111,0.245625,-0.305921,0.441306,0.195835,-0.0370779,0.382304,-0.165321,0.243799,0.455721,0.357265,0.16344,0.141778,-0.436544,0.0159918,0.0159701,-0.158529,-0.0457899,-0.0056484,-0.506392,-0.0433058,-0.149507,0.276654,-0.414798,-0.386774,-0.264891,-0.269844,-0.329628,-0.354804,-0.0688715,-0.273513,0.532431,-0.224443,-0.371738
-0.0293398,0.46508,-0.395707,0.228554,-0.375186,-0.129833,-0.381312,-0.0127829,0.179146,0.331449,0.368365,-0.303425,0.0300774,0.228879,0.0806263,0.0291141,-0.454818,0.0184204,-0.0133977,-0.016253,-0.316219,0.334499,-0.352982,-0.315039,-0.00119993,-0.368107,-0.399564,0.0813841,0.32566,0.102344,-0.288337,0.329916,-0.356447,0.440408,0.0251266,0.313046,-0.0436391,-0.145126,-0.461546,-0.141259,-0.307332,-0.0728046,0.0731457,0.193302,-0.237343,0.527934,-0.51493,0.302937,-0.27626,0.305899
-0.284772,0.134215,0.239804,0.202552,-0.318472,0.0540912,0.51297,0.0757308,-0.0765643,0.366524,-0.164313,0.4161,0.199224,0.556357,-0.499942,0.247592,-0.0973526,-0.0964194,-0.0367395,0.18204,-0.0107674,0.0836253,0.201941,-0.497087,0.0704474,0.316901,0.448893,0.125378,0.237988,0.163447,0.358959,0.255706,-0.280437,-0.493956,0.49874,0.482941,-0.00199465,-0.00473906,-0.255684,0.328929,0.117813,-0.22665,-0.369801,-0.290063,-0.405375,-0.520463,-0.472258,0.0209409,-0.268511,0.13034
-0.114174,-0.263545,0.40695,-0.327253,-0.352613,0.38121,0.39351,-0.00552096,-0.310244,0.461931,-0.280828,-0.389383,-0.174371,0.191577,-0.63614,0.436775,-0.0858519,0.0615276,0.379294,-0.344176,0.33143,0.305088,-0.353202,-0.464619,0.552064,0.259922,0.163547,-0.302291,-0.440476,-0.450504,0.255297,0.372875,0.181306,-0.105862,-0.387653,0.289018,0.342444,-0.0727077,0.172161,-0.116329,-0.289471,0.311395,0.238369,-0.304356,-0.297985,-0.0981903,-0.0907038,-0.194391,0.563653,0.419723
-0.228857,0.469681,0.0782403,-0.0859997,-0.264274,0.405325,-0.1407,-0.418042,-0.358055,0.109757,0.272032,0.223692,0.0829322,0.259584,-0.205332,0.285576,0.237999,-0.417603,0.292141,-0.0918981,0.342889,0.252937,0.480393,0.385246,-0.255569,-0.280659,0.533909,0.0278868,-0.0574821,0.112706,-0.160852,-0.402119,0.302407,-0.292024,-0.115098,0.202077,-0.370228,-0.0346292,0.39018,-0.405419,-0.42836,0.460806,0.13654,-0.15796,0.407603,0.251107,-0.343196,0.0511887,0.105465,0.302007
-0.03928,0.353503,0.127517,0.0995217,-0.435246,0.412628,0.317512,-0.198674,0.236177,0.320001,-0.254139,0.0511076,0.138147,-0.332182,-0.0416673,-0.446388,-0.331848,-0.381123,-0.328974,-0.156344,-0.146902,0.207625,-0.0425467,-0.264167,0.0519729,-0.147943,-0.243655,-0.383371,0.36371,-0.418104,0.152865,-0.345995,0.479681,-0.112762,0.118335,-0.209453,0.316474,0.233269,0.317203,-0.295541,-0.308388,0.346359,0.0171712,0.233776,-0.449768,-0.0302362,0.217075,-0.237582,0.114957,-0.40817
0.358307,-0.363828,-0.162557,-0.242208,0.115515,0.497525,-0.164159,0.173146,-0.221545,-0.471001,-0.0607379,0.30112,0.202156,-0.0409325,0.289259,-0.351224,-0.249193,0.16227,-0.063389,-0.0735115,0.224543,-0.114878,0.0554397,0.157418,-0.401492,-0.026649,0.200492,-0.078053,-0.24928,0.162381,-0.20983,-0.0227511,0.278526,-0.303405,-0.00911659,-0.468193,0.151776,0.0733928,0.130186,-0.0146304,-0.259615,0.0267473,-0.0425598,0.118964,-0.0701055,0.0384304,-0.341112,-0.107747,0.234452,-0.395999
0.358057,-0.452048,-0.223224,0.114017,0.243363,-0.26996,-0.0394722,0.393366,0.511024,0.261106,-0.265478,-0.0221098,-0.0940415,-0.272792,0.309057,0.316894,0.334871,-0.488091,-0.637257,0.229322,-0.449927,-0.469282,0.105334,0.21035,-0.129567,0.171501,-0.360514,0.0919487,0.328998,0.236539,-0.0337084,-0.0136943,-0.158929,0.161594,-0.556685,-0.480391,0.17641,-0.00526485,0.637862,0.013777,0.0165193,-0.420824,-0.458719,0.394433,-0.155871,-0.0546275,-0.438429,-0.381674,0.424238,-0.442379
0.268391,-0.390113,0.182303,-0.240306,-0.226855,0.244023,0.134579,-0.231157,-0.117911,-0.448306,0.359913,-0.412939,0.233195,-0.0443713,0.324857,-0.133306,0.37619,0.263209,-0.149402,0.438543,-0.0934104,-0.0927087,-0.493896,0.0804955,-0.60278,-0.191175,-0.443859,0.163173,-0.0902364,-0.165295,0.113226,-0.028421,-0.0485967,0.396592,-0.455197,-0.122811,0.406057,-0.429685,0.200777,0.0614622,-0.0463172,-0.291729,-0.100199,0.5201,-0.236506,-0.305101,-0.325574,-0.16917,0.0146013,0.0255793
-0.142331,-0.386423,-0.44987,-0.452512,-0.104835,0.426073,-0.454113,0.376216,-0.28938,-0.461176,0.145949,-0.213821,0.150979,0.117982,0.357308,0.451337,0.405221,-0.44435,0.117587,-0.33115,-0.467218,-0.398478,0.295675,-0.388706,-0.507349,-0.453494,-0.25607,-0.507552,-0.4458,0.412978,0.388182,-0.483887,0.429308,-0.194375,-0.386674,-0.329958,0.310114,-0.0552182,0.0921527,0.435434,-0.0769211,-0.472047,-0.230952,0.425322,0.308496,0.137204,-0.449667,-0.0465522,0.0194078,-0.217597
-0.394385,-0.20064,-0.250093,-0.340151,-0.449305,-0.0393006,-0.390866,0.126904,0.16957,0.287001,0.498274,0.253522,-0.172501,-0.53685,-0.411264,0.456534,0.104681,0.0225099,0.46131,-0.249701,-0.241909,0.293467,0.532936,-0.405194,0.527741,-0.499166,-0.32735,-0.285557,-0.00183715,-0.24422,-0.0307695,-0.411111,0.0502848,-0.337505,-0.159891,-0.0384152,0.153185,-0.313051,-0.128584,0.173581,-0.214237,-0.0438959,0.075386,0.0704529,0.401827,0.0785682,0.0175403,-0.474397,0.120856,0.033817
-0.265227,-0.303146,-0.136009,-0.300354,0.206185,-0.248617,0.418619,0.296395,-0.552214,0.0394513,0.165875,-0.222406,0.127428,0.0200101,-0.0704561,-0.300011,0.303118,-0.152189,-0.0814277,0.402357,-0.0907188,0.440744,-0.204297,0.311052,-0.146977,0.311922,-0.0865672,0.301921,0.408437,-0.211142,-0.091562,0.0276287,-0.447647,0.356965,-0.295455,0.496654,-0.131284,-0.00521172,-0.247571,-0.16789,-0.110857,0.337433,-0.000405805,0.539471,-0.0454564,0.14248,0.497191,0.488126,-0.0988955,0.362993
-0.215224,-0.478465,-0.382557,0.00918953,0.355889,-0.230562,-0.538644,0.146184,0.495666,-0.179748,0.539898,-0.138631,-0.239785,0.235711,-0.24493,0.335522,0.106383,0.458798,0.509171,-0.315984,-0.245567,0.417656,0.0610451,-0.348462,-0.286875,-0.468504,0.255447,0.383678,0.258028,-0.217883,-0.343218,0.23096,-0.117682,-0.332981,0.176665,0.0600627,-0.133444,0.43319,-0.530956,-0.396285,-0.000759575,0.290943,0.0183498,-0.330203,0.0117899,-0.57025,-0.435057,-0.105241,0.274857,-0.439637
-0.146302,0.336526,-0.0952464,-0.49356,-0.268796,-0.0997776,0.37206,-0.181847,-0.178522,0.204695,-0.211621,0.166247,0.219335,-0.313364,-0.20307,0.134215,-0.207734,-0.638333,-0.549687,0.0162312,0.227323,0.481063,-0.361383,0.517687,0.216115,0.377714,0.191718,-0.147006,-0.0962375,-0.357292,0.192494,-0.425529,-0.290612,0.301431,0.250317,-0.198334,-0.116394,0.309694,-0.228801,0.179386,-0.331207,-0.398504,0.484328,0.159175,0.0979266,-0.319842,0.472321,-0.151076,0.441741,0.459558
-0.159821,-0.382288,-0.138308,0.117763,-0.279929,-0.208401,-0.113815,0.173368,0.0762426,0.219673,-0.15541,-0.458818,-0.0974169,0.304855,0.262027,-0.0614272,-0.363178,0.369391,-0.361011,-0.00722493,-0.227134,0.466332,-0.26601,0.442566,0.423474,0.34126,-0.140919,-0.315756,0.213863,0.097833,0.294927,-0.238935,-0.613118,0.206191,-0.0992913,-0.0919916,-0.00098878,0.494006,-0.248409,-0.431501,-0.384519,0.441096,-0.354384,0.0590962,-0.271169,0.30305,-0.414605,-0.179012,0.219833,-0.245818
-0.347281,0.167111,-0.212931,0.226053,-0.36472,0.126465,0.529067,0.467216,0.215048,0.297972,-0.00608237,0.254345,0.200479,0.12148,-0.183,0.056141,-0.0410747,0.140263,0.298317,-0.307693,0.0792317,0.371819,0.244806,0.437979,-0.454076,-0.412645,0.39644,-0.52513,-0.293555,0.197463,-0.18592,0.0843883,0.401705,-0.309812,0.285646,0.476834,-0.190933,-0.478776,-0.0473533,-0.152745,-0.35073,0.46917,0.229682,0.0720064,-0.218878,-0.280384,0.160672,-0.452759,0.209239,-0.361539
0.19176,-0.0144765,-0.251222,0.360875,-0.340571,-0.147463,0.453781,-0.224191,0.30182,-0.134942,0.0934449,0.178548,0.0111786,0.414057,0.0906566,-0.291695,-0.263731,-0.070715,0.0317785,0.273672,0.347292,0.305198,0.147538,-0.450618,-0.478893,-0.227556,-0.0102472,-0.244947,0.354517,0.258657,0.249209,0.341866,-0.147668,-0.338546,0.0112101,-0.377119,-0.0542773,-0.218561,0.480549,0.340622,-0.150655,0.38929,-0.155615,-0.1315,-0.138594,0.418417,-0.249917,0.339751,-0.423467,-0.187485
0.143081,-0.464452,-0.228391,0.519095,-0.367775,-0.0446134,-0.255973,0.131992,0.407612,-0.258716,0.287683,0.0747139,0.474862,0.203093,0.24367,0.285548,0.171956,0.326527,0.3411,-0.105994,-0.409145,-0.0755073,0.143244,0.161175,-0.0464002,0.11337,-0.390388,0.079862,-0.148083,-0.267728,-0.429239,-0.299276,-0.154999,-0.445585,0.44109,-0.0268129,-0.432573,0.392058,-0.182421,-0.0569153,0.449428,-0.196436,-0.248621,0.331908,0.36085,0.332256,0.19403,0.315375,0.054199,0.430598
-0.4855,0.368074,-0.463901,-0.0216486,0.273205,-0.176441,0.554188,-0.492298,-0.168221,0.369844,0.472024,-0.239754,0.00881425,-0.0922023,-0.340051,-0.0731961,0.23667,-0.20382,-0.292118,0.0512664,0.413577,-0.110281,-0.279656,0.0175618,0.543155,0.47546,0.154927,0.0385691,0.134097,0.154117,-0.115163,-0.0380286,0.0639746,-0.466418,0.423483,0.0863474,0.387482,-0.156695,0.465527,-0.405263,-0.0763345,-0.182362,0.0793547,-0.476727,-0.418469,-0.214199,-0.473722,-0.485448,-0.330555,-0.285894
0.0904999,0.276139,-0.259222,0.403776,-0.348187,0.41057,-0.104554,0.096679,0.0601683,0.322184,0.0173425,0.153919,-0.199633,-0.0412127,0.410972,-0.497656,-0.155242,-0.34172,-0.316127,0.076835,0.248576,-0.297954,0.123706,-0.251002,0.06639,-0.204783,0.39887,0.205779,-0.358948,-0.491606,-0.0577963,-0.333115,-0.410023,-0.146056,0.220818,-0.0787426,0.100839,0.369903,0.090307,0.0354919,0.0741502,0.224594,0.0471875,-0.210543,-0.231505,-0.164647,0.497429,0.4153,0.0294555,0.314301
0.0284761,-0.434123,-0.306708,0.0814349,-0.00648717,-0.504418,0.0647079,0.33836,-0.265449,0.202548,0.483336,-0.336943,-0.334685,-0.379684,0.0406194,0.129399,-0.256578,-0.454422,0.144148,0.445047,-0.441415,-0.0327038,0.252164,-0.0286618,0.246168,-0.361837,0.0755349,-0.344533,0.401744,0.324935,0.427733,-0.363209,-0.0349961,-0.0465898,-0.103269,0.027841,0.155821,-0.174824,0.168272,0.262643,-0.0881905,-0.256709,0.13665,0.205969,0.397337,-0.00474342,-0.308669,0.386156,0.0885297,-0.359715
0.61352,-0.436238,-0.266668,-0.0102247,-0.431615,-0.416946,0.20406,0.134552,0.242583,-0.276764,0.23566,-0.153069,-0.305975,-0.151486,-0.0268096,0.46275,-0.207159,-0.174193,-0.0641193,0.571488,0.285207,-0.0108216,0.233035,0.238435,-0.387549,-0.0911078,-0.0789838,-0.304664,-0.320974,0.220779,-0.384478,-0.0743748,-0.315757,-0.283069,-0.286728,0.261076,-0.422494,-0.385,0.295584,0.0667911,-0.107067,-0.385981,0.184499,-0.0407681,0.0941749,0.229054,0.324425,-0.126312,0.349745,-0.410015
0.481063,-0.134598,-0.337136,-0.180184,-0.198707,-0.393392,-0.307328,0.222205,0.477111,-0.0553707,-0.0987935,0.420473,-0.295083,0.202555,-0.496347,-0.320838,-0.103717,-0.271129,0.0207046,-0.0125692,0.135339,0.33876,-0.0166819,-0.342638,-0.224306,-0.446935,0.00417736,-0.294076,-0.357402,0.274976,0.161492,-0.620764,0.258248,0.267078,0.246115,0.442339,-0.370701,0.336322,-0.417179,0.0505963,-0.323929,0.136854,0.427757,0.365504,0.229732,-0.01882,0.357022,-0.426664,0.334085,0.0582829
-0.282953,0.109719,-0.290301,0.273727,0.451417,-0.268876,0.0497031,-0.0271348,-0.450229,-0.46337,-0.179894,-0.490386,0.0695097,-0.0282431,0.284138,0.0028512,0.0694497,-0.25255,-0.30442,-0.477237,-0.0914058,0.53171,0.0894226,-0.248647,-0.469575,0.243178,-0.180901,0.0815771,0.408178,-0.0427032,-0.335977,-0.262227,-0.333941,-0.394676,-0.153595,-0.45582,0.0187213,0.0505913,0.288416,-0.311568,0.297145,-0.270481,-0.109555,0.0347925,-0.0888619,-0.0937015,0.295658,-0.11748,-0.323879,-0.222847
-0.234258,0.227584,-0.201678,-0.173663,0.134393,0.239968,-0.0446718,-0.382566,-0.112517,-0.223398,0.0864864,0.450483,0.408219,-0.155307,-0.231147,0.188991,0.0903341,-0.0268591,-0.178914,-0.137895,-0.30493,0.186181,0.0239129,-0.139437,-0.190852,-0.114252,-0.410295,-0.00348605,-0.148883,-0.0496558,-0.0250185,0.0395718,-0.361402,-0.506946,0.468024,0.170787,0.0983089,-0.120462,-0.296599,0.267439,0.314547,-0.0162827,-0.307821,-0.238946,0.409547,0.0810887,-0.545119,-0.030643,-0.412204,-0.252249
-0.302884,0.0920471,-0.34772,-0.503498,0.436269,0.234269,-0.181052,-0.135221,-0.281479,-0.142567,-0.200745,0.0505053,-0.267378,0.317977,-0.336064,0.0673892,0.47393,-0.39935,0.0747836,-0.157151,-0.301016,0.370276,-0.233349,-0.270344,0.189783,0.469437,-0.122052,0.130399,-0.0350305,0.229829,0.111429,0.387367,0.459308,-0.510476,0.172361,-0.430996,0.478305,0.518538,0.282946,0.218994,0.00340447,-0.262364,-0.277287,-0.385731,-0.168418,0.179816,0.113419,0.206836,0.475103,-0.109185
0.0680349,0.310914,-0.0652253,0.0216529,0.0760566,0.248217,-0.365884,-0.237824,0.41579,0.175584,-0.396509,-0.51841,0.342872,0.377142,0.0751357,-0.140523,0.468678,-0.0633934,-0.439284,0.474866,-0.406536,0.364244,-0.183047,0.0296217,-0.40799,0.474188,-0.0422726,0.251702,-0.221177,0.149661,0.0846416,0.481542,-0.442233,0.0445245,-0.537649,-0.0113151,0.0897352,0.382521,-0.351519,-0.501895,0.21264,0.17408,-0.361557,0.115848,0.152937,0.375341,-0.318582,-0.26987,0.0773988,0.122972
0.339814,0.372453,0.0384549,0.469407,-0.404924,0.0695446,0.308802,0.0655603,0.186043,-0.171113,0.032162,0.234654,0.100898,0.0171771,-0.356535,-0.00160716,0.133784,-0.113808,0.244047,0.210596,0.311663,-0.383884,0.190358,0.11799,0.500162,-0.358137,-0.0406772,-0.36604,0.439881,-0.388886,-0.33916,0.00581274,-0.47889,0.210052,-0.331542,0.114522,0.0934052,0.179264,-0.228796,0.294864,0.121197,-0.25711,0.243927,-0.555868,0.0635691,0.172548,0.403289,-0.504677,-0.341556,-0.0820935
0.0564961,-0.115997,-0.362636,-0.198232,0.376143,0.311691,0.508599,0.382749,0.399426,-0.358547,0.092667,-0.206366,-0.0609151,0.244672,0.079245,0.57436,-0.156479,0.383525,0.0581569,0.153567,0.257271,-0.0204954,-0.255152,0.489015,0.485471,0.0817098,-0.418432,0.340785,-0.0739663,0.310885,-0.514224,-0.0815657,-0.451001,-0.0914804,-0.0469384,0.0875363,0.146523,0.539748,-0.395774,0.380116,0.493647,-0.297197,-0.483565,0.328537,0.470546,-0.0228131,-0.117648,-0.0555745,-0.0530414,0.300965
0.552202,0.400816,0.0163425,0.0839836,-0.063937,-0.245915,0.266367,0.0539022,-0.273647,0.411892,-0.131282,-0.401678,-0.0239938,-0.0542149,0.479856,-0.218065,0.455901,0.0472441,-0.0524591,0.0779084,0.430199,0.280145,0.316348,-0.430533,0.442008,0.374696,-0.0183521,-0.419842,-0.264609,0.452607,0.32881,0.299034,0.0310407,-0.197237,-0.0829877,-0.32009,-0.303776,0.232673,0.2854,0.413489,0.216235,-0.481198,-0.279375,-0.141604,0.277812,-0.342875,-0.0846301,-0.486814,0.0629422,0.0981811
0.428652,0.402636,0.461852,-0.404301,-0.267659,-0.150859,0.431032,0.440782,-0.148529,-0.465885,0.0699755,-0.347278,-0.567402,0.430375,0.21019,0.149921,-0.465465,0.141308,0.118028,0.424004,-0.278617,0.149538,-0.220431,-0.176567,-0.368274,-0.0856704,-0.0376219,0.180562,-0.153598,-0.193147,0.375818,-0.205107,0.0558724,-0.449643,-0.446391,-0.00406797,-0.376777,0.403914,0.188074,0.298559,-0.0452599,0.173138,-0.362773,-0.295875,0.443746,0.337142,-0.523149,-0.259849,-0.0736578,-0.518764
-0.22015,-0.264298,0.156875,0.373177,-0.343376,-0.111303,0.256983,0.356298,-0.190823,-0.0511825,-0.149454,-0.541119,0.516197,0.428991,0.359763,-0.215286,-0.244749,0.28446,-0.428563,0.112318,0.0112912,0.478271,-0.264805,-0.184225,0.141174,0.0886837,-0.496677,-0.0303579,0.433593,0.386654,0.111907,0.448372,-0.13312,0.34399,0.427818,0.239052,0.513903,-0.128358,0.431212,0.339301,-0.438808,-0.0153574,-0.207132,-0.332202,0.367505,0.382356,0.127773,-0.129449,0.321677,0.494493
-0.115843,0.429372,0.0559327,-0.0421364,0.0282739,0.105685,0.359134,-0.629471,0.0798329,0.471453,-0.391244,-0.283836,-0.422422,-0.431465,0.157749,0.190899,0.291991,0.458849,0.19264,-0.352981,-0.326202,0.131038,-0.438421,-0.201236,-0.100767,0.238171,0.0755837,-0.0186509,-0.336237,0.0885904,-0.41862,0.235864,0.32677,-0.227334,0.108333,-0.542857,0.036293,0.471647,0.194161,-0.0413407,0.0601094,-0.0986446,0.26188,-0.371901,-0.350066,-0.321075,0.117097,0.49675,0.194297,-0.0311621
-0.322455,0.171285,0.224347,0.379729,-0.0770733,0.39441,0.517499,-0.202172,0.538481,0.434679,0.310957,0.390644,0.085186,0.336213,0.277737,-0.135618,0.0966853,0.515656,-0.300112,-0.0226064,0.337759,-0.221679,0.425484,-0.237408,0.331546,-0.461107,-0.144585,-0.029103,-0.250467,-0.43856,0.313522,-0.240157,0.463212,-0.382728,-0.470551,-0.0225276,0.17511,-0.0102232,0.439695,0.196123,-0.479611,0.49365,-0.393585,0.0787849,-0.367894,0.358204,-0.382772,0.238608,0.132853,0.277211
0.223982,-0.0312135,0.00535298,-0.369711,-0.0317406,-0.3788,0.142919,-0.298292,-0.106961,0.0692764,0.163796,-0.382604,-0.0201567,0.0233393,0.311381,-0.270919,0.195687,-0.145772,0.440123,0.270545,-0.183964,0.389304,-0.140061,-0.27285,-0.00910433,-0.156996,0.187885,0.142408,0.50183,0.49493,-0.22068,0.240635,-0.355429,-0.256161,-0.439576,-0.114354,0.461192,0.316319,0.249207,-0.0830024,-0.311068,-0.175168,0.460074,-0.303925,-0.280941,-0.249236,-0.378408,0.250583,0.125303,0.380306
0.109163,0.414686,-0.393983,0.337265,0.192902,0.111369,-0.163281,-0.387903,0.160465,0.0900405,-0.432295,-0.381838,0.323639,0.298521,0.386522,0.0830959,-0.0262337,-0.347231,-0.0603016,0.0128506,0.485371,-0.0940929,0.38027,-0.158118,0.0863759,0.423978,-0.00538366,-0.201317,0.0159303,-0.236769,-0.152292,0.140702,-0.0407532,0.0918131,-0.440096,0.198876,0.100119,-0.0944388,0.245568,0.0107796,0.186977,-0.1868,-0.0759491,-0.0337808,0.476992,-0.362442,0.208962,0.221602,-0.173041,-0.20713
0.169722,0.00389753,-0.113211,-0.0336299,0.122475,0.322951,0.222732,0.107164,-0.0641625,-0.119497,-0.506189,0.0120311,-0.0347184,-0.345343,-0.390072,-0.079296,0.300513,-0.353821,-0.0816349,0.341571,-0.33035,0.54963,0.00124054,-0.0305673,-0.253409,0.0913119,0.125213,0.250434,-0.364759,-0.354024,-0.416613,-0.265123,0.207029,-0.0187328,0.185416,0.166949,-0.260433,-0.304987,0.170857,0.300247,-0.25449,0.389183,0.143558,-0.0343848,-0.352869,-0.28931,0.290835,0.425536,-0.229529,0.359101
0.1457,0.122662,0.220606,-0.20087,-0.355113,-0.329537,-0.348127,0.431723,0.218193,-0.00671374,-0.105054,0.423816,0.490811,0.459332,0.0174119,-0.109277,-0.653866,-0.235986,0.0790736,-0.356182,0.447157,-0.223545,0.187176,0.503525,0.224546,0.30397,-0.169728,-0.193032,-0.439608,0.143246,0.102253,-0.292793,0.430519,-0.139071,0.179847,0.0551261,-0.218104,-0.0384302,-0.114949,0.317648,-0.0810673,0.425774,-0.152703,0.197871,0.163085,0.339968,-0.203331,-0.365572,-0.177283,-0.37281
-0.05841,0.382963,-0.126429,0.0259822,0.151437,0.230647,0.284348,-0.409683,0.0848546,-0.309992,-0.149108,0.00879416,0.47729,-0.505081,0.209039,-0.10393,-0.0588829,-0.294212,0.0594927,-0.167166,-0.356158,-0.113878,0.0761606,0.241828,-0.299757,0.0855254,0.308318,0.476455,-0.21647,0.342574,0.383609,0.425428,0.382864,-0.486005,-0.438583,0.237649,-0.451286,0.321547,0.016005,0.610176,-0.458719,-0.0448254,-0.071904,-0.108162,-0.0518932,-0.0857673,0.320793,0.303309,-0.38484,-0.204786
-0.0981516,0.120295,-0.428891,0.32652,0.254097,-0.0182946,-0.0602304,0.489354,0.423516,0.283437,0.420314,-0.000331583,-0.30391,-0.0661728,0.243178,0.266405,0.230058,0.390386,0.137133,0.108196,0.0806448,-0.111034,-0.24703,0.452617,-0.111355,0.127228,0.206464,-0.249651,0.0324392,0.0722424,0.205538,0.417596,-0.418606,-0.183409,0.120006,-0.423797,-0.266969,-0.227525,-0.214125,-0.185589,0.298481,-0.499846,-0.425138,-0.215668,-0.0650985,0.0477981,-0.333526,-0.227763,0.171689,-0.0405286
-0.442507,0.481179,0.305069,-0.0349138,-0.346572,0.468724,-0.371274,0.134763,-0.27985,0.00253108,0.268743,-0.477479,0.24048,0.402787,-0.2129,-0.188488,0.447145,-0.0970039,-0.507949,-0.0791585,-0.215805,-0.252169,-0.108439,-0.38082,0.320854,0.305588,0.084407,-0.00114624,-0.282075,0.0302457,-0.255119,-0.176706,0.302227,0.0611398,0.239851,0.247262,-0.417316,0.36657,0.322805,0.0461998,0.466362,0.358702,0.262143,0.319315,0.161401,0.288154,0.0464044,-0.117612,0.436655,-0.175612
0.135078,-0.383222,0.214877,0.133001,0.110914,0.129972,0.111723,0.0188015,-0.188382,0.480121,-0.217201,-0.162987,-0.230575,-0.324811,0.265999,-0.197561,-0.284367,0.294954,-0.123168,0.150377,-0.184557,-0.336162,-0.0448361,0.329424,-0.532432,0.246767,0.38968,0.491483,0.155218,-0.451465,-0.302114,0.463309,-0.126579,-0.203854,0.0478325,-0.354938,0.333838,-0.388555,-0.398829,0.157776,0.00579292,0.361345,-0.436275,-0.288678,-0.140184,-0.440873,-0.0429076,0.422851,0.410908,0.217855
0.126199,0.26658,-0.122391,0.305189,0.0521366,0.0821975,-0.102871,0.228313,0.435495,-0.198807,0.075675,0.413437,0.248077,-0.512724,-0.142806,0.495992,-0.0231136,-0.272733,-0.44818,-0.00563349,-0.496324,-0.0966476,0.2093,0.139883,0.145955,-0.183517,-0.386967,0.511875,0.0773277,0.331665,-0.224312,-0.150792,-0.150255,-0.295831,0.366792,0.501591,0.273839,0.294401,0.276525,0.198218,-0.228723,0.414949,0.0422531,-0.221209,0.359875,-0.319546,-0.503288,-0.326763,-0.359231,-0.117712
-0.125879,0.511918,0.4066,-0.436472,0.559848,-0.393701,-0.416464,-0.113837,-0.392505,-0.389989,0.320885,0.16907,0.401661,0.0550041,0.143603,-0.329865,-0.0375197,-0.335594,0.299419,0.147556,-0.127564,-0.292511,0.451764,-0.157198,-0.411495,0.395712,-0.263386,-0.210582,-0.562956,0.310143,-0.111702,-0.376827,-0.0954322,0.162556,-0.140794,-0.263392,-0.0147067,0.324919,0.392699,0.292833,0.0927712,0.162934,-0.231917,0.344551,-0.391258,0.235149,0.0468465,0.345179,0.11956,-0.0373808
0.434247,-0.384295,-0.48849,0.243583,0.278715,0.36415,0.0636733,0.0487874,-0.0969892,0.310554,0.0293327,0.490705,0.348838,-0.190713,0.415509,0.350352,-0.139331,0.408119,0.243745,-0.456431,0.331626,-0.290813,0.107772,0.399205,0.238835,0.00738983,-0.0460882,-0.135689,-0.444436,-0.202794,0.362175,-0.0500092,-0.112392,-0.543209,-0.161681,-0.0758276,-0.40974,0.401063,-0.229231,-0.0883061,0.275868,0.514206,0.480006,0.266374,-0.469792,-0.237793,-0.2952,0.0114619,0.308188,0.248062
0.513513,0.453852,0.466183,0.0429716,0.37597,0.29805,0.177575,-0.19528,-0.0626103,-0.290182,0.288249,0.451146,-0.0402066,0.388425,-0.388768,-0.186163,0.031567,0.289903,0.00769601,0.408756,0.109116,-0.222529,-0.547643,0.0446827,0.251825,-0.307892,0.0924468,-0.171707,-0.466139,-0.0846036,-0.527887,0.0717856,0.0109099,0.340274,-0.275202,-0.0342284,-0.520805,0.172386,0.293877,0.422107,-0.0343645,0.336196,0.225168,0.484808,-0.296979,-0.4722,-0.355451,-0.153723,0.0968493,0.0269849
0.0208084,-0.00902072,-0.294854,0.289888,-0.380043,0.23131,-0.474329,-0.178119,0.431796,0.485522,-0.407998,-0.319811,-0.0216965,-0.192575,0.294587,0.112415,-0.350314,0.296383,0.173935,0.364543,-0.455654,-0.487372,0.381166,-0.220496,-0.198806,-0.527102,-0.19459,-0.261416,-0.276981,-0.072688,0.305754,0.34993,-0.220671,0.306255,-0.307741,-0.333417,0.0847456,0.369499,-0.0869904,0.357025,-0.0502524,0.183815,0.456978,0.0489866,-0.0124057,0.314195,-0.110262,-0.430366,0.0357873,0.0952809
0.0673217,-0.0204325,-0.234595,-0.0337169,0.246553,-0.166306,-0.0739557,0.389699,0.0418625,-0.464455,-0.470092,0.224727,0.129169,-0.120578,-0.103937,-0.393708,-0.0211193,-0.395036,-0.411336,0.504507,0.41265,-0.42635,-0.29116,0.581836,0.379688,0.270534,0.429057,0.131224,0.411215,-0.462538,0.223185,-0.31615,0.219801,-0.281959,0.322657,0.0819191,0.0371722,-0.358514,-0.136106,-0.418587,-0.451251,0.313118,-0.189457,-0.152219,-0.230357,-0.501207,-0.271431,-0.187715,0.458981,-0.404535
0.207283,-0.53546,-0.251873,0.0518481,-0.498536,-0.291155,-0.510143,0.403163,-0.373552,-0.0016856,-0.0137881,-0.130178,-0.328128,-0.05037,-0.509851,-0.38433,-0.152704,0.11084,-0.255618,-0.204612,0.0882188,0.139372,0.241138,-0.302922,-0.329355,0.257547,0.231639,0.232507,0.0691012,0.0732264,-0.0404751,0.371243,0.352078,0.469637,-0.299673,0.388272,-0.143548,0.105183,-0.362184,-0.00903368,-0.455818,-0.279756,0.472674,0.102728,-0.479831,0.183164,0.393046,-0.162345,-0.2058,-0.0602122
0.125183,-0.0243058,-0.169755,-0.27533,0.467859,-0.400038,-0.45255,-0.15656,-0.0614996,0.473712,-0.296268,-0.0544599,0.526952,0.020998,0.497576,-0.310118,0.40689,-0.427963,0.248148,-0.0278782,0.521683,-0.111019,0.300765,0.376619,-0.297565,0.278915,0.206835,0.184242,0.432615,-0.323709,-0.289347,-0.0956539,0.611082,0.374355,-0.444244,0.351357,0.242007,-0.224764,-0.0330296,-0.358338,0.486329,0.406534,-0.012519,-0.0858636,-0.0900748,-0.294566,-0.126742,-0.38024,0.0841983,0.437432
-0.271342,-0.193206,-0.0869315,-0.129595,0.455713,-0.290892,0.17457,0.108267,-0.328178,0.430414,0.050151,0.0163672,0.263069,0.156317,-0.121529,-0.394816,0.312079,0.0351647,-0.372538,0.192594,0.032573,-0.188271,0.28582,-0.357245,-0.233898,-0.441573,0.388766,-0.200131,-0.430988,-0.516163,-0.472088,-0.212124,0.35708,0.132491,0.050063,-0.437068,-0.262407,-0.467795,0.335601,0.398752,0.258899,-0.010433,0.427513,-0.0695977,0.212304,-0.0997565,-0.0733592,-0.282019,-0.0248352,0.402788
-0.37604,-0.431235,0.0709663,-0.417035,-0.218261,-0.248328,-0.120239,0.381002,0.0613765,-0.394278,-0.0422613,-0.0666085,-0.195876,0.193053,0.328955,0.199653,0.390169,0.294976,0.432309,-0.188456,0.223793,-0.47313,-0.173271,0.212978,0.449473,0.386494,-0.102757,-0.534504,0.118679,-0.158959,-0.362062,-0.313609,-0.0689285,-0.0151408,0.0481805,-0.185199,0.346627,0.287627,0.236332,-0.42007,-0.0426837,-0.0627275,0.124693,-0.143325,-0.479676,-0.0190886,-0.472402,-0.229692,0.369996,0.0109722
0.0312397,0.105623,-0.125769,0.340155,-0.524314,-0.453147,0.238428,-0.54416,-0.374216,-0.333604,-0.592409,0.278111,-0.302211,-0.335958,-0.252157,-0.389492,-0.323373,-0.00585743,-0.297762,-0.184374,0.394907,0.371853,0.129121,-0.0054153,-0.0514982,-0.256452,-0.295896,-0.461572,-0.260386,0.333537,-0.295639,0.284263,0.370019,-0.537876,-0.18192,0.279317,0.128653,-0.165261,-0.393152,-0.00443878,-0.0329977,-0.491467,-0.345395,-0.244131,0.516957,0.459694,-0.236801,-0.0487392,0.024726,0.348341
